:020000040800F2
:1000000088710024A5030008DD920008918800088B
:10001000BD910008DF070008C1AF00080000000024
:10002000000000000000000000000000E5020008E1
:10003000411E000800000000410300084B9C00081E
:10004000C3030008C3030008C3030008C303000878
:10005000C3030008C3030008C3030008C303000868
:10006000C3030008C3030008C3030008C303000858
:10007000C3030008FD1100080D120008C3030008A7
:10008000C3030008C3030008C30300086D1E000873
:100090007D1E0008C3030008C3030008C303000853
:1000A000C3030008C3030008C3030008C303000818
:1000B000C3030008C3030008259E0008C30300080B
:1000C000C3030008C3030008C3030008C3030008F8
:1000D000C3030008C3030008C3030008C3030008E8
:1000E000C3030008C303000800000000C3030008A6
:1000F000759E0008C3030008C3030008C30300087B
:10010000C3030008C30300084D9E0008C303000892
:10011000C303000875A30008C3030008C303000855
:10012000C3030008C3030008C3030008C303000897
:10013000C3030008C3030008C3030008C303000887
:1001400000000000000000000000000000000000AF
:10015000C3030008C3030008C3030008C303000867
:10016000C3030008C3030008C3030008C303000857
:10017000C3030008C3030008C30300080000000015
:10018000C3030008C3030008A9A30008B9A300081B
:10019000C3030008C3030008C3030008C303000827
:1001A000C3030008C3030008C303000800000000E5
:1001B000C3030008C3030008C3030008C303000807
:1001C000C3030008C3030008000000000000000093
:1001D0000000000000000000C30300080000000051
:1001E000000000000000000000000000000000000F
:1001F0000000000000000000C3030008C303000863
:10020000C3030008C303000800000000C303000884
:10021000C3030008C3030008C3030008C3030008A6
:10022000C303000800000000C30300080000000032
:10023000C3030008C303000800000000C303000854
:10024000C3030008C3030008C3030008C303000876
:10025000C3030008C3030008C3030008C303000866
:10026000C3030008C3030008C3030008C303000856
:10027000C3030008C3030008C30300080000000014
:10028000C3030008C3030008C3030008C303000836
:1002900000000000C3030008C303000800000000C2
:1002A00000000000C3030008C3030008C3030008E4
:1002B000C3030008C3030008C30300088D1E000821
:1002C000C3030008C3030008C3030008DFF810D00D
:1002D00000F036F90048004749BF0008AFF300803E
:1002E000887100242C4B19680868B0E8F04F80F33F
:1002F0000988BFF36F8F4FF0000080F311887047BB
:100300000000000008480068006880F308884FF08B
:10031000000080F3148862B661B6BFF34F8FBFF35D
:100320006F8F00DF00BF00BF08ED00E0DFF80C00BA
:10033000016841F470010160704700BF88ED00E082
:10034000EFF30980BFF36F8F134B1A681EF0100F85
:1003500008BF20ED108A20E9F04F106009B44FF07B
:10036000500080F31188BFF34F8FBFF36F8F0DF0F4
:1003700077F94FF0000080F3118809BC196808680C
:10038000B0E8F04F1EF0100F08BFB0EC108A80F3F9
:100390000988BFF36F8F704724000024EFF30580B6
:1003A00070470000074880470748804707480047D4
:1003B000FEE7FEE7FEE7FEE7FEE7FEE7FEE7FEE715
:1003C000FEE7FEE7491E0008199D0008CD0200085F
:1003D0002DE9F05F0546002092469B46884606467A
:1003E000814640241BE0284641464746224600F00D
:1003F00053F853465A46C01A914110D31146184635
:10040000224600F03AF82D1A67EB01084F462246C3
:100410000120002100F031F817EB00094E41201EA9
:10042000A4F10104DFDC484631462A464346BDE8D4
:10043000F09F40EA01039B0703D009E008C9121F9F
:1004400008C0042AFAD203E011F8013B00F8013B8E
:10045000521EF9D27047D2B201E000F8012B491EBA
:10046000FBD270470022F6E710B513460A46044651
:100470001946FFF7F0FF204610BD202A04DB203A82
:1004800000FA02F1002070479140C2F1200320FAE7
:1004900003F3194390407047202A04DB203A21FAE5
:1004A00002F00021704721FA02F3D040C2F120028D
:1004B00091400843194670472DE9FE4FC3F30A5790
:1004C00001F000450024C1F30A56C3F31303C1F33E
:1004D000130143F4801312EB020AA64641F4801183
:1004E000009543EB030CA7F1010B16E0B0EB0A00FB
:1004F00061EB0C01071E71F1000707DA4FF00008ED
:10050000D0EB080085F0004568EB0101171A73EB8A
:100510000107EBD3761E001849415E45F6DA50EA32
:10052000010209D0CDE900E500221346029600F051
:1005300028F803B0BDE8F08F20460099F9E70000E5
:10054000064C074D06E0E06840F0010394E8070020
:1005500098471034AC42F6D3FFF7BCFE9CE5000888
:10056000BCE5000810B5141E73F1000408DA401C45
:1005700041F1000192185B411A4301D120F00100C2
:1005800010BD2DE9F04D92469B4611B1B1FA81F2B2
:1005900002E0B0FA80F220329046FFF76EFF044688
:1005A0000F4640EA0A0041EA0B0153465A46084307
:1005B00013D0114653EA010019D0C8F14002504649
:1005C000FFF76AFF05460E46504659464246FFF77A
:1005D00054FF084305D0012004E020463946BDE819
:1005E000F08D0020054346EAE0762C4337430A9815
:1005F0006305E40AA0EB08000022FD0A44EA475420
:100600000A3002D500200146E9E7010510196941C9
:10061000DDE9084500196941BDE8F04DA2E770B574
:100620008C1810F8015B15F0070301D110F8013B9D
:100630002A1106D110F8012B03E010F8016B01F824
:10064000016B5B1EF9D12B0705D40023521E0DD47C
:1006500001F8013BFAE710F8013BCB1A921C03E0CA
:1006600013F8015B01F8015B521EF9D5A142D8D302
:10067000002070BD00B599B00020119012900220AA
:1006800013900120149000201590169011A93A485B
:1006900003F037FD08B101F0D4FB0020034602222D
:1006A00011460090344803F080FD08B101F0C9FB09
:1006B00000220121304803F087FC08B101F0C1FBA2
:1006C0002D4804F0AEFB08B101F0BBFB00200990FF
:1006D0000A9002200B9001200C9000200D900E90AB
:1006E00009A9264803F00DFD08B101F0AAFB00207E
:1006F0000346022211460090204803F056FD08B13F
:1007000001F09FFB002201211C4803F05DFC08B1B1
:1007100001F097FB194804F084FB08B101F091FB4C
:1007200000200190029002200390012004900020FC
:100730000590069001A9124803F0E3FC08B101F00E
:1007400080FB002003460222114600900C4803F073
:100750002CFD08B101F075FB00220121084803F0CF
:1007600033FC08B101F06DFB054804F05AFB08B1F9
:1007700001F067FB19B000BD04020024A4020024AC
:100780004403002410B50820094909680862084894
:100790000068406A40220749054807F0FDFE04480A
:1007A0000068006840F0100001490968086010BD49
:1007B000C804002428660024002141600121417002
:1007C000704701464878704701214170002141601F
:1007D000704702214170704701214170704700BF8E
:1007E000FEE7000010B504460020F8490870F848FC
:1007F000C07C012822D19FEDF70AF74880ED000A5E
:100800009FEDF60A80ED010A9FEDF20A80ED020AE3
:100810009FEDF20A80ED030A9FEDF10AF14880EDA9
:10082000000A9FEDEF0A80ED010A9FEDED0A80EDD1
:10083000020A9FEDEB0A80ED030AE3E2E44890F937
:10084000170010F1080F2BDDE14890F91700082878
:1008500026DADF4890F9160010F1080F20DDDC4899
:1008600090F9160008281BDAD94890F9150010F104
:10087000080F15DDD64890F91500082810DA9FED0D
:10088000D80A84ED180A9FEDD60A84ED190A9FED67
:10089000D40A84ED1A0A9FEDD20A84ED1B0AB1E254
:1008A000CB49087DDFEDD00A9FEDCD0AC82200219B
:1008B0000CF09EFBCD4880ED000AC54991F9170068
:1008C000B7EE001ADFEDC60ABFEE000A642300226D
:1008D00059420CF0F1FAC64880ED000ABC4991F982
:1008E0001600B7EE001ADFEDBE0ABFEE000A642361
:1008F000002259420CF0E0FABE4880ED000AB449EB
:1009000091F915009FEDBC1ADFEDB50A9FEDBB0A0A
:100910006423002259420CF0CFFAB1EE400AB848E5
:1009200080ED000AAA48807C01280DD1B04890EDE6
:10093000000AB1EE400A80ED000AAE4890ED000AD0
:10094000B1EE400A80ED000AA84890ED000A84ED5F
:10095000170AA74890ED000A84ED140AA54890ED07
:10096000000A84ED150AA64890ED000A84ED160AE7
:100970009F4890ED001AA248D0ED001A9FEDA12AE1
:1009800001EEC21AF0EE410A9A4890ED001A9C4816
:10099000D0ED001A9FED9B2A01EE821AB0EE410ABB
:1009A0000AF094FB984880ED000A914890ED001AF7
:1009B0009348D0ED001A9FED932A01EEC21AF0EE93
:1009C000410A8C4890ED001A8D48D0ED001A9FED39
:1009D0008F2A01EE821AB0EE410A0AF077FB8A48AC
:1009E00080ED010A824890ED001A8548D0ED001A8A
:1009F0009FED862A01EEC21AF0EE410A7D4890ED85
:100A0000001A7F48D0ED001A9FED802A01EE821A6D
:100A1000B0EE410A0AF05AFB7B4880ED020A7448A6
:100A200090ED001A7648D0ED001A9FED782A01EE7D
:100A3000C21AF0EE410A6F4890ED001A7048D0EDEE
:100A4000001A9FED702A01EE821AB0EE410A0AF0F8
:100A50003DFB6D4880ED030A6548D0ED000A68480B
:100A600090ED001ADFED671A41EE610A60EEA00A10
:100A7000604890ED001A6248D0ED001A9FED612A9F
:100A800001EE821A5B48D0ED001A5D4890ED002A15
:100A9000DFED5C2A42EE221A41EE210AB0EE600A36
:100AA0000AF0ECFCB1EE400ADFED590A80EE201AA4
:100AB000584880ED001A4E48D0ED000A504890ED9D
:100AC000001ADFED501A41EE610A60EEA01A4948A3
:100AD00090ED001A4A48D0ED000A9FED4C2A00EE36
:100AE000821A4448D0ED000A454890ED002ADFED17
:100AF000472A42EE220A41EE201AB0EE610A0AF0BD
:100B0000BDFCB1EE400ADFED420A80EE201A4148FA
:100B100080ED011A3648D0ED000A394890ED001AF0
:100B2000DFED3A1A41EE610A60EEA00A314890ED1D
:100B3000001A3348D0ED001A9FED342A01EE821AD4
:100B40002C48D0ED001A2E4890ED002ADFED2F2A18
:100B500042EE221A41EE210AB0EE600A0AF08EFC43
:100B6000DFED2B0A80EE201A2A4880ED021A204879
:100B7000D0ED000A224890ED001ADFED241A41EE74
:100B8000610A60EEA01A1B48D0ED000A1C4890EDE7
:100B9000001A9FED1C2A41EE020A164890ED001A39
:100BA000174890ED002ADFED172A02EE221A40EED8
:100BB000811AB0EE610A0AF061FCDFED150A80EEE1
:100BC000201A144880ED031A002018E1C400002404
:100BD00066010024C3F548BFEC5B0024C3F5483F21
:100BE00000000000BC5B002400002042C80000247C
:100BF000CC000024D00000246666E63F6666E6BFAF
:100C0000D400002439B4C83EAC5B002439B4C8BE5B
:100C100068916D3DDC5B00247B4901EB800191ED27
:100C2000000A7A4901EB8001D1ED000A30EE600A3A
:100C3000774901EB800181ED000A0DE0744901EB79
:100C4000800191ED000ADFED730A30EE200A704951
:100C500001EB800181ED000A6D4901EB800191ED0E
:100C6000000ADFED6D0AB4EEE00AF1EE10FAE5D30A
:100C70000DE0674901EB800191ED000ADFED650AA7
:100C800030EE600A624901EB800181ED000A6049A3
:100C900001EB800191ED000ADFED600AB4EEE00A9D
:100CA000F1EE10FAE5DC5A4901EB800191ED000A02
:100CB000DFED5B0AB4EEE00AF1EE10FA21DD5349F4
:100CC00001EB800191ED000A514901EB8001D1ED6A
:100CD000000A30EE200ADFED510A30EE600A514979
:100CE00001EB800181ED000A4F4901EB800191ED9C
:100CF000000AB1EE400A4C4901EB800181ED000A87
:100D000056E0434901EB800191ED000ADFED470A0F
:100D1000B4EEE00AF1EE10FA21D23C4901EB800179
:100D200091ED000A3A4901EB8001D1ED000A30EE65
:100D3000200ADFED3A0A30EE200A3A4901EB800141
:100D400081ED000A384901EB800191ED000AB1EE16
:100D5000400A354901EB800181ED000A28E02C4969
:100D600001EB800191ED000ADFED300AB4EEE00AFC
:100D7000F1EE10FA1CDB264901EB800191ED000A2F
:100D8000DFED270AB4EEE00AF1EE10FA10D81F49A1
:100D900001EB800191ED000A1D4901EB8001D1EDCD
:100DA000000A30EE200A1F4901EB800181ED000AA4
:100DB0001C4901EB800191ED000A144901EB80010F
:100DC00081ED000A174901EB800191ED000AB1EEB7
:100DD000400A144901EB800181ED000A124901EB40
:100DE000800191ED000A1249D1ED000A20EE200A9F
:100DF00004F1600101EB800181ED000A401C042830
:100E0000FFF60AAF10BD0000AC5B0024BC5B002401
:100E1000CC5B0024DA0FC940DA0F49C0DA0F494031
:100E2000DA0FC93FEC5B0024DC5B0024DA0FC9BF9A
:100E3000C80000241FB50021534808F091FE524815
:100E40008168884702200421504B1022CDE9001010
:100E500001214F4800F008FE022004214B4B1022D4
:100E6000CDE9001001464B4800F0FEFD02200421B0
:100E7000464B1022CDE900100321474800F0F4FD55
:100E800002200421414B1022CDE90010434800F01C
:100E9000EBFD434801210022CDE90012414B40F215
:100EA0000122CDE9021049023F4800F01DF93F48F8
:100EB00001210022CDE900123A4B40F20222CDE995
:100EC000021049023A4800F00FF93A480121002285
:100ED000CDE90012334B40F20322CDE90210490262
:100EE000354800F001F9354801210022CDE9001212
:100EF0002C4B4FF40172CDE902104902304800F04A
:100F0000F3F821482249426C90471F482149426C1E
:100F100090471D482049426C90471B481F49426C2E
:100F2000904719482049426C904717482049426C25
:100F3000904715482049426C904713482049426C1D
:100F4000904713480021D0F8F82090470A2003F07A
:100F500027F810480021D0F8F82090470A2003F025
:100F60001FF80D480021D0F8F82090470A2003F020
:100F700017F80A480021D0F8F82090471148024994
:100F80000867114888671FBDA05000240402002490
:100F90001C510024245200242C53002434540024D7
:100FA000D8000024A40200243C550024F0000024B2
:100FB000D85600240801002474580024200100247D
:100FC000105A0024E50700085DBA00082DE9F04139
:100FD0000446002500260020186000BF23E004F12D
:100FE00018073F5C012F08D1471CAC4605F10108EA
:100FF00008F0FF0541F82C7014E004F118073F5C7D
:10100000022F08D1471CB44606F1010808F0FF067C
:1010100042F82C7006E004F118073F5C032F01D161
:10102000471C1F60401C0C28D9DBBDE8F0814A78C2
:101030000B7842EA0322A0F86C21B0F86C21A0F8EA
:1010400070217047027F5AB1012A05D0022A02D0CE
:10105000052A46D100BF00BF8A7980F86A2100BF07
:1010600000F5B270028942814A780B7842EA032285
:101070000281CA788B7842EA032212B202804A794E
:101080000B7942EA032212B26FF0040392FBF3F2EF
:1010900012B2428002894389A0F5B270D21AB2F529
:1010A000805F05DDD0F87421521EC0F874210CE079
:1010B000B0F86C21B0F86E31D21A12F5805F04DA04
:1010C000D0F87421521CC0F87421B0F86C31D0F8FB
:1010D000742103EB4232B0F87031D21AC0F8782193
:1010E00000E000BF00BF70472DE9F84F04468B4673
:1010F00015461E460AAF97E88007E9B23B463246DE
:101100002046CDF8008008F05BF804F5B07424F8B0
:10111000A05C1B4860631B48A0631B482063002041
:10112000A080E0802081A072A081E08120826061A7
:10113000A06120772085E062A4F5B074002104F559
:10114000BF70C4F87E11C4F88211A4F88611607FC4
:1011500058B1012802D002280FD10DE0524649466D
:1011600004F58A7008F0EEF807E05246494604F1AB
:10117000C40008F0E7F800E000BF00BFBDE8F88F4A
:10118000451000082F100008499200082DE9F0438F
:101190008BB081460E4614461D46DDE91278029654
:1011A00000200390049008200590002006900790EE
:1011B000089009900A90200A8DF80000E0B28DF89E
:1011C0000100280A8DF80200E8B28DF80300380A01
:1011D0008DF80400F8B28DF805004FEA18208DF85C
:1011E000060008F0FF008DF807006A4602A948468D
:1011F00002F03EFF0BB0BDE8F083000010B50248DE
:1012000001F0D8FC10BD00008406002410B502488F
:1012100001F0D0FC10BD0000FC0600240146374A56
:101220000868904249D0354A18320868904244D044
:10123000324A3032086890423FD0304A483208681B
:1012400090423AD02D4A60320868904235D02B4AFD
:1012500078320868904230D0284A9032086890422C
:101260002BD0264AA8320868904226D0244A086823
:10127000904222D0224A1832086890421DD0204A5B
:1012800030320868904218D01D4A483208689042AF
:1012900013D01B4A6032086890420ED0184A783248
:1012A0000868904209D0164A90320868904204D0EB
:1012B000134AA8320868904201D1012000E00020C2
:1012C000B0B10A78103A1823B2FBF3F000F007022D
:1012D0000C4B9A5CCA65032805D90A686FF30902AA
:1012E000121D8A6503E00A686FF309028A6503E04C
:1012F000086820F0FF008865886D70471000024084
:1013000010040240D4E4000810B502682B4C0368B6
:10131000A34222D0294C14340368A3421DD0274C89
:1013200028340368A34218D0244C3C340368A342F9
:1013300013D0224C50340368A3420ED01F4C6434A7
:101340000368A34209D01D4C78340368A34204D03B
:101350001A4C8C340368A34201D1012300E000231E
:101360008BB10378083B1424B3FBF4F1144B03EB6B
:1013700081030366124B8033436601F01F0401238F
:10138000A340836618E00378103B1824B3FBF4F104
:101390000C4B9A4204D80B4BA83B9A4200D308311D
:1013A000094B03EB81030366074B8033436601F06F
:1013B0001F040123A340836610BD00000854025897
:1013C00000580258B8040240000802400179A9B34D
:1013D000082940D8204B02689A4222D01E4B143371
:1013E00002689A421DD01C4B283302689A4218D0DA
:1013F000194B3C3302689A4213D0174B50330268A2
:101400009A420ED0144B643302689A4209D0124BB0
:10141000783302689A4204D00F4B8C3302689A42A8
:1014200001D1012200E000224AB14A1E0B4B03EB1E
:101430008202C266094A4032026708E00BE04A1E97
:10144000074B03EB8202C266054A403202674A1E1E
:1014500001239340436770470854025800590258CB
:1014600000090240014600208A69D2B98A6A32B175
:10147000012A0DD0022A03D0032A10D10EE000BFAA
:10148000CA6A02F08072B2F1807F00D1012007E0C9
:10149000CA6AB2F1C07F00D1012001E000E000BFC4
:1014A00036E08A69B2F5005F1BD18A6A32B1012A3F
:1014B00007D0022A03D0032A11D10AE000BF01207D
:1014C0000EE0CA6A02F08072B2F1807F00D1012082
:1014D00006E0CA6AB2F1C07F00D1012000E000BF7F
:1014E00016E08A6A32B1012A05D0022A04D0032A02
:1014F0000CD103E000BF00BF012008E0CA6A02F07F
:101500008072B2F1807F00D1012000E000BF00BFF7
:1015100070470000F0B5856D846D984F0668BE4237
:1015200070D0964F18370668BE426BD0934F303755
:101530000668BE4266D0914F48370668BE4261D009
:101540008E4F60370668BE425CD08C4F7837066895
:10155000BE4257D0894F90370668BE4252D0874F5F
:10156000A8370668BE424DD0854F0668BE4249D0B6
:10157000834F18370668BE4244D0814F3037066823
:10158000BE423FD07E4F48370668BE423AD07C4FBD
:1015900060370668BE4235D0794F78370668BE425C
:1015A00030D0774F90370668BE422BD0744FA837A3
:1015B0000668BE4226D0734F0668BE4222D0714FE5
:1015C00014370668BE421DD06E4F28370668BE42EB
:1015D00018D06C4F3C370668BE4213D0694F503765
:1015E0000668BE420ED0674F64370668BE4209D017
:1015F000644F78370668BE4204D0624F8C37066865
:10160000BE4201D1012600E000263EB1D0E91976A4
:101610007E60C66E16B1D0E91C767E60574F0668B4
:10162000BE4249D0554F18370668BE4244D0534F8A
:1016300030370668BE423FD0504F48370668BE423A
:101640003AD04E4F60370668BE4235D04B4F7837A0
:101650000668BE4230D0494F90370668BE422BD054
:10166000464FA8370668BE4226D0454F0668BE42A0
:1016700022D0434F18370668BE421DD0404F303746
:101680000668BE4218D03E4F48370668BE4213D0A7
:101690003B4F60370668BE420ED0394F7837066838
:1016A000BE4209D0364F90370668BE4204D0344F50
:1016B000A8370668BE4201D1012600E00026DEB14F
:1016C00090F85C6006F01F073F26BE40AE600668DB
:1016D000366826F4802607683E6006687360866870
:1016E000402E04D10668B2600668F16044E00668E6
:1016F000B1600668F2603FE0224F0668BE4222D029
:10170000204F14370668BE421DD01E4F283706688A
:10171000BE4218D01B4F3C370668BE4213D0194F4B
:1017200050370668BE420ED0164F64370668BE4278
:1017300009D0144F78370668BE4204D0114F8C3759
:101740000668BE4201D1012600E00026A6B190F84D
:101750005C6006F01F070126BE4066600668736085
:101760008668402E04D10668B2600668F16003E026
:101770000668B1600668F260F0BD0000100002402B
:10178000100402400854025830B58BB004460D4690
:10179000A07F029000200390049008200590002074
:1017A00006900790089009900A90FF208DF800009D
:1017B0008DF801008DF802008DF803008DF804000B
:1017C0008DF805008DF8060035B1012D0BD0022DE6
:1017D00010D0032D16D111E0FC208DF80700012058
:1017E00084F8C4000FE0FD208DF80700002084F885
:1017F000C40008E0FE208DF8070004E0FB208DF80F
:10180000070000E000BF00BF6A4602A904F1200003
:1018100002F02EFC0BB030BD2DE9F0412DED048B14
:1018200004460D46A878697840EA0126E878000168
:10183000297940EA21176879297901F00F0140EAF6
:101840000128B2EE090AB0EE408AB3EE0E0AF0EEBD
:10185000408AB2EE040AB0EE409A207F001F0828AA
:1018600053D2DFE800F0115252041E2B3845B2EE7D
:10187000090AB0EE408AB3EE0E0AF0EE408AB2EEEC
:10188000040AB0EE409A41E09FED6E0AB0EE408A45
:101890009FED6D0AF0EE408AB2EE040AB0EE409A77
:1018A00034E09FED690AB0EE408AB3EE0E0AF0EE26
:1018B000408AB2EE040AB0EE409A27E09FED630A38
:1018C000B0EE408AB3EE0E0AF0EE408AB2EE040AA1
:1018D000B0EE409A1AE0B2EE090AB0EE408AB3EEDA
:1018E0000E0AF0EE408AB2EE0E0AB0EE409A0DE01B
:1018F000B3EE090AB0EE408AB3EE0E0AF0EE408A6B
:10190000B2EE0E0AB0EE409A00E000BF00BF2878A9
:10191000001104F8C40F94ED010A84ED020A1021AD
:10192000F0EE480AB1EE480A30460BF017FC84EDA1
:10193000010A0C21F0EE680AB1EE680A38460BF095
:101940000DFC84ED040A0C21F0EE490AB1EE490ABF
:1019500040460BF003FC84ED050AA87900EE100A5E
:10196000B8EE400ABCEEC00A10EE100A2076E87904
:1019700000EE100AB8EE400ABCEEC00A10EE100AE3
:10198000607694ED010AD4ED020AC43C30EE600AA0
:10199000DFED2F0AB4EEE00AF1EE10FA05DDD4F81F
:1019A000E000001FC4F8E00011E094ED320AD4ED2D
:1019B000330A30EE600ADFED270AB4EEE00AF1EEFA
:1019C00010FA04D2D4F8E000001DC4F8E00094ED51
:1019D000321AB7EEC11AB0EE410B9FED1F1B09F092
:1019E000CFFCB7EEC00B84ED340A94ED340ADFED82
:1019F0001C0AB4EEE00AF1EE10FA08DD94ED340AA8
:101A0000DFED130A30EE600A84ED340A10E094ED45
:101A1000340ADFED140AB4EEE00AF1EE10FA07D250
:101A200094ED340ADFED0A0A30EE200A84ED340A20
:101A300094F8C40010B9012084F8C400BDEC048BF4
:101A4000BDE8F081CDCC16420000344200008C424B
:101A5000D00FC940D00FC9C000000000FA211940C2
:101A6000D00F4940D00F49C02DE9F84304460D4638
:101A700016461F46DDE90889E9B243463A46204644
:101A8000CDF8009007F09CFBC43466700F4860638B
:101A90000F48E0630F4820640F48A0639FED0F0AD2
:101AA00084ED010A9FED0D0A84ED020A9FED0B0AF9
:101AB00084ED030A9FED090A84ED040A9FED070AED
:101AC00084ED050AC43CBDE8F883000089170008CE
:101AD000E11A0008D91D00081918000800000000CC
:101AE0002DE9F0432DED068B8BB00546B0EE40AAF4
:101AF000B0EE608AF0EE418AB0EE619AF0EE429A62
:101B0000A87F0290002003900490082005900020F8
:101B100006900790089009900A90287F001F0828D7
:101B200066D2DFE800F0056504152535455500BF90
:101B30009FEDA10AA14880ED000A9FEDA10AA148EE
:101B400080ED000AB2EE040A9F4880ED000A50E0E2
:101B5000B2EE090A994880ED000AB3EE0E0A9948E0
:101B600080ED000AB2EE040A974880ED000A40E0DA
:101B70009FED930A914880ED000AB3EE0E0A91485A
:101B800080ED000AB2EE040A8F4880ED000A30E0D2
:101B90009FED8E0A894880ED000AB3EE0E0A89484F
:101BA00080ED000AB2EE040A874880ED000A20E0CA
:101BB000B2EE090A814880ED000AB3EE0E0A8148B0
:101BC00080ED000AB2EE0E0A7F4880ED000A10E0B8
:101BD000B3EE090A794880ED000AB3EE0E0A79489F
:101BE00080ED000AB2EE0E0A774880ED000A00E0B0
:101BF00000BF00BF687FE8B3012802D0022838D1B7
:101C00006FE010206D4991ED001A91ED000AF1EEA0
:101C1000400AB0EE4A0A0AF07DF906460C206949EE
:101C200091ED001A91ED000AF1EE400AB0EE480A7B
:101C30000AF070F907460C209FED651ADFED640A83
:101C4000B0EE690A0AF066F980460C209FED611A31
:101C5000DFED5F0AB0EE680A0AF05CF981460C20FD
:101C6000B1EE041ADFED5A0AB0EE490A0AF052F951
:101C7000044672E0FFE710209FED551ADFED540A8D
:101C80009FED530A0AF046F906460C204D4991EDA6
:101C9000001A91ED000AF1EE400AB0EE480A0AF08F
:101CA00039F907460C209FED4A1ADFED490A9FEDEE
:101CB000480A0AF02FF980460C209FED451ADFED07
:101CC000440A9FED430A0AF025F981460C20B1EE43
:101CD000041ADFED3F0AB0EE490A0AF01BF9044688
:101CE0003BE01020354991ED001A91ED000AF1EE2C
:101CF000400AB0EE4A0A0AF00DF906460C203149B6
:101D000091ED001A91ED000AF1EE400AB0EE480A9A
:101D10000AF000F907460C202B4991ED001A91EDCD
:101D2000000AF1EE400AB0EE690A0AF0F3F88046C4
:101D30000C209FED281ADFED260AB0EE680A0AF0A3
:101D4000E9F881460C20B1EE041ADFED210AB0EE6D
:101D5000490A0AF0DFF8044600BF00BF30128DF8D0
:101D60000000F0B28DF80100C7F307108DF80200F3
:101D70003807000E40EA29208DF8030009F0FF0023
:101D80008DF80400C4F307108DF805002007000E3D
:101D900040EA28208DF8060008F0FF008DF80700C3
:101DA0006A4602A905F1200002F062F90BB0BDEC11
:101DB000068BBDE8F0830000CDCC1642B8000024AD
:101DC00000003442BC000024C000002400008C420B
:101DD000000000000000FA4371B52DED020B8BB03E
:101DE00006460BAC0CADB07F02900020039004902F
:101DF00008200590002006900790089009900A900E
:101E000020788DF8000060788DF80100A0788DF8BA
:101E10000200E0788DF8030028788DF804006878D7
:101E20008DF80500A8788DF80600E8788DF8070091
:101E30006A4602A906F1200002F01AF90EB070BD40
:101E4000704772B600BFFEE70748006840F0020026
:101E50000549086000BF04480838006800F40050D5
:101E60000028F8D0704700000C48025810B502480E
:101E700002F0B4FA10BD00000402002410B50248BC
:101E800002F0ACFA10BD0000A402002410B5024814
:101E900002F0A4FA10BD00004403002410B501466E
:101EA0004A6B0868D0F884004FF6FC74A04340EAFF
:101EB00082000C68C4F884000868D0F8840020F41C
:101EC0007F04088F44EA00400C68C4F88400886BE3
:101ED00002440868D0F888004FF6FC74A04340EA3A
:101EE00082000C68C4F888000868D0F8880020F4E4
:101EF000FE04888F44EA00400C68C4F88800C86B70
:101F000002EB40020868D0F8A0004FF6FC74A04332
:101F100040EA82000C68C4F8A0000868D0F8A0006D
:101F200020F4FE044020405A44EA00400C68C4F803
:101F3000A000D1E9104004FB00220868D0F8B000EE
:101F40004FF6FC74A04340EA82000C68C4F8B0006D
:101F50000868D0F8B00020F4FE04B1F8480044EA64
:101F600000400C68C4F8B000D1E9124004FB002224
:101F70000868D0F8AC004FF6FC74A04340EA820039
:101F80000C68C4F8AC00D1E9144004FB00220868D6
:101F9000D0F8F0004FF6FC74A04340EA82000C68D1
:101FA000C4F8F0000868D0F8F00020F47C14B1F810
:101FB000580044EA00400C68C4F8F000886D02EB59
:101FC00040020868D0F8C0004FF6FC74A04340EA15
:101FD00082000C68C4F8C0000868D0F8C00020F483
:101FE0007C14B1F85C0044EA00400C68C4F8C000FE
:101FF0000868D0F8C00020F07C5491F8600044EAF2
:1020000000600C68C4F8C0002A4C486B04EB8000E8
:10201000C866CC6E886B04EB80040C670C6FC86BD1
:1020200004EBC0044C67D1E9100460434C6F04EB2F
:1020300080048C67D1E9120460438C6F04EB800448
:10204000CC67D1E914046043CC6F04EB800480209A
:1020500044504458886D04EBC004842044508C6E76
:10206000C86D60438424645804EB80048820445085
:102070008C6E086E60438824645804EB80049020C2
:10208000445040580C4CA04209D99831486840F05F
:1020900020004860032001F89809012010BDCB6E94
:1020A00002E0002018601B1D902040589842F8D88C
:1020B0000020F3E700AC0040FCD300402DE9F041E4
:1020C000054614461E46D1F804C0BCF1000F0AD1E3
:1020D000D1F810C0D1F808804CEA080CB1F80080A3
:1020E0004CEA88430BE0D1F810C04CF0804CD1F89A
:1020F00008804CEA080CD1F800804CEA080391F8FB
:102100002080D1F81CC04CEA086CD1F818804CEA49
:10211000080CD1F814804CEA080CB1F80C804CEA99
:102120000847D5F868C00CFB06FCD5F8848008EB9E
:102130008C021360121D1760121D002019E000F1BF
:10214000030C14F80CC04FEA0C6800F1020C14F8F0
:102150000CC048EA0C4800F1010C14F80CC048EA25
:102160000C2C14F800804CEA080CC2F800C0121DB8
:10217000001DDFF81480D1F80CC018F80CC084459D
:10218000DDD8BDE8F0810000DCE4000800BF634852
:10219000407A012809D16148C07A30B95F48807916
:1021A00018B901200BF07CF9B3E05D4949780129A9
:1021B00043D15B49087800EBD0714910A0EB410195
:1021C000D1BB4FF4AF60574909684863BAEE040ABF
:1021D000554880ED000A9FED550A80ED010AB7EEE3
:1021E000000A80ED020A9FED520A80ED030A9FED7E
:1021F0004F0A80ED040A4FF448700BF051F94D4836
:102200009FED4A2ADFED4C1AB7EE001ADFED470AC0
:10221000BAEE040AD0F800118847C8200BF040F944
:102220004FF416703F490968C86340000BF038F955
:1022300000203B4948706CE0FFE7394949780129A3
:1022400067D13749087800EBD0714910A0EB410104
:1022500001295ED1BAEE040A334880ED000A9FEDF1
:10226000330A80ED010AB7EE000A80ED020A9FED05
:10227000300A80ED030A9FED2D0A80ED040A2D48F7
:102280009FED2A2ADFED2C1AB7EE001ADFED270AA0
:10229000BAEE040AD0F8001188474FF448700BF0EA
:1022A000FFF840F6C4101F490968C8634FF4E160A5
:1022B0000BF0F6F89FED1D0A1B4880ED000AB0EE0A
:1022C000040A80ED010A9FED190A80ED020A9FEDD4
:1022D0001A0A80ED030A9FED150A80ED040A1548DD
:1022E0009FED122AF6EE001A9FED101ADFED130A89
:1022F0009FED0E0AD0F80011884740F24C400BF0D9
:10230000CFF84FF4C86007490968486300200449C2
:102310004870052009F078FE39E7000066010024C6
:1023200058010024E4030024146600240000000087
:102330009A99193FBC640024CDCCCC3E9A9919409F
:102340002DE9F041044602F08FFE804614B90120C9
:10235000BDE8F08194F83500022808D0802060653F
:1023600000BF002084F8340000BF0120F0E7FE49E0
:102370002068884249D0FC4918312068884244D0FE
:10238000F9493031206888423FD0F7494831206808
:1023900088423AD0F44960312068884235D0F24909
:1023A00078312068884230D0EF49903120688842E7
:1023B0002BD0ED49A8312068884226D0EB4920680F
:1023C000884222D0E9491831206888421DD0E74967
:1023D00030312068884218D0E4494831206888426A
:1023E00013D0E2496031206888420ED0DF4978314D
:1023F0002068884209D0DD4990312068884204D0A5
:10240000DA49A8312068884201D1012000E000208B
:1024100068B12068006820F01E002168086020680C
:10242000406920F0800021684861256806E0206846
:10243000006820F00E00216808602568CA492068FD
:10244000884270D0C8491831206888426BD0C6498C
:1024500030312068884266D0C349483120688842BC
:1024600061D0C1496031206888425CD0BE49783172
:102470002068884257D0BC4990312068884252D0A9
:10248000B949A831206888424DD0B84920688842AF
:1024900049D0B64918312068884244D0B349303118
:1024A000206888423FD0B1494831206888423AD0FC
:1024B000AE4960312068884235D0AC497831206817
:1024C000884230D0A9499031206888422BD0A74952
:1024D000A8312068884226D0A5492068884222D0A9
:1024E000A3491431206888421DD0A14928312068B1
:1024F000884218D09E493C312068884213D09C49BC
:102500005031206888420ED0994964312068884251
:1025100009D0974978312068884204D094498C3199
:102520002068884201D1012000E0002028B1206EFF
:10253000006820F48070216E08608B492068884212
:1025400049D0894918312068884244D086493031C1
:10255000206888423FD084494831206888423AD078
:10256000814960312068884235D07F4978312068C0
:10257000884230D07C499031206888422BD07A49FB
:10258000A8312068884226D078492068884222D025
:1025900076491831206888421DD07449303120684E
:1025A000884218D0714948312068884213D06F4959
:1025B0006031206888420ED06C49783120688842AA
:1025C00009D06A4990312068884204D06749A8310F
:1025D0002068884206D12068006820F00100216848
:1025E000086005E02068006820F0010021680860AC
:1025F00011E002F039FDA0EB080005280BD92020DE
:102600006065032084F8350000BF002084F83400A2
:1026100000BF01209CE6286800F001000028E8D1F6
:1026200051492068884249D04F4918312068884272
:1026300044D04D493031206888423FD04A49483122
:10264000206888423AD0484960312068884235D0B5
:10265000454978312068884230D04349903120681C
:1026600088422BD04049A8312068884226D03F4973
:102670002068884222D03D491831206888421DD008
:102680003A4930312068884218D0384948312068AA
:10269000884213D035496031206888420ED03349D2
:1026A00078312068884209D03049903120688842CA
:1026B00004D02E49A8312068884201D1012000E0D1
:1026C000002040B1A66D94F85C0000F01F013F208F
:1026D0008840B06007E0A76D94F85C0000F01F012F
:1026E00001208840786020492068884276D01E49C1
:1026F00018312068884271D01B49303120688842E7
:102700006CD0194948312068884267D01649603139
:102710002068884262D014497831206888425DD0B0
:10272000114990312068884258D00F49A83120685B
:10273000884253D00D49206888424FD00B49183148
:10274000206888424AD0094930312068884245D003
:10275000064948312068884240D0044960312068E9
:1027600088423BD0014905E01000024010040240BD
:10277000085402587831206888422FD025492068B3
:1027800088422BD0234918312068884226D022491C
:102790002068884222D020491431206888421DD008
:1027A0001D4928312068884218D01B493C312068D7
:1027B000884213D018495031206888420ED01649FB
:1027C00064312068884209D01349783120688842F2
:1027D00004D011498C312068884201D1012000E0E9
:1027E000002068B1D4E919104860E06E40B1E06E95
:1027F000006820F48070E16E0860D4E91C10486025
:10280000012084F8350000BF002084F8340000BFA8
:1028100000BF9DE5A00402400854025870B504466C
:102820000CB9012070BD94F83500022803D0802037
:1028300060650120F6E7DC492068884249D0DA4922
:1028400018312068884244D0D74930312068884206
:102850003FD0D5494831206888423AD0D2496031CA
:102860002068884235D0D04978312068884230D0FD
:10287000CD499031206888422BD0CB49A8312068BF
:10288000884226D0C9492068884222D0C7491831D9
:10289000206888421DD0C54930312068884218D050
:1028A000C24948312068884213D0C049603120684D
:1028B00088420ED0BD4978312068884209D0BB4992
:1028C00090312068884204D0B849A83120688842F5
:1028D00001D1012000E00020F0B3042084F835008D
:1028E000B149206888424BD0AF49183120688842EE
:1028F00046D0AD4930312068884241D0AA4948319C
:10290000206888423CD0A84960312068884237D08E
:10291000A54978312068884232D0A3499031206897
:1029200088422DD0A049A8312068884228D09F49EC
:102930002068884224D09D491831206888421FD0E1
:102940009A493031206888421AD098494831206825
:10295000884215D0954900E020E060312068884227
:102960000ED0924978312068884209D08F49903141
:102970002068884204D08D49A8312068884206D159
:102980002068006820F001002168086009E12068E3
:10299000006820F001002168086002E120680068FA
:1029A00020F00E00216808607F492068884249D0E5
:1029B0007D4918312068884244D07B4930312068F5
:1029C00088423FD078494831206888423AD07649D9
:1029D00060312068884235D0734978312068884258
:1029E00030D071499031206888422BD06E49A8318F
:1029F0002068884226D06D492068884222D06B49E1
:102A00001831206888421DD06849303120688842DA
:102A100018D0664948312068884213D06349603134
:102A2000206888420ED0614978312068884209D0F8
:102A30005E4990312068884204D05C49A831206802
:102A4000884206D12068006820F0010021680860F3
:102A500005E02068006820F0010021680860524904
:102A60002068884270D050491831206888426BD065
:102A70004D4930312068884266D04B494831206842
:102A8000884261D048496031206888425CD046491C
:102A900078312068884257D0434990312068884275
:102AA00052D04149A831206888424DD03F49206822
:102AB000884249D03D4918312068884244D03B497A
:102AC0003031206888423FD03849483120688842F8
:102AD0003AD0364960312068884235D03349783160
:102AE0002068884230D031499031206888422BD00C
:102AF0002E49A8312068884226D02D492068884276
:102B000022D02B491431206888421DD02849283111
:102B10002068884218D026493C312068884213D06A
:102B200023495031206888420ED021496431206801
:102B3000884209D01E4978312068884204D01C4957
:102B40008C312068884201D1012000E00020D8B1FA
:102B5000206E006820F48070216E0860A56D94F8E6
:102B60005C0000F01F01012088406860D4E9191062
:102B70004860E06E40B1E06E006820F48070E16E65
:102B80000860D4E91C104860012084F8350000BFBB
:102B9000002084F8340000BF206D10B12046216D64
:102BA000884700203EE6000010000240100402406A
:102BB000085402582DE9F84F044600200090FE48C2
:102BC00000684FF41651B0FBF1FAA66DD4F85880A6
:102BD0003768D8F80090F9492068884249D0F74909
:102BE00018312068884244D0F44930312068884246
:102BF0003FD0F2494831206888423AD0EF496031ED
:102C00002068884235D0ED4978312068884230D03C
:102C1000EA499031206888422BD0E849A8312068E1
:102C2000884226D0E6492068884222D0E4491831FB
:102C3000206888421DD0E24930312068884218D08F
:102C4000DF4948312068884213D0DD49603120686F
:102C500088420ED0DA4978312068884209D0D849B4
:102C600090312068884204D0D549A8312068884234
:102C700001D1012000E0002000287DD094F85C0004
:102C800000F01F01082088403840002868D0CB4958
:102C90002068884249D0C94918312068884244D008
:102CA000C6493031206888423FD0C4494831206845
:102CB00088423AD0C14960312068884235D0BF4946
:102CC00078312068884230D0BC49903120688842F1
:102CD0002BD0BA49A8312068884226D0B84920684C
:102CE000884222D0B6491831206888421DD0B449A4
:102CF00030312068884218D0B14948312068884274
:102D000013D0AF496031206888420ED0AC49783189
:102D10002068884209D0AA4990312068884204D0AE
:102D2000A749A8312068884204D12068006800F0D3
:102D3000040003E02068006800F0080080B120680B
:102D4000006820F004002168086094F85C0000F03E
:102D50001F0108208840B060606D40F00100606590
:102D600094F85C0000F01F01012088403840E8B36F
:102D700092492068884200E0B7E24BD08F49183171
:102D80002068884246D08D4930312068884241D041
:102D90008A494831206888423CD08849603120689F
:102DA000884237D0854978312068884232D08349BB
:102DB0009031206888422DD08049A831206888420F
:102DC00028D07F492068884224D07D491831206866
:102DD00088421FD07A493031206888421AD0784919
:102DE00048312068884215D0754900E026E06031FE
:102DF000206888420ED0724978312068884209D014
:102E00006F4990312068884204D06D49A83120680C
:102E1000884204D12068406900F0800002E0206808
:102E20000068002050B194F85C0000F01F01012000
:102E30008840B060606D40F00200606594F85C000E
:102E400000F01F01042088403840E8B35B49206847
:102E500088424BD0594918312068884246D057499A
:102E600030312068884241D0544948312068884236
:102E70003CD0524960312068884237D04F49783180
:102E80002068884232D04D499031206888422DD048
:102E90004A49A8312068884228D049492068884298
:102EA00024D047491831206888421FD04449303126
:102EB000206888421AD0424948312068884215D09B
:102EC0003F496031206800E024E088420ED03C4950
:102ED00078312068884209D0394990312068884289
:102EE00004D03749A8312068884204D1206800689E
:102EF00000F0020002E020680068002050B194F861
:102F00005C0000F01F0104208840B060606D40F05C
:102F10000400606594F85C0000F01F0110208840F8
:102F20003840E8B325492068884251D023491831F8
:102F3000206888424CD0214930312068884247D0EF
:102F40001E4948312068884242D01C4960312068BF
:102F500088423DD0194978312068884238D01749D5
:102F600090312068884233D01449A83120688842C3
:102F70002ED01349206888422AD011491831206880
:102F8000884225D00E4930312068884220D00C4933
:102F90004831206888421BD009496031206800E030
:102FA0004DE0884214D006497831206888420FD01D
:102FB00003499031206805E01C0000241000024005
:102FC00010040240884203D0FE492068884204D1A0
:102FD0002068006800F0080003E02068006800F046
:102FE000040060B394F85C0000F01F0110208840DA
:102FF000B0602068006800F4802080B1206800681C
:1030000000F4002028B9206CC8B12046216C884704
:1030100015E0A06C98B12046A16C88470FE02068AD
:10302000006800F4807028B92068006820F008006B
:1030300021680860206C10B12046216C884794F804
:103040005C0000F01F0120208840384000287DD01F
:10305000DD492068884249D0DB4918312068884220
:1030600044D0D9493031206888423FD0D6494831D0
:10307000206888423AD0D44960312068884235D0EF
:10308000D14978312068884230D0CF4990312068CA
:1030900088422BD0CC49A8312068884226D0C94923
:1030A000A8392068884221D0C649903920688842D2
:1030B0001CD0C44978392068884217D0C14960398A
:1030C0002068884212D0BF494839206888420DD014
:1030D000BC4930392068884208D0BA49183920687C
:1030E000884203D0B7492068884204D1206800682C
:1030F00000F0100003E02068006800F0020028B330
:1031000094F85C0000F01F0120208840B06094F823
:10311000350004282DD12068006820F016002168B1
:1031200008602068406920F0800021684861206CB8
:1031300008B9A06C28B12068006820F00800216858
:10314000086094F85C0000F01F0100E03FE03F20C1
:103150008840B060012084F8350000BF002084F86A
:10316000340000BF206D10B12046216D8847BDE8B6
:10317000F88F2068006800F4802080B12068006823
:1031800000F4002028B9606C08B32046616C8847C1
:103190001DE0E06BD8B12046E16B884717E020685E
:1031A000006800F4807068B92068006820F01000A2
:1031B00021680860012084F8350000BF002084F8F1
:1031C000340000BFE06B10B12046E16B8847606DB2
:1031D00000287AD0606D00F00100E8B3042084F884
:1031E00035007949206888424BD0774918312068EA
:1031F000884246D0744930312068884241D07249B3
:103200004831206888423CD06F496031206888424C
:1032100037D06D4978312068884232D06A49903180
:10322000206888422DD06849A8312068884228D07B
:103230006449A8392068884223D0624990392068BF
:1032400088421ED05F4978392068884219D05D498C
:1032500060392068884200E040E012D0594948397E
:10326000206888420DD0574930392068884208D0FC
:10327000544918392068884203D05249206888424E
:1032800006D12068006820F001002168086005E090
:103290002068006820F001002168086000BF0098E5
:1032A000401C0090504500D905E02068006800F0FF
:1032B00001000028F3D100BF2068006800F0010081
:1032C00020B1032084F8350003E00DE0012084F8EC
:1032D000350000BF002084F8340000BFE06C0028F7
:1032E00002D02046E16C8847D9E1384920688842FD
:1032F00022D036491431206888421DD03349283104
:103300002068884218D031493C312068884213D067
:103310002E495031206888420ED02C4964312068F3
:10332000884209D0294978312068884204D0274949
:103330008C312068884201D1012000E00020002863
:10334000D2D02068056894F85C0000F01F010420CA
:10335000884000EA0900D8B305F00400C0B394F82F
:103360005C0000F01F0104208840C8F8040005F448
:10337000004080B105F4803030B9A06C0028B3D093
:103380002046A16C88478AE1206C0028ACD02046FA
:10339000216C884783E105F02000E8BB0A492068DA
:1033A000884253D008491831206888424ED00649D7
:1033B00030312068884249D003494831206888422A
:1033C00044D006E0B80402401000024008540258FD
:1033D0004FE0B44960312068884237D0B149783134
:1033E0002068884232D0AF499031206888422DD081
:1033F000AC49A8312068884228D0AB49206888426F
:1034000024D0A9491831206888421FD0A6493031FC
:10341000206888421AD000E025E0A349483120689E
:10342000884213D0A0496031206888420ED09E495E
:1034300078312068884209D09B49903120688842C1
:1034400004D09949A8312068884206D120680068D4
:1034500020F008002168086005E02068006820F07E
:10346000040021680860206C10B32046216C884756
:1034700015E194F85C0000F01F010220884000EA8A
:103480000900E8B305F00200D0B394F85C0000F046
:103490001F0102208840C8F8040005F4004070B104
:1034A00005F4803028B9606C10B12046616C884703
:1034B000F5E0E06BF0B32046E16B8847EFE005F004
:1034C0002000C0BB7749206888424ED0754918312A
:1034D0002068884249D0734930312068884244D0FE
:1034E00070494831206888423FD06E496031206879
:1034F00088423AD06B4978312068884235D000E064
:103500004EE068499031206888422ED06549A83144
:103510002068884229D064492068884225D06249C1
:1035200018312068884220D05F49303120688842B5
:103530001BD001E06EE02DE05B49483120688842F5
:1035400013D059496031206888420ED056497831ED
:103550002068884209D0544990312068884204D0BC
:103560005149A8312068884206D12068006820F0BF
:1035700014002168086005E02068006820F00A0057
:1035800021680860012084F8350000BF002084F81D
:10359000340000BFE06BE8B32046E16B88477EE073
:1035A00094F85C0000F01F010820884000EA090040
:1035B00080B305F0080068B33A49206888424BD0D0
:1035C000384918312068884246D036493031206861
:1035D000884241D033494831206888423CD0314943
:1035E00060312068884237D02E497831206888427F
:1035F00032D02C499031206888422DD02949A831F9
:103600002068884228D028492068884224D026494A
:10361000183100E043E0206888421DD02249303153
:103620002068884218D0204948312068884213D049
:103630001D496031206888420ED01B4978312068CE
:10364000884209D0184990312068884204D0164930
:10365000A8312068884206D12068006820F01C004C
:103660002168086005E02068006820F00E002168ED
:10367000086094F85C0000F01F0101208840C8F841
:1036800004000120606584F8350000BF002084F844
:10369000340000BFE06C10B12046E16C884700BFE9
:1036A00065E5000010000240100402402DE9F041E1
:1036B000044601F0D9FC804614B90120BDE8F08130
:1036C000FE492068884249D0FC4918312068884268
:1036D00044D0FA493031206888423FD0F749483118
:1036E000206888423AD0F54960312068884235D058
:1036F000F24978312068884230D0F0499031206812
:1037000088422BD0ED49A8312068884226D0EC4968
:103710002068884222D0EA491831206888421DD0AA
:10372000E74930312068884218D0E549483120689F
:10373000884213D0E2496031206888420ED0E049C7
:1037400078312068884209D0DD499031206888426C
:1037500004D0DB49A8312068884201D1012000E073
:103760000020002873D0606A00B100BF022084F8F6
:10377000350000BF002084F8340000BFCF49206826
:10378000884249D0CD4918312068884244D0CB497D
:103790003031206888423FD0C8494831206888428B
:1037A0003AD0C64960312068884235D0C349783163
:1037B0002068884230D0C1499031206888422BD09F
:1037C000BE49A8312068884226D0BD492068884279
:1037D00022D0BB491831206888421DD0B849303109
:1037E0002068884218D0B64948312068884213D0F2
:1037F000B3496031206888420ED0B14978312068E1
:10380000884209D0AE4990312068884204D0AC4942
:10381000A8312068884206D12068006820F00100A5
:103820002168086005E02068006820F00100216838
:1038300008600DE001F018FCA0EB0800052807D98E
:1038400020206065032084F83500012036E769E018
:103850002068006800F001000028EBD120680568AE
:1038600098480540D4E90201084321690843616989
:103870000843A1690843E1690843216A08430543F5
:10388000606A042803D1D4E90B010843054360684A
:10389000292802D360682E2817D960683F2802D3F0
:1038A0006068422811D96068472802D360684828B8
:1038B0000BD960684F2802D36068522805D9606828
:1038C000742804D36068772801D8012000E0002024
:1038D00008B145F48015206805602068456925F029
:1038E0000705606A0543606A04280DD1A06A054394
:1038F000E06A48B12046FDF7B5FD28B1402060657B
:10390000012084F83500D9E6206845612046FDF79E
:1039100085FC064694F85C0000F01F013F208840BB
:10392000B0609EE068492068884222D06649143120
:10393000206888421DD0644928312068884218D008
:1039400061493C312068884213D05F49503120687A
:1039500088420ED05C4964312068884209D05A49B7
:1039600078312068884204D057498C3120688842D9
:1039700001D1012000E00020E0B3534920688842D3
:1039800022D051491431206888421DD04E49283137
:103990002068884218D04C493C312068884213D0B6
:1039A00049495031206888420ED047496431206827
:1039B000884209D0444978312068884204D042497D
:1039C0008C312068884201D1012000E0002000B144
:1039D00000BF022084F8350000BF002084F83400C6
:1039E00000BF2068056839480540A068402802D11A
:1039F000102106E02EE0A068802801D1C10100E07E
:103A00000021E06841EAD001206941EAD001606903
:103A100041EAD001A06941EAD001E06941EAD00160
:103A2000206A41EA10100543206805602649206895
:103A3000401A1421B0FBF1F08000E0652046FDF74C
:103A4000EDFB074694F85C0000F01F010120884060
:103A5000786006E040206065032084F8350001208E
:103A60002CE61649206888427AD01449183120681B
:103A7000884275D0114930312068884270D00F4992
:103A80004831206888426BD00C49603120688842F8
:103A900066D00A4978312068884261D00749903160
:103AA000206888425CD00549A8312068884257D0F8
:103AB00003492068884253D0014909E010000240C0
:103AC000100402403F8010FE085402580F00FEFF11
:103AD00018312068884243D03749206888423FD057
:103AE00035491831206888423AD03349303120684E
:103AF000884235D0304948312068884230D02E493C
:103B00006031206888422BD02B4978312068884268
:103B100026D02A492068884222D0284914312068BA
:103B200088421DD0254928312068884218D0234971
:103B30003C312068884213D02049503120688842A7
:103B40000ED01E4964312068884209D01B49783163
:103B50002068884204D019498C312068884201D1FC
:103B6000012000E0002000B32046FDF7CDFBA06857
:103B7000802801D1002060602079216E0860D4E99E
:103B800019104860606860B16068082809D820464C
:103B9000FDF71CFC0020E16E0860D4E91C104860B1
:103BA00003E00020E0662067606700206065012078
:103BB00084F83500002081E5400402400854025892
:103BC0002DE9F04104460D4616461F464FF0000809
:103BD00014B90120BDE8F08100BF94F83400012839
:103BE00001D10220F6E7012084F8340000BF94F8E8
:103BF000350001287ED1022084F835000020606560
:103C0000E4492068884249D0E24918312068884256
:103C100044D0E0493031206888423FD0DD49483106
:103C2000206888423AD0DB4960312068884235D02C
:103C3000D84978312068884230D0D6499031206800
:103C400088422BD0D349A8312068884226D0D24957
:103C50002068884222D0D0491831206888421DD07F
:103C6000CD4930312068884218D0CB49483120688E
:103C7000884213D0C8496031206888420ED0C649B6
:103C800078312068884209D0C34990312068884241
:103C900004D0C149A8312068884206D12068006854
:103CA00020F001002168086005E02068006820F02D
:103CB0000100216808603B46324629462046FDF750
:103CC00029FCB449206888424BD0B2491831206899
:103CD000884246D0AF4930312068884241D0AD4952
:103CE0004831206888423CD0AA4960312068884227
:103CF00037D000E042E1A74978312068884230D0CF
:103D0000A4499031206888422BD0A249A83120686C
:103D1000884226D0A0492068884222D09E49183186
:103D2000206888421DD09C4930312068884218D0D4
:103D3000994948312068884213D0974960312068FA
:103D400088420ED0944978312068884209D092493F
:103D500090312068884204D08F49A8312068884279
:103D600001D1012000E0002080B12068006820F02F
:103D70001E0040F0160021680860206CB0B1206879
:103D8000006840F00800216808600FE020680068C3
:103D900020F00E0040F00A0021680860206C28B175
:103DA0002068006840F004002168086079492068B4
:103DB000884270D077491831206888426BD07549A5
:103DC00030312068884266D0724948312068884284
:103DD00061D070496031206888425CD06D4978318B
:103DE0002068884257D06B4990312068884252D071
:103DF0006849A831206888424DD0674920688842C8
:103E000049D0654918312068884244D06249303130
:103E1000206888423FD060494831206888423AD0C3
:103E20005D4960312068884235D05B49783120682F
:103E3000884230D058499031206888422BD056496A
:103E4000A8312068884226D054492068884222D070
:103E500052491431206888421DD0504928312068C9
:103E6000884218D04D493C312068884213D04B49D4
:103E70005031206888420ED0484964312068884219
:103E800009D0464978312068884204D043498C31B2
:103E90002068884201D1012000E0002090B1206E0E
:103EA000006800F4803028B1206E006840F4807013
:103EB000216E0860E06E28B1E06E006840F480700A
:103EC000E16E086033492068884249D03149183191
:103ED0002068884244D02F493031206888423FD042
:103EE0002C494831206888423AD02A4960312068FC
:103EF000884235D0274978312068884230D025491A
:103F00009031206888422BD02249A831206888420D
:103F100026D021492068884222D01F4918312068C4
:103F200088421DD01C4930312068884218D01A4977
:103F300048312068884213D0174960312068884290
:103F40000ED0154978312068884209D01249903145
:103F50002068884204D01049A8312068884206D1E0
:103F60002068006840F001002168086010E02068C7
:103F7000006840F001002168086009E04FF400602B
:103F8000606500BF002084F8340000BF4FF00108D6
:103F900040461FE610000240100402400854025838
:103FA00070B5044601F060F806462546681C10B15D
:103FB00004480078054400BF01F056F8801BA84271
:103FC000FAD370BD1800002430B5034693F898402A
:103FD000012C01D0022C3ED11868806D084030B908
:103FE0001868C06D40F001001D68E8650EE01868B3
:103FF000806D0840884206D11868C06D40F002000C
:104000001D68E86502E003201D68E86501F40070A2
:1040100030B11868D0F8E00010431D68C5F8E00022
:1040200001F4806030B11868D0F8E40010431D68D6
:10403000C5F8E40000BF1868406D0B4D0D402843E3
:104040001D6868650948006840EA9170074D28605E
:1040500000BF002030BDD3F89C0040F00200C3F840
:104060009C000120F6E70000FFFFCF3F14A80040AE
:104070002DE9F04104460E461746706800B900E08D
:1040800000BF94F89800022832D12068D0F8C00010
:1040900000F07C5040B9D4F89C0040F02000C4F8F7
:1040A0009C000120BDE8F0812068D0F8C40000F435
:1040B000001038B1D4F89C0040F40070C4F89C00A3
:1040C0000120EFE72068D0F8C400C0F304452B4678
:1040D0003A4631462046FDF7F1FF0120A84021680D
:1040E000C1F8D0000120A840C4F894000020D9E70E
:1040F000D4F89C0040F00800C4F89C000120D1E7EF
:104100007047F0B5024692F89860012E01D0022E59
:1041100043D1C868072800D100BF086818BBC86829
:10412000072800D000BFC86807280BD1088A4FF0C5
:10413000605747EA0040CF6940EA07208F6940EAAC
:1041400007040AE0087A80070F7B40EAC7600F8AFD
:1041500040EA07404F6940EA0704D76E486807EB1A
:1041600080031C6017E0C868072800D000BF0F7BE1
:10417000086940EA4774C868072801D18D6903E0DF
:104180000F7A486940EA8775176F486807EBC003E4
:104190001C601B1D1D600020F0BDD2F89C0040F08B
:1041A0000200C2F89C000120F6E770B50446049DA9
:1041B00094F8980001280AD1080140EA820040EAF8
:1041C000430028432668C6F88000002070BDD4F85C
:1041D0009C0040F00400C4F89C000120F6E7704702
:1041E000704700002DE9F04304460D469C4600232D
:1041F00094F89880B8F1020F74D1402D38D120681E
:10420000D0F8A00000F4FE0040B9D4F89C0040F0C3
:104210002000C4F89C000120BDE8F0832068D0F89D
:10422000A40000F07F0038B9D4F89C0040F48070FE
:10423000C4F89C000120EFE72068D0F8A400C0F388
:10424000006040B12068D0F8A0004FF00109B9EB40
:10425000D07F00D101232068D0F8A400C0F305204E
:104260000344606C5843D4F8749009EB80014BE030
:10427000412D38D12068D0F8B00000F4FE0038B9E4
:10428000D4F89C0040F02000C4F89C000120C3E753
:104290002068D0F8B40000F07F0038B9D4F89C0052
:1042A00040F48070C4F89C000120B5E72068D0F885
:1042B000B400C0F3006040B12068D0F8B0004FF007
:1042C0000109B9EBD07F00D101232068D0F8B400F8
:1042D000C0F305200344E06C5843D4F8789009EB10
:1042E000800111E06DE0206DA84207D8D4F89C0051
:1042F00040F02000C4F89C0001208DE7606D684309
:10430000D4F87C9009EB8001086800F08040506090
:10431000506820B90868C0F38A40106003E008685C
:1043200020F060401060086800F00050906008685D
:1043300000F000401061091D088880B2D061086853
:10434000C0F30340D060086800F480105061086832
:1043500000F4001090610868C0F3066010620868FD
:10436000C00F5062091D0F46002603E0B85D0CF82F
:104370000600761CDFF85C90D06819F80000B042A7
:10438000F4D8402D03D12068C0F8A83017E0412DA3
:1043900003D12068C0F8B83011E0202D06D20120EA
:1043A000A840D4F80090C9F8980008E005F01F096B
:1043B000012000FA09F0D4F80090C9F89C00002010
:1043C0002AE7D4F89C0040F00800C4F89C000120C3
:1043D00022E70000DCE40008704700002DE9F04F00
:1043E0008DB00446EF4800688707EE48001D00685E
:1043F00007EA80772068006D00F470482068406DFF
:1044000000EA08082068006D00F00F092068406D80
:1044100000EA09092068006D00F0F00A2068406D8C
:1044200000EA0A0A2068006D00F0715B2068406DA8
:1044300000EA0B0B2068006D00F060700C902068A3
:10444000406D0C9908400C902068456D2068066D01
:10445000C5F3002070B1C6F3002058B100BF4FF47F
:104460008070216808650020CE49086000BF2046A2
:10447000FFF7B2FFC5F38020C8B1C6F38020B0B10A
:104480002068D0F8DC000A902068D0F8E4000A998F
:1044900008400A9000BF4FF4806021680865002042
:1044A000C049086000BF20460A9900F0DAFC67B1F5
:1044B00000BFBD48384021680865B80FB949086099
:1044C00000BF39462046FFF71BFEB8F1000F0ED0A3
:1044D00000BFB54808EA0000216808654FEA9870F7
:1044E000B049086000BF4146204600F0BCFCB9F16D
:1044F000000F0ED000BFAC4809EA00002168086533
:104500004FEA9970A749086000BF4946204600F06D
:10451000C7FBBAF1000F0ED000BFA3480AEA0000A3
:10452000216808654FEA9A709E49086000BF5146AD
:10453000204600F075FCC5F3C02070B1C6F3C02062
:1045400058B100BF4FF4006021680865002095490C
:10455000086000BF204600F087FCC5F34020C8B1CA
:10456000C6F34020B0B12068D0F8D8000B90206886
:10457000D0F8E0000B9908400B9000BF4FF400709A
:104580002168086500208749086000BF20460B9914
:1045900000F068FCC5F3C04070B1C6F3C04058B12C
:1045A00000BF4FF400202168086500207D490860A5
:1045B00000BF204600F072FBC5F3004070B1C6F3A7
:1045C000004058B100BF4FF48030216808650020DA
:1045D0007449086000BF204600F042FCC5F38040EB
:1045E00070B1C6F3804058B100BF4FF480202168FD
:1045F000086500206B49086000BF204600F02FFCD2
:10460000C5F3404088B1C6F3404070B100BF4FF4DD
:1046100000302168086500206249086000BFD4F8B6
:104620009C0040F08000C4F89C000C9870B100BF62
:104630005D490C980840216808650C98800F59491D
:10464000086000BF20460C99FFF7CAFDBBF1000FC0
:1046500010D000BF54480BEA0000216808654FEAFB
:104660009B705049086000BFD4F89C0040EA0B00E2
:10467000C4F89C004D49206888427DD160688068FC
:1046800000F00300002877D06068006A00F00F0097
:1046900009906068406A0999084009906068006A5A
:1046A00000F0300008906068406A0899084008905F
:1046B0006068006A00F4C07007906068406A0799FB
:1046C000084007906068006A00F4FC40069060684B
:1046D000406A0699084006906068006A00F4F0207D
:1046E00005906068406A0599084005906068406AD6
:1046F00002906068006A0190099830B10998616879
:1047000008622046099900F0A7FB089830B1089884
:10471000616808622046089900F0A0FB0298C0F387
:104720008010A0B10198C0F3801080B16068C06BA8
:10473000000C04906068C06B00F03F0003904020C4
:10474000616808622046DDE9032100F086FB0798D6
:1047500030B10798616808622046079900F07BFB3A
:10476000069840B1069861680862D4F89C000699E2
:104770000843C4F89C0000E00AE0059840B10598A1
:1047800061680862D4F89C0005990843C4F89C004D
:10479000D4F89C0010B12046FFF721FD0DB0BDE814
:1047A000F08F000010A80040FFFFCF3F00A00040A6
:1047B00070B594B004464C22B34901A8FBF739FE0A
:1047C00014B9012014B070BDB0492068884203D1EB
:1047D000206800F580706060A068B0F5407F00D16F
:1047E00000BF206C00B100BFA06C00B100BF206D05
:1047F00000B100BF206E00B100BFD4E9171008441B
:1048000000B100BF94F8980028B9002084F89900FE
:10481000204600F03DF92068806920F010002168F2
:10482000886100F021FC05460EE000F01DFC401BF5
:104830000A2809D99834606840F0010060600320BC
:1048400004F898090120BDE72068806900F008009D
:104850000828EAD02068806940F00100216888615A
:1048600000F002FC05460EE000F0FEFB401B0A28AB
:1048700009D99834606840F001006060032004F8B2
:10488000980901209EE72068806900F00100002857
:10489000EAD02068806940F0020021688861207CAD
:1048A000012806D12068806920F0400021688861D5
:1048B00005E02068806940F0400021688861607CE4
:1048C000012806D12068806940F480402168886111
:1048D00005E02068806920F4804021688861A07C20
:1048E000012806D12068806920F480502168886101
:1048F00005E02068806940F4805021688861206864
:10490000806920F44070A1680843216888612068AC
:10491000806920F0A400216888612068006920F087
:10492000100021680861E068012806D120688069CC
:1049300040F004002168886120E0E068F0B1E068A0
:10494000022815D02068806940F0800021688861C5
:104950002068006940F0100021680861E0680328C1
:104960000CD12068806940F020002168886105E052
:104970002068806940F0200021688861207E401E08
:104980004106E069401E41EA0020216A491E0843B1
:10499000A18A491E40EA01402168C861A068B0F5BB
:1049A000407F0FD1A06A401EE16A491E40EA012102
:1049B000206B401E41EA0011A08C401E41EA0040DD
:1049C0002168C860206E38B12068D0F8C000616EE0
:1049D00008432168C1F8C000D4E91710084460B149
:1049E0002068D0F8C80020F0070001AAA16E52F894
:1049F000211008432168C1F8C800206C60B120680C
:104A0000D0F8BC0020F0070001AA616C52F8211018
:104A100008432168C1F8BC00A06C68B12068D0F8D8
:104A2000BC0020F0700101AAE06C52F8200041EABD
:104A300000102168C1F8BC00206D68B12068D0F872
:104A4000BC0020F4E06101AA606D52F8200041EA48
:104A500000202168C1F8BC000C492068884205D1BB
:104A60006068806820F0030061688860002044F876
:104A7000940FA06001202071943C2046FDF70EFAAF
:104A8000064630469EE60000ECE4000800A0004028
:104A900010B5B6B00446142130A8FBF7E3FCB821EA
:104AA00002A8FBF7DFFC76492068884249D14FF421
:104AB00000410020CDE9021048031D9002A800F03B
:104AC000B3FE08B1FDF7BDF96E480068401C6D49A2
:104AD00008600846006801280DD100BF6A480068D8
:104AE00040F48070684908600846006800F48070EF
:104AF000019000BF00BF00BF63480C38006840F061
:104B0000080061490C3908600846006800F0080098
:104B1000019000BF00BF03203090022031900020A0
:104B2000329033900920349030A9584800F09EF913
:104B300000220621132000F0B3FB132000F09CFBA1
:104B40009BE053492068884249D14FF4004100203E
:104B5000CDE9021048031D9002A800F065FE08B1DF
:104B6000FDF76FF947480068401C46490860084651
:104B7000006801280DD100BF4348006840F48070F0
:104B8000414908600846006800F48070019000BF49
:104B900000BF00BF3C480C38006840F002003A49B2
:104BA0000C3908600846006800F00200019000BF60
:104BB00000BF60203090022031900020329033906E
:104BC0000920349030A9334800F050F90022062122
:104BD000142000F065FB142000F04EFB4DE02E4940
:104BE0002068884249D14FF400410020CDE90210ED
:104BF00048031D9002A800F017FE08B1FDF721F947
:104C000020480068401C1F490860084600680128C9
:104C10000DD100BF1C48006840F480701A4908603C
:104C20000846006800F48070019000BF00BF00BF1C
:104C300015480C38006840F0080013490C3908602A
:104C40000846006800F00800019000BF00BF4FF464
:104C50004050309002203190002032903390052057
:104C6000349030A9094800F001F9002206219F2064
:104C700000F016FB9F2000F0FFFA36B010BD0000D8
:104C800000A000400C000024EC440258000C025824
:104C900000A400400004025800D400407047000007
:104CA00030B58DB004460D4601AB03AA4021204625
:104CB000FFF798FA4749206888422CD100BF00BF0F
:104CC0009DF8040000F00F00072823D2DFE800F071
:104CD0002204090E13181D0001A93F48FCF79CFD92
:104CE00018E001A93D48FCF797FD13E001A93C48F5
:104CF000FCF792FD0EE001A93A48FCF78DFD09E0B2
:104D000001A93948FCF788FD04E001A93748FCF700
:104D100083FD00BF33E03649206888422FD10398D5
:104D2000A0F2012005281DD2DFE800F003080D12D3
:104D3000170001A92F48FCF785F913E001A92E48B7
:104D4000FCF780F90EE001A92C48FCF77BF909E09B
:104D500001A92B48FCF776F904E001A92948FCF7E2
:104D600071F900BF00BF9DF8040000F00F00052896
:104D700004D101A92448FCF74FFD00BF00BF23491F
:104D80002068884223D100BF00BF9DF8040000F0D6
:104D90000F00012806D0022809D003280CD00428CF
:104DA00014D10EE001A91A48FCF736FD0EE001A966
:104DB0001848FCF731FD09E001A91748FCF72CFD64
:104DC00004E001A91548FCF727FD00BF00BF0DB0A6
:104DD00030BD000000A000401C51002424520024DB
:104DE0002C53002434540024E8600024F061002493
:104DF00000A400403C550024D856002474580024D8
:104E0000105A002420630024BC64002400D4004015
:104E1000645C00246C5D0024745E00247C5F0024CC
:104E20007047014691F8980001280CD1022081F8C2
:104E300098000868806920F001000A6890610020ED
:104E4000C1F89C007047D1F89C0040F00400C1F804
:104E50009C000120F6E77047704770477047704725
:104E6000704770477047704770470000F8B50246BA
:104E70000B4600216D4DD2E001278F401E6806EAE7
:104E80000704002C72D01E7906F00306012E04D010
:104E90001E7906F00306022E13D190684F000326F8
:104EA000BE40B0434F00DE68BE4030439060506863
:104EB00001268E40B0431E79C6F300168E40304363
:104EC00050601E7906F00306032E09D0D0684F000B
:104ED0000326BE40B0434F009E68BE403043D060C2
:104EE0001E7906F00306022E13D1CF0802F1200628
:104EF00056F827004E07F70E0F26BE40B0434F0767
:104F0000FF0E1E69BE403043CF0802F1200646F86E
:104F1000270010684F000326BE40B0431E7906F0FC
:104F200003064F00BE40304310605E6806F4403612
:104F3000002E73D000BF3E4E366846F002063C4F4E
:104F40003E603E46366806F00206009600BF00BF8F
:104F5000384E8F0856F827008E07370F0F26BE40B1
:104F6000B043354EB24202D1002629E056E0334E1E
:104F7000B24201D1012623E0314EB24201D10226D4
:104F80001EE0304EB24201D1032619E02E4EB2424D
:104F900001D1042614E02D4EB24201D105260FE0C6
:104FA0002B4EB24201D106260AE02A4EB24201D16E
:104FB000072605E0284EB24201D1092600E00A2664
:104FC0008F073F0FBE4030431A4E8F0846F8270028
:104FD0004FF0B0463068A0435E6806F4801606B114
:104FE00020434FF0B04630607068A0435E6806F41E
:104FF000001606B120434FF0B04670606868A043C9
:105000005E6806F4003606B1204368602868A04355
:105010005E6806F4803606B120432860491C1E688D
:10502000CE40002E7FF428AFF8BD0000800000586D
:10503000F4440258080400580000025800040258C2
:1050400000080258000C02580010025800140258C0
:1050500000180258001C0258002402580AB181614D
:1050600001E00B048361704701480068704700004D
:1050700010000024034800680349097808440149E6
:1050800008607047100000241800002410B50320A9
:1050900000F044F901F03CFC10490968C1F3032118
:1050A0000F4A515C01F01F0120FA01F40B4800681F
:1050B00000F00F001146085C00F01F0024FA00F019
:1050C00008490860084804600F2000F00FF808B194
:1050D000012010BD00F0B8F80020FAE7184402588B
:1050E00060E50008200000241C00002470B58AB090
:1050F0000446102C0AD2002221462C2000F0D0F8C1
:105100002C2000F0B9F81948046002E001200AB030
:1051100070BD00BF1648006840F0020014490860E6
:105120000846006800F00200009000BF00BF01A91F
:1051300002A801F06DFB01F0D9FB45000D48B5FB5D
:10514000F0F0461E0C480D49086040F2E7310B486C
:10515000C160466000210161816002F013F918B955
:10516000064802F0F7F9D2E70120D0E71400002446
:10517000F044025840420F0000040140740700242C
:105180004178154A116014490831096821F001017C
:10519000114A08321160121F41681160017B090732
:1051A000C27A41EA0261827A41EAC241427B41EA23
:1051B0008241827B41EA4241C27B41EA0241427A1A
:1051C00041EA0221027A41EA420102781143024A8D
:1051D000083211607047000098ED00E000BF00BF8A
:1051E00000BFBFF35F8F00BF00BF00BF054800686E
:1051F00020F48030034908600020024970310860C3
:105200007047000024ED00E040F001010D4A1160FC
:105210000C497039096841F480310A4A703A1160CA
:1052200000BF00BF00BFBFF34F8F00BF00BF00BF74
:1052300000BF00BF00BFBFF36F8F00BF00BF00BF44
:105240007047000094ED00E008B500BF0948006811
:1052500040F00200074908600846006800F00200BC
:10526000009000BF00BF00220F21901E00F018F830
:1052700008BD0000F44402580146084600280DDB32
:1052800000BF00BF00F01F0301229A4043099B00AA
:1052900003F1E023C3F8002100BF00BF00BF704747
:1052A0002DE9F05F80460D46164605F0EFFE0746F5
:1052B00039462A46334601F00700C0F1070ABAF121
:1052C000040F02D94FF0040A01E0C0F1070AD146E9
:1052D00000F1040ABAF1070F02D24FF0000A01E010
:1052E000A0F1030AD4464FF0010A0AFA09FAAAF11A
:1052F000010A0AEA020A0AFA0CFA4FF0010B0BFA49
:105300000CFBABF1010B0BEA030B4AEA0B04214641
:10531000404605F0C3FEBDE8F09F000000BF00F06E
:105320000702064B19684FF6FF031940044B0B4365
:1053300043EA0221014B196000BF70470CED00E009
:105340000000FA0570B5044615480068C0F38000F7
:1053500048B91348006800F00700A04201D00120BE
:1053600070BD0020FCE70E48006820F007002043D5
:105370000B490860FFF778FE054607E0FFF774FE6B
:10538000401BB0F57A7F01D90120E9E704480838CD
:105390000068C0F340300028F0D00020E0E70000B3
:1053A0000C48025810B501F069FA05490968C1F3C3
:1053B0000211044A515C01F01F01C84010BD0000F9
:1053C0002044025860E5000870B50146844D2D6800
:1053D00005F00303824D2D68C5F30530804D2D1D6A
:1053E0002D68C5F300147E4D14352D68C5F3CC052A
:1053F00015FB04F501EE105AB8EE411AF0EE410A21
:1054000000286FD023B1012B4ED0022B6BD16BE063
:10541000734D283D2D68C5F340153DB3704D283DB3
:105420002D68C5F3C1066F4D25FA06F201EE102A6C
:10543000F8EE411A01EE100AB8EE411A81EE812A07
:105440009FED691AC0EE811A654D10352D68C5F3C0
:10545000080501EE105AB8EE411A31EE811AF7EE46
:10546000001A31EE211A22EE010A1CE001EE100AA8
:10547000B8EE411ADFED5D1A81EE812A9FED5A1ACE
:10548000C0EE811A564D10352D68C5F3080501EEA2
:10549000105AB8EE411A31EE811AF7EE001A31EEC9
:1054A000211A22EE010A5BE001EE100AB8EE411A61
:1054B000DFED4F1A81EE812A9FED4B1AC0EE811A63
:1054C000474D10352D68C5F3080501EE105AB8EEAA
:1054D000411A31EE811AF7EE001A31EE211A22EE4E
:1054E000010A3DE077E01DE001EE100AB8EE411A36
:1054F0009FED402AC2EE011A9FED3B1A80EE812AF1
:10550000374D10352D68C5F3080501EE105AB8EE79
:10551000411A32EE011AB7EE002A31EE021A21EEDC
:10552000810A1DE001EE100AB8EE411ADFED301AD3
:1055300081EE812A9FED2C1AC0EE811A284D10357C
:105540002D68C5F3080501EE105AB8EE411A31EE88
:10555000811AF7EE001A31EE211A22EE010A00BF7D
:1055600000BF1F4D10352D68C5F3462501EE105ABA
:10557000B8EE411AF7EE001A31EE211AC0EE011A08
:10558000BCEEE11A81ED001A154D10352D68C5F3FA
:10559000064501EE105AB8EE411AF7EE001A31EE48
:1055A000211AC0EE011ABCEEE11A81ED011A0C4D70
:1055B00010352D68C5F3066501EE105AB8EE411A94
:1055C000F7EE001A31EE211AC0EE011ABCEEE11A14
:1055D00081ED021A03E000250D604D608D6070BD05
:1055E000284402580090D003000000460024744C68
:1055F0000024744A001BB74B70B50146844D2D68DA
:1056000005F00303824D2D68C5F30550804D2D1D17
:105610002D68C5F300247E4D1C352D68C5F3CC05DF
:1056200015FB04F501EE105AB8EE411AF0EE410AEE
:1056300000286FD023B1012B4ED0022B6BD16BE031
:10564000734D283D2D68C5F340153DB3704D283D81
:105650002D68C5F3C1066F4D25FA06F201EE102A3A
:10566000F8EE411A01EE100AB8EE411A81EE812AD5
:105670009FED691AC0EE811A654D18352D68C5F386
:10568000080501EE105AB8EE411A31EE811AF7EE14
:10569000001A31EE211A22EE010A1CE001EE100A76
:1056A000B8EE411ADFED5D1A81EE812A9FED5A1A9C
:1056B000C0EE811A564D18352D68C5F3080501EE68
:1056C000105AB8EE411A31EE811AF7EE001A31EE97
:1056D000211A22EE010A5BE001EE100AB8EE411A2F
:1056E000DFED4F1A81EE812A9FED4B1AC0EE811A31
:1056F000474D18352D68C5F3080501EE105AB8EE70
:10570000411A31EE811AF7EE001A31EE211A22EE1B
:10571000010A3DE077E01DE001EE100AB8EE411A03
:105720009FED402AC2EE011A9FED3B1A80EE812ABE
:10573000374D18352D68C5F3080501EE105AB8EE3F
:10574000411A32EE011AB7EE002A31EE021A21EEAA
:10575000810A1DE001EE100AB8EE411ADFED301AA1
:1057600081EE812A9FED2C1AC0EE811A284D183542
:105770002D68C5F3080501EE105AB8EE411A31EE56
:10578000811AF7EE001A31EE211A22EE010A00BF4B
:1057900000BF1F4D18352D68C5F3462501EE105A80
:1057A000B8EE411AF7EE001A31EE211AC0EE011AD6
:1057B000BCEEE11A81ED001A154D18352D68C5F3C0
:1057C000064501EE105AB8EE411AF7EE001A31EE16
:1057D000211AC0EE011ABCEEE11A81ED011A0C4D3E
:1057E00018352D68C5F3066501EE105AB8EE411A5A
:1057F000F7EE001A31EE211AC0EE011ABCEEE11AE2
:1058000081ED021A03E000250D604D608D6070BDD2
:10581000284402580090D003000000460024744C35
:105820000024744A001BB74B2DE9F04104460025C3
:10583000A8464FF00062D4E9001011400020134642
:1058400059404040014331D1606E48B1B0F5801FEE
:105850000DD0B0F5001F11D0B0F5401F16D114E0E7
:10586000FE48006840F40030FC49086010E0022166
:1058700004F1080003F0A2FD054609E0022104F14D
:10588000280003F04DFE054602E001E0012500BFBF
:1058900000BF55B9F1482430006820F44010616E13
:1058A0000843EE492431086000E0A8464FF48072B6
:1058B000D4E90010114000201346594040400143F4
:1058C0002ED1A06D05281BD2DFE800F0030A1118C5
:1058D0001900E248006840F40030E049086011E037
:1058E000002104F1080003F069FD05460AE00021EB
:1058F00004F1280003F014FE054603E002E001E095
:10590000012500BF00BF55B9D4482430006820F0FD
:105910000700A16D0843D1492431086000E0A84682
:105920004FF48062D4E90010114000201346594022
:10593000404001433DD1D4F8A400B0F5C00F24D0BD
:1059400007DC68B1B0F5001F11D0B0F5800F1FD192
:1059500014E0B0F5000F19D0B0F5200F18D116E003
:10596000BE48006840F40030BC49086012E00021E5
:1059700004F1080003F022FD05460BE0002104F1CC
:10598000280003F0CDFD054604E003E002E001E05D
:10599000012500BF00BF5DB9B0482C30006820F47D
:1059A0006000D4F8A4100843AC492C31086000E032
:1059B000A8464FF40062D4E90001104000211346CC
:1059C0005840494008433DD1D4F8A800B0F1407F89
:1059D00024D007DC68B1B0F1807F11D0B0F1007F36
:1059E0001FD114E0B0F1806F19D0B0F1A06F18D1C1
:1059F00016E09A48006840F400309849086012E0C8
:105A0000002104F1080003F0D9FC05460BE0002159
:105A100004F1280003F084FD054604E003E002E001
:105A200001E0012500BF00BF5DB98C482C30006843
:105A300020F0E060D4F8A810084388492C310860B1
:105A400000E0A8464FF00073D4E900101940002090
:105A500059404040014328D1E06CA8B1102804D03F
:105A6000202809D0302810D10DE07C48006840F48F
:105A700000307A4908600AE0022104F1080003F0CE
:105A80009DFC054603E002E001E0012500BF00BFE8
:105A900055B972482030006820F03000E16C0843AE
:105AA0006E492031086000E0A8464FF48053D4E9E5
:105AB00000101940002059404040014337D1E06DAB
:105AC000B0F5005F1AD004DC50B1B0F5805F1ED194
:105AD0000DE0B0F5405F18D0B0F5804F17D115E05C
:105AE0005E48006840F400305C49086011E0002125
:105AF00004F1080003F062FC05460AE0002104F10D
:105B0000280003F00DFD054603E002E001E0012559
:105B100000BF00BF55B951482430006820F4E04070
:105B2000E16D08434D492431086000E0A8464FF478
:105B30000053D4E90010194000205940404001436F
:105B400035D1206EB0F5403F1ED007DC68B1B0F50E
:105B5000803F0BD0B0F5003F19D10EE0B0F5802F9B
:105B600013D0B0F5A02F12D110E012E0012104F102
:105B7000080003F023FC05460BE0012104F1280096
:105B800003F0CEFC054604E003E002E001E001255D
:105B900000BF00BF55B931482430006820F4E02030
:105BA000216E08432D492431086000E0A8464FF4D7
:105BB0008042D4E90001104000211346584049407A
:105BC000084337D1D4F8AC00B0F1405F1ED007DCF9
:105BD00068B1B0F1805F0BD0B0F1005F19D10EE079
:105BE000B0F1804F13D0B0F1A04F12D110E012E00D
:105BF000012104F1080003F0E1FB05460BE001215F
:105C000004F1280003F08CFC054604E003E002E008
:105C100001E0012500BF00BF5DB910482C300068CD
:105C200020F0E040D4F8AC1008430C492C31086057
:105C300000E0A8464FF40043D4E9000118400021D9
:105C40005840494008432AD1E06EB8B1B0F1805FB6
:105C500006D0B0F1005F12D109E000002C440258D8
:105C6000F948006840F40030F749086009E0012174
:105C700004F1080003F0A2FB054602E001E0012563
:105C800000BF00BF55B9F0482430006820F04050F4
:105C9000E16E0843EC492431086000E0A8464FF06B
:105CA0008073D4E90010194000205940404001435E
:105CB00028D1A06CA8B1012804D0022809D003285B
:105CC00010D10DE0E048006840F40030DE49086083
:105CD0000AE0022104F1080003F070FB054603E02E
:105CE00002E001E0012500BF00BF55B9D6482030D1
:105CF000006820F00300A16C0843D34920310860FC
:105D000000E0A8464FF48003D4E9001019400020B9
:105D10005940404001437DD1CC48006840F4807038
:105D2000CA490860FFF7A0F9064606E0FFF79CF9AC
:105D3000801B642801D9032505E0C448006800F4ED
:105D400080700028F2D000BF85BBBF484430006897
:105D500000F44070B4F8B01001F44071884213D0E0
:105D6000B9484430006820F44077B74844300068B0
:105D700040F48030B449443108600846006820F49B
:105D80008030086008460760D4F8B000B0F5807F26
:105D900015D1FFF769F9064609E0FFF765F9801BA1
:105DA00041F28831884202D9032507E038E0A6484D
:105DB00044300068C0F340000028EED000BF55BB5F
:105DC00000BFB4F8B00000F44070B0F5407F0ED1D1
:105DD0009D481C38006820F47C519D4AD4F8B000DE
:105DE000104041EA101098491C39086007E09648B5
:105DF0001C38006820F47C5093491C390860924894
:105E000044300068B4F8B010C1F30B0108438E4968
:105E1000443101E005E001E0086002E0A84600E04E
:105E2000A8460122D4E90001104000211346584041
:105E30004940084330D1A06F18281AD005DC48B17A
:105E4000082808D0102817D10CE0202812D02828C4
:105E500012D110E012E0012104F1080003F0AEFAC3
:105E600005460BE0012104F1280003F059FB05462B
:105E700004E003E002E001E0012500BF00BF55B9E6
:105E800071482830006820F03800A16F08436E493F
:105E90002831086000E0A8460223D4E90010194028
:105EA000002059404040014329D1606F062816D296
:105EB000DFE800F003040B12131412E0012104F1D7
:105EC000080003F07BFA05460BE0012104F12800ED
:105ED00003F026FB054604E003E002E001E00125B3
:105EE00000BF00BF55B958482830006820F00700AF
:105EF000616F084354492831086000E0A846042235
:105F0000D4E900101140002013465940404001439D
:105F10002BD1D4F89000062816D2DFE800F0030455
:105F20000B12131412E0012104F1080003F046FAE9
:105F300005460BE0012104F1280003F0F1FA0546C3
:105F400004E003E002E001E0012500BF00BF5DB90D
:105F50003D482C30006820F00700D4F8901008432A
:105F600039492C31086000E0A8462023D4E900011B
:105F70001840002158404940084337D1D4F88C00DC
:105F8000B0F1405F1ED007DC68B1B0F1805F0BD08C
:105F9000B0F1005F19D10EE0B0F1804F13D0B0F135
:105FA000A04F12D110E012E0002104F1080003F02C
:105FB00005FA05460BE0022104F1280003F0B0FACF
:105FC000054604E003E002E001E0012500BF00BF58
:105FD0005DB91D482830006820F0E040D4F88C10EE
:105FE000084319492831086000E0A8464023D4E955
:105FF0000010194000205940404001433CD1D4F8E2
:106000009800B0F5406F25D007DC68B1B0F5806F1F
:106010000BD0B0F5006F20D10EE0B0F5805F1AD044
:10602000B0F5A05F19D117E019E0002104F10800D4
:1060300003F0C4F9054612E0022104F1280003F040
:106040006FFA05460BE000002C4402580048025845
:10605000FFFCFF0F03E002E001E0012500BF00BFED
:106060004DB9FE48006820F4E050D4F89810084379
:10607000FA49086000E0A8468023D4E900101940DE
:10608000002059404040014335D1D4F89C00B0F580
:10609000C04F1ED007DC68B1B0F5005F0BD0B0F583
:1060A000804F19D10EE0B0F5004F13D0B0F5204F5E
:1060B00012D110E012E0002104F1080003F07EF993
:1060C00005460BE0022104F1280003F029FA0546F9
:1060D00004E003E002E001E0012500BF00BF4DB98C
:1060E000DE48006820F46040D4F89C100843DB4987
:1060F000086000E0A8460823D4E900011840002108
:1061000058404940084317D1D4F88000B0F5805F6B
:1061100007D1022104F1280003F002FA08B14FF080
:106120000108CE48001F006820F44050D4F88010C9
:106130000843CA49091F08601023D4E90001184028
:10614000002158404940084315D1D4F89400B0F5D7
:10615000807F07D1022104F1280003F0E1F908B1A2
:106160004FF00108BD48006820F44070D4F8941046
:106170000843BA4908604FF40023D4E900011840ED
:10618000002158404940084327D1D4F8A00030B13D
:10619000B0F5803F0AD0B0F5003F0FD10DE00021EF
:1061A00004F1080003F00AF9054609E0022104F1B0
:1061B000280003F0B5F9054602E001E0012500BF23
:1061C00000BF4DB9A548006820F44030D4F8A010B5
:1061D0000843A249086000E0A8464FF48023D4E9B0
:1061E0000001184000215840494008432DD1D4F8FF
:1061F0008400B0F5801F06D0B0F5001F0CD0B0F5BC
:10620000401F11D10FE095482C38006840F4003051
:1062100092492C39086009E0012104F1280003F0BB
:106220007FF9054602E001E0012500BF00BF5DB92E
:106230008A48001F006820F44010D4F884100843F6
:106240008649091F086000E0A8464FF48032D4E96F
:10625000000110400021134658404940084325D111
:10626000206D18B1B0F5803F10D108E07B482C3884
:10627000006840F4003079492C39086008E00221B8
:1062800004F1080003F09AF8054601E0012500BF7B
:1062900000BF55B971480C38006820F48030216D7A
:1062A00008436E490C39086000E0A8464FF00053DF
:1062B000D4E900101940002059404040014307D163
:1062C000022104F1280003F02BF908B14FF0010876
:1062D0004FF40032D4E90001104000211346584029
:1062E0004940084327D1E06FA0B1B0F5807F06D0C8
:1062F000B0F5007F0CD0B0F5407F0CD109E05748D5
:106300002C38006840F4003054492C39086004E00F
:1063100003E002E001E0012500BF00BF55B94F488E
:10632000001F006820F44070E16F08434B49091FCB
:10633000086000E0A8464FF48012D4E90010114034
:106340000020134659404040014309D143480838D2
:10635000006820F00040216F084340490839086078
:106360004FF40013D4E9000118400021584049407F
:10637000084309D139480838006820F08070A16EC0
:1063800008433649083908604FF08043D4E90010CB
:106390001940002059404040014311D100BF2F480F
:1063A0004838006820F400402C4948390860084605
:1063B0000068D4F8B410084328494839086000BF81
:1063C0004FF00042D4E9000110400021134658402C
:1063D0004940084309D121480C38006820F040505A
:1063E000616D08431D490C3908604FF40002D4E97F
:1063F00000101140002013465940404001430AD18B
:106400001648001F006820F44000D4F888100843A4
:106410001249091F086001220021606810404940AC
:106420005040014306D104F1080002F0C7FF0546C1
:1064300005B1A84602220021606810404940504042
:10644000014307D1012104F1080002F0B7FF05461E
:1064500005B1A84604230020616801E058440258B1
:106460001940042240405140084307D1022104F161
:10647000080002F0A3FF054605B1A8460823002046
:1064800061681940082240405140084307D100216B
:1064900004F1280003F044F8054605B1A84610238E
:1064A000002061681940102240405140084307D144
:1064B000012104F1280003F033F8054605B1A84690
:1064C000202200216068104049405040014307D11C
:1064D000022104F1280003F023F8054605B1A8467F
:1064E000B8F1000F02D10020BDE8F0810120FBE7E8
:1064F0002DE9F04104460D4614B90120BDE8F081B4
:10650000BD48006800F00F00A8420ED2BA480068EB
:1065100020F00F002843B84908600846006800F0E2
:106520000F00A84201D00120E8E7207800F0040025
:1065300004280ED1B1492069096801F07001884230
:1065400007D9AE48006820F0700021690843AB49C4
:106550000860207800F00800082811D1A749091D1B
:106560006069096801F07001884209D9A348001DDB
:10657000006820F0700061690843A049091D0860A7
:10658000207800F01000102811D19C49091DA06945
:10659000096801F4E061884209D99848001D006843
:1065A00020F4E060A16908439449091D086020783F
:1065B00000F02000202811D190490831E0690968D5
:1065C00001F07001884209D98C480830006820F039
:1065D0007000E1690843894908310860207800F0BB
:1065E000020002280ED18549E068096801F00F0118
:1065F000884207D98148006820F00F00E16808430D
:106600007E490860207800F00100002850D07B48C7
:10661000006820F47060A1680843784908606068E9
:10662000022807D1754818380068C0F34040F8B90F
:10663000012063E76068032807D1704818380068B4
:10664000C0F34060A0B9012058E76068012807D175
:106650006A4818380068C0F3002048B901204DE7A7
:10666000664818380068C0F3800008B9012045E783
:1066700062480838006820F00700616808435F49F5
:1066800008390860FEF7F0FC064608E0FEF7ECFC6F
:10669000801B41F28831884201D903202EE75748F8
:1066A0000838006800F038006168B0EBC10FEDD128
:1066B000207800F0020002280ED15049E0680968F5
:1066C00001F00F01884207D24C48006820F00F000B
:1066D000E1680843494908604748006800F00F0036
:1066E000A8420ED94448006820F00F0028434249D0
:1066F00008600846006800F00F00A84201D00120A1
:10670000FCE6207800F0040004280ED13B49206903
:10671000096801F07001884207D23848006820F00B
:1067200070002169084335490860207800F00800AE
:10673000082811D13149091D6069096801F070010B
:10674000884209D22D48001D006820F07000616960
:1067500008432A49091D0860207800F0100010281D
:1067600011D12649091DA069096801F4E061884238
:1067700009D22248001D006820F4E060A1690843A6
:106780001E49091D0860207800F02000202811D142
:106790001A490831E069096801F07001884209D29C
:1067A00016480830006820F07000E169084313497A
:1067B0000831086000F0ACF810490968C1F3032102
:1067C0000F4A515C01F01F0120FA01F70B480068E5
:1067D00000F00F001146085C00F01F0027FA00F0DF
:1067E000084908600848076008480068FEF77EFC12
:1067F0008046404682E600000020005218440258BD
:1068000060E50008200000241C000024140000247F
:106810003F220260174A126802F007024260154ADE
:106820000832126802F470628260124A08321268FA
:1068300002F00F02C2600F4A0832126802F07002C2
:1068400002610C4A0C32126802F070024261094A7D
:106850000C32126802F4E0628261064A1032126859
:1068600002F07002C261044A126802F00F020A606C
:1068700070470000104402580020005210B500F08C
:1068800047F80D490968C1F303210C4A515C01F036
:106890001F0120FA01F40848006800F00F001146BB
:1068A000085C00F01F0024FA00F005490860054864
:1068B00004600846006810BD1844025860E50008EE
:1068C000200000241C00002400B5FFF7D7FF054975
:1068D0000968C1F30211044A515C01F01F01C8406C
:1068E00000BD00001C44025860E5000800B5FFF739
:1068F000C5FF05490968C1F30221044A515C01F052
:106900001F01C84000BD00001C44025860E500089B
:10691000F0B5824E366806F0380636B1082E15D02E
:10692000102E15D0182E7DD114E07C4E103E366806
:10693000C6F3401646B1794E103E3668C6F3C1071D
:10694000774E26FA07F000E07548E5E07548E3E089
:106950007548E1E0714E1836366806F003046F4E54
:1069600018363668C6F305116C4E1C36366806F0CC
:1069700001056A4E24363668C6F3CC0616FB05F6CA
:1069800001EE106AB8EE410A002971D024B1012C41
:1069900050D0022C6DD16DE0604E103E3668C6F3CB
:1069A00040163EB35D4E103E3668C6F3C1075C4EDE
:1069B00026FA07F301EE103AF8EE411A01EE101A2A
:1069C000B8EE411A81EE812A9FED581AC0EE011AE5
:1069D000524E20363668C6F3080601EE106AB8EE4D
:1069E000411A31EE811AF7EE001A31EE211A62EEE9
:1069F000010A1EE001EE101AB8EE411ADFED4C1A42
:106A000081EE812A9FED491AC0EE011A434E2036CD
:106A10003668C6F3080601EE106AB8EE411A31EE88
:106A2000811A00E076E0F7EE001A31EE211A62EEEC
:106A3000010A5BE001EE101AB8EE411A9FED3D2A03
:106A4000C2EE011A9FED391A80EE012A334E20362C
:106A50003668C6F3080601EE106AB8EE411A32EE47
:106A6000011AB7EE002A31EE021A61EE810A3DE00A
:106A70004EE01DE001EE101AB8EE411ADFED2E1ABD
:106A800081EE812A9FED291AC0EE011A234E20368D
:106A90003668C6F3080601EE106AB8EE411A31EE08
:106AA000811AF7EE001A31EE211A62EE010A1DE09A
:106AB00001EE101AB8EE411A9FED1E2AC2EE011A1D
:106AC0009FED1A1A80EE012A144E20363668C6F35E
:106AD000080601EE106AB8EE411A32EE011AB7EE5E
:106AE000002A31EE021A61EE810A00BF00BF0B4E90
:106AF00020363668C6F34626721C01EE102AB8EE20
:106B0000411AC0EE811ABCEEE11A11EE100A00E043
:106B1000002001E0034800BF00BFF0BD1044025850
:106B20000090D00300093D0000366E0100000046D1
:106B30000024744C0024744A001BB74B2DE9F04725
:106B4000044614B90120BDE8F087207800F0010068
:106B5000002870D0F948006800F03808F74818306D
:106B6000D0F80090B8F1100F06D0B8F1180F0FD17F
:106B700009F0030002280BD1F04810380068C0F378
:106B8000404000286AD06068002867D10120DAE719
:106B900000BF6068B0F5803F08D1E8481038006851
:106BA00040F48030E549103908602EE0606868B92B
:106BB000E2481038006820F48030E049103908605D
:106BC0000846006820F4802008601EE06068B0F588
:106BD000A02F0DD1D9481038006840F48020D74943
:106BE000103908600846006840F4803008600CE006
:106BF000D2481038006820F48030D049103908603D
:106C00000846006820F48020086000BF606898B1E2
:106C1000FEF72AFA054606E0FEF726FA401B64282E
:106C200001D903208FE7C54810380068C0F3404001
:106C30000028F1D012E012E0FEF716FA054606E051
:106C4000FEF712FA401B642801D903207BE7BB48FA
:106C500010380068C0F340400028F1D100BF207810
:106C600000F00200022879D1B448006800F038082A
:106C7000B2481830D0F80090B8F1000F05D0B8F144
:106C8000180F35D109F0030088BBAC4810380068F4
:106C9000C0F3800018B1E06808B9012053E7A748A5
:106CA0001038006820F01900E1680843A349103942
:106CB0000860FEF7D9F9054606E0FEF7D5F9401B56
:106CC000022801D903203EE79C4810380068C0F331
:106CD00080000028F1D099480C38006820F0FE4070
:106CE000217C40EA016095490C39086045E0FFE7E6
:106CF000E06838B391481038006820F01900E16866
:106D000008438E4910390860FEF7AEF9054606E0E3
:106D1000FEF7AAF9401B022801D9032013E7874890
:106D200010380068C0F380000028F1D083480C3888
:106D3000006820F0FE40217C40EA01607F490C3968
:106D400008601AE07D481038006820F001007B4997
:106D500010390860FEF788F9054607E00EE0FEF7F7
:106D600083F9401B022801D90320ECE67348103850
:106D70000068C0F380000028F1D100BF207800F047
:106D8000100010286FD16D48006800F038086B487B
:106D90001830D0F80090B8F1080F06D0B8F1180FED
:106DA0001CD109F00300012818D16448103800688C
:106DB000C0F3002020B1E069802801D00120C2E6A4
:106DC00000BF5E48001F006820F07C5094F820103F
:106DD00040EA01605949091F086043E0E06938B39F
:106DE00056481038006840F0800054491039086057
:106DF000FEF73AF9054606E0FEF736F9401B022891
:106E000001D903209FE64D4810380068C0F30020E8
:106E10000028F1D000BF4948001F006820F07C50D6
:106E200094F8201040EA01604449091F086019E005
:106E300042481038006820F080004049103908604E
:106E4000FEF712F9054606E0FEF70EF9401B022890
:106E500001D9032077E6394810380068C0F30020D4
:106E60000028F1D100BF207800F00800082836D1B2
:106E70006069D0B131486430006840F001002F49AA
:106E800064310860FEF7F0F8054606E0FEF7ECF81E
:106E9000401B022801D9032055E6284864300068C9
:106EA000C0F340000028F1D019E0244864300068A5
:106EB00020F00100214964310860FEF7D5F805464D
:106EC00006E0FEF7D1F8401B022801D903203AE67C
:106ED0001A4864300068C0F340000028F1D12078DF
:106EE00000F02000202838D1A069D0B11348103814
:106EF000006840F48050114910390860FEF7B4F87A
:106F0000054606E0FEF7B0F8401B022801D9032031
:106F100019E60A4810380068C0F340300028F1D064
:106F20001BE006481038006820F4805003491039EF
:106F30000860FEF799F8054609E000001044025881
:106F4000FEF792F8401B022801D90320FBE5D04848
:106F50000068C0F340300028F2D1207800F004002F
:106F600004287DD1CB48006840F48070C94908608E
:106F7000FEF77AF8054606E0FEF776F8401B64282F
:106F800001D90320DFE5C348006800F480700028C1
:106F9000F2D000BFA068012808D1BD487030006859
:106FA00040F00100BA49703108602DE0A06868B96E
:106FB000B7487030006820F00100B54970310860B2
:106FC0000846006820F0040008601DE0A06805285D
:106FD0000DD1AF487030006840F00400AC4970310A
:106FE00008600846006840F0010008600CE0A8480E
:106FF0007030006820F00100A54970310860084633
:10700000006820F00400086000BFA068A0B1FEF78F
:107010002BF8054608E0FEF727F8401B41F28831BF
:10702000884201D903208EE5994870300068C0F38A
:1070300040000028EFD013E0FEF716F8054608E000
:10704000FEF712F8401B41F28831884201D9032033
:1070500079E58F4870300068C0F340000028EFD118
:10706000606A00287DD08A481030006800F038003F
:10707000182877D0606A022875D18548006820F00A
:10708000807083490860FDF7EFFF054606E0FDF7D5
:10709000EBFF401B022801D9032054E57C4800681F
:1070A000C0F340600028F2D100BFD4E90A1041EAE1
:1070B000001077492831096840F2F33291430843C0
:1070C000734928310860208E401EC0F30800616BB0
:1070D000491E4FF47E4202EA41210843218F491E96
:1070E000D20102EA014108433C21095D491E120216
:1070F00002EA0161084366493031086000BF081F99
:10710000006820F00100091F086061483430006801
:107110004FF6F8718843A16C40EAC1005C493431F4
:1071200008605B482C30006820F00C00216C08439C
:1071300057492C3108600846006820F00200616C55
:10714000084353492C3108600846006840F48030F9
:1071500008600846006840F400300860084600688F
:1071600002E092E038E01FE040F48020086008462A
:10717000006840F0010008604548006840F08070F9
:1071800043490860FDF770FF054606E0FDF76CFF18
:10719000401B022801D90320D5E43D480068C0F314
:1071A00040600028F2D070E03948006820F080701C
:1071B00037490860FDF758FF054606E0FDF754FF24
:1071C000401B022801D90320BDE431480068C0F308
:1071D00040600028F2D158E02D48283007682C483C
:1071E00030300668606A012821D007F00301A06AE8
:1071F00081421CD1C7F30511E06A884217D1C6F35A
:107200000801206B401E814211D1606B401EC6F305
:10721000462188420BD1A06B401EC6F3064188422E
:1072200005D1E06B401EC6F30661884201D0012003
:1072300089E4174834300068C0F3CC07A06CB8422A
:1072400023D013482C30006820F0010010492C3165
:107250000860FDF709FF054600BFFDF705FF401B6D
:10726000FBD00B48343000684FF6F8718843A16CAE
:1072700040EAC10006493431086005482C300068F6
:1072800040F0010002492C31086000205BE400005E
:107290000044025800480258704770477047000089
:1072A00030B502460B4600BF92F83C00012801D1E0
:1072B000022030BD012082F83C0000BF022082F88D
:1072C0003D001068416810688468254D1068A84228
:1072D00003D0244D1068A84203D121F470015868EE
:1072E000014321F0700118680143106841601C4D92
:1072F0001068A84223D01068B0F1804F1FD01A4DFB
:107300001068A8421BD0194D1068A84217D0184D1C
:107310001068A84213D0134D1068A8420FD0154D25
:107320001068A8420BD0144D1068A84207D0134D26
:107330001068A84203D0124D1068A84205D124F06D
:1073400080049868044310688460012082F83D003E
:1073500000BF002082F83C0000BF00BFA9E700008A
:10736000000001400004014000040040000800400B
:10737000000C0040001800400040014000E00040C8
:1073800000E4004010B504460CB9012010BD94F88B
:107390003D0028B9002084F83C00204600F02AF87F
:1073A000022084F83D00211D206802F06BFD0120C1
:1073B00084F8480000BF84F83E0001213F200155B9
:1073C00040200155412001554220015543200155DF
:1073D00000BF00BF012084F844004520015546202D
:1073E00001554720015500BF012084F83D000020D1
:1073F000CCE7000038B504462068B0F1804F0DD1CD
:1074000000BF2148006840F001001F49086008469D
:10741000006800F00100009000BF34E01B492068C4
:10742000884216D100BF1848006840F00400164991
:1074300008600846006800F00400009000BF00BF2C
:10744000002206211E20FDF72BFF1E20FDF714FF52
:1074500019E00F492068884215D100BF0A4800682A
:1074600040F00800084908600846006800F008007D
:10747000009000BF00BF002206213220FDF710FF60
:107480003220FDF7F9FE38BDE844025800080040FC
:10749000000C0040014691F83D00012801D0012078
:1074A0007047022081F83D00204B0868984223D0A5
:1074B0000868B0F1804F1FD01D4B086898421BD060
:1074C0001C4B0868984217D01B4B0868984213D091
:1074D0001A4B086898420FD0194B086898420BD095
:1074E000184B0868984207D0174B0868984203D099
:1074F000164B0868984210D108688068144B00EA5F
:107500000302062A0FD0B2F5803F0CD0086800684D
:1075100040F001000B68186005E00868006840F062
:1075200001000B6818600020BAE70000000001406D
:107530000004004000080040000C0040000401402E
:10754000001800400040014000E0004000E400401E
:1075500007000100014691F83D00012801D00120FB
:107560007047022081F83D000868C06840F00100C3
:107570000B68D860204B0868984223D00868B0F1A7
:10758000804F1FD01D4B086898421BD01C4B0868C9
:10759000984217D01B4B0868984213D01A4B0868C2
:1075A00098420FD0194B086898420BD0184B0868C6
:1075B000984207D0174B0868984203D0164B0868CA
:1075C000984210D108688068144B00EA0302062A2A
:1075D0000FD0B2F5803F0CD00868006840F0010081
:1075E0000B68186005E00868006840F001000B684F
:1075F00018600020B4E700000000014000040040D3
:1076000000080040000C0040000401400018004049
:107610000040014000E0004000E40040070001009D
:107620002DE9F04104460D46002700BF94F83C00C8
:10763000012802D10220BDE8F081012084F83C003D
:1076400000BF022084F83D0020688668404806405C
:1076500026F47F46206886602868702826D00CDCD7
:1076600000F00F01002966D10011072863D2DFE87E
:1076700000F0555657584B374100B0F1101F52D00B
:1076800009DCB0F5805F10D0B0F5005F1BD0B0F51D
:10769000801F50D146E0A0F580102038002843D04C
:1076A000102842D0202846D140E046E0D5E9021318
:1076B0006A68206802F06BFC2068866846F07706EE
:1076C0002068866039E0D5E902136A68206802F014
:1076D0005EFC2068806840F48040216888602CE06F
:1076E000EA686968206802F01DFE5021206802F0F7
:1076F00059FC22E0EA686968206802F026FE6021F1
:10770000206802F04FFC18E0EA686968206802F01F
:1077100009FE4021206802F045FC0EE000BF00BFDA
:1077200000BF00BF00BF00BF00BF00BF29682068C6
:1077300002F038FC01E0012700BF00BF012084F8FF
:107740003D0000BF002084F83C0000BF384672E7CF
:1077500088FFCEFF704770B504462068C668206871
:10776000056905F00200022819D106F0020002287E
:1077700015D1401F216808610120207720688069A9
:1077800000F0030018B12046FFF7E4FF05E02046B3
:1077900000F0DAF8204600F0C8F90020207705F064
:1077A0000400042819D106F00400042815D1C043B0
:1077B00021680861022020772068806900F4407009
:1077C00018B12046FFF7C6FF05E0204600F0BCF8E0
:1077D000204600F0AAF90020207705F008000828CC
:1077E00019D106F00800082815D1C04321680861A6
:1077F000042020772068C06900F0030018B12046FB
:10780000FFF7A8FF05E0204600F09EF8204600F0B4
:107810008CF90020207705F01000102819D106F00F
:107820001000102815D1C043216808610820207776
:107830002068C06900F4407018B12046FFF78AFF45
:1078400005E0204600F080F8204600F06EF90020A8
:10785000207705F0010048B106F0010030B16FF06B
:10786000010021680861204600F01EFA05F0800042
:10787000802804D005F40050B0F5005F0AD106F06E
:107880008000802806D16FF40250216808612046EC
:10789000FFF703FD05F48070B0F5807F0AD106F094
:1078A0008000802806D16FF480702168086120462E
:1078B000FFF7F2FC05F04000402809D106F0400037
:1078C000402805D1C04321680861204600F0F8F93E
:1078D00005F02000202809D106F02000202805D13D
:1078E000C043216808612046FFF7D8FC70BD000046
:1078F00010B586B00446142101A8F8F7B3FD20683E
:10790000B0F1804F1AD100BF0D48006840F001006F
:107910000B4908600846006800F00100009000BFB5
:1079200000BF0520019002200290002003900490E7
:107930000120059001A90348FDF798FA06B010BD93
:10794000E04402580000025870472DE9F041044617
:107950000D461646002700BF94F83C00012802D1CE
:107960000220BDE8F081012084F83C0000BF0C2E0D
:1079700051D005DC4EB1042E1ED0082E7AD133E052
:10798000102E60D0142EF9D175E02946206802F03F
:1079900015FB2068806940F0080021688861206834
:1079A000806920F004002168886120688069296965
:1079B00008432168886178E02946206802F054FB7A
:1079C0002068806940F400602168886120688069CF
:1079D00020F480602168886120688069296940EA14
:1079E00001202168886160E02946206802F096FB4A
:1079F0002068C06940F008002168C8612068C0693B
:107A000020F004002168C8612068C0692969084322
:107A10002168C86149E02946206802F0D9FB206846
:107A2000C06940F400602168C8612068C06920F422
:107A300080602168C8612068C069296940EA012026
:107A40002168C86131E02946206802F0FBFB20680C
:107A5000406D40F00800216848652068406D20F0C6
:107A60000400216848652068406D29690843216841
:107A700048651AE017E02946206802F01BFC2068E0
:107A8000406D40F40060216848652068406D20F436
:107A90008060216848652068406D296940EA0120BE
:107AA0002168486501E0012700BF00BF00BF00203A
:107AB00084F83C0000BF384653E710B504460CB9C3
:107AC000012010BD94F83D0028B9002084F83C0046
:107AD000204600F029F8022084F83D00211D20688E
:107AE00002F0D0F9012084F8480000BF84F83E007D
:107AF00001213F20015540200155412001554220E0
:107B000001554320015500BF00BF012084F8440007
:107B100045200155462001554720015500BF012051
:107B200084F83D000020CCE77047704770B50446EC
:107B30000D4615B994F83E0015E0042D02D13F2002
:107B4000005D10E0082D02D14020005D0BE00C2DFF
:107B500002D14120005D06E0102D02D14220005DDF
:107B600001E04320005D012801D0012070BD1DB956
:107B7000022084F83E001AE0042D03D102213F20A8
:107B8000015514E0082D03D10221402001550EE0DB
:107B90000C2D03D102214120015508E0102D03D105
:107BA00002214220015502E0022143200155012219
:107BB0002946206802F0DAF92F49206888420FD060
:107BC0002E49206888420BD02D492068884207D072
:107BD0002C492068884203D02B492068884201D173
:107BE000012000E0002028B12068406C40F40040F3
:107BF0002168486420492068884223D02068B0F179
:107C0000804F1FD02149206888421BD0204920681E
:107C1000884217D01F492068884213D0174920682E
:107C200088420FD01C49206888420BD01449206834
:107C3000884207D019492068884203D01849206833
:107C4000884210D120688068164900EA0106062E95
:107C50000FD0B6F5803F0CD02068006840F00100DE
:107C60002168086005E02068006840F00100216894
:107C7000086000207AE70000000001400004014095
:107C80000040014000440140004801400004004021
:107C900000080040000C00400018004000E00040D8
:107CA00000E400400700010010B5044603492068C5
:107CB000884201D1FDF7DEF910BD0000000401404B
:107CC0007047014600BF91F88400012801D10220CD
:107CD0007047012081F8840000BF2420C1F888008B
:107CE000086802680868006820F001000B681860E6
:107CF00022F0005200204866086802602020C1F887
:107D0000880000BF002081F8840000BF00BFDFE7CB
:107D10007047704770B504460D4600BF94F8840064
:107D2000012801D1022070BD012084F8840000BF29
:107D30002420C4F88800206806682068006820F0C5
:107D40000100216808602068806820F06060284396
:107D500021688860204602F037FB206806602020FA
:107D6000C4F8880000BF002084F8840000BF00BF72
:107D7000D9E770B504460D4600BF94F88400012889
:107D800001D1022070BD012084F8840000BF2420AE
:107D9000C4F88800206806682068006820F00100A8
:107DA000216808602068806820F0604028432168CE
:107DB0008860204602F008FB206806602020C4F896
:107DC000880000BF002084F8840000BF00BFD9E70E
:107DD00070477047704700002DE9F047044620685F
:107DE000C569206806682068876840F60F0005EAC4
:107DF0000009B9F1000F0FD105F0200060B106F0C5
:107E0000200010B907F0805030B1606F10B12046EB
:107E1000616F8847BDE8F087B9F1000F7ED0F84860
:107E2000384018B9F74830400028F7D005F0010075
:107E300058B106F4807040B1012021680862D4F87E
:107E4000900040F00100C4F8900005F0020058B125
:107E500007F0010040B1022021680862D4F89000C8
:107E600040F00400C4F8900005F0040058B107F099
:107E7000010040B1042021680862D4F8900040F06D
:107E80000200C4F8900005F0080070B106F0200070
:107E900010B9DB48384040B1082021680862D4F8A6
:107EA000900040F00800C4F8900005F4006060B154
:107EB00006F0806048B14FF4006021680862D4F891
:107EC000900040F02000C4F89000D4F89000002802
:107ED00052D005F0200050B106F0200010B907F094
:107EE000805020B1606F10B12046616F8847D4F890
:107EF00090A02068806800F04000402802D00AF07E
:107F0000280070B3204602F01FFC2068806800F053
:107F10004000402826D100BF00BF00E02DE02168CE
:107F2000083151E8001F21F040002168083141E884
:107F30000002002AF1D100BFD4F8800068B1B24835
:107F4000D4F880100865D4F88000FAF767FC98B17F
:107F5000D4F88000016D88470EE02046FFF73AFF15
:107F60000AE003E02046FFF735FF05E02046FFF773
:107F700031FF0020C4F890004CE7E06E01287DD16D
:107F800005F01000002879D006F010000028FAD083
:107F90001020216808622068806800F040004028B6
:107FA0006DD1D4F880000068984988426BD0D4F82D
:107FB0008000006895491831884264D0D4F8800068
:107FC00000689249303188425DD0D4F88000006862
:107FD0008E494831884256D0D4F8800000688B49D9
:107FE000603188424FD0D4F88000006887497831EA
:107FF000884248D0D4F88000006884499031884293
:1080000041D0D4F8800000688049A83188423AD035
:10801000D4F8800000687E49884234D0D4F88000CB
:1080200000687B49183188422DD0D4F88000006860
:1080300077493031884226D0D4F8800000687449EE
:10804000483188421FD0D4F8800000687049603100
:10805000884218D0D4F8800000686D497831884291
:1080600011D0D4F8800000686949903188420AD064
:10807000D4F8800000686649A83102E0CAE07BE0DD
:1080800001E0884204D1D4F880000068406803E031
:10809000D4F88000006840681FFA80F8B8F1000F3B
:1080A00058D0B4F85C00404554DDA4F85E80D4F8A4
:1080B0008000C069B0F5807F40D000BF00BF21685C
:1080C00051E8001F21F48070226842E80001002975
:1080D000F5D100BF00BF00BF2168083151E8001F83
:1080E00021F001002168083141E80002002AF3D1A3
:1080F00000BF00BF00BF2168083151E8001F21F018
:1081000040002168083141E80002002AF3D100BF95
:108110002020C4F88C000020E06600BF00BF21686A
:1081200051E8001F21F01000226842E800010029F8
:10813000F5D100BFD4F88000FAF702F902202067D9
:10814000B4F85C00B4F85E20801A81B22046FFF7D4
:10815000DFFD10E0B4F85C0040450CD1D4F880009D
:10816000C069B0F5807F06D102202067B4F85C10AA
:108170002046FFF7CDFD4DE634F85C0F6188401ACC
:108180001FFA80F860885C3CC8B3B8F1000F36D0A5
:1081900000BF00BF216851E8001F21F490702268E1
:1081A00042E800010029F5D100BF00BF00BF2168EF
:1081B000083151E8001F124AD24301EA0200216847
:1081C000083141E80002002AF1D100BF2020C4F8A4
:1081D0008C000020E066606700BF00BF216851E8A6
:1081E000001F21F01000226842E800010029F5D1AB
:1081F00000BF0220206741462046FFF789FD09E6BF
:10820000010000102001000403A600081000024035
:108210001004024005F4801050B107F4800038B11A
:108220004FF48010216808622046FFF7D2FDF1E587
:1082300005F0800058B106F0800010B907F4000086
:1082400028B1A06F10B12046A16F8847E2E505F084
:10825000400030B106F0400018B1204602F0AAFA02
:10826000D8E505F4000030B106F0804018B1204692
:10827000FFF7AEFDCEE505F0807030B106F00040AE
:1082800018B12046FFF745FDC4E500BFC2E510B5B3
:1082900004460CB9012010BDA06900B100E000BF88
:1082A000D4F8880028B9002084F88400204600F023
:1082B0002BF82420C4F888002068006820F0010012
:1082C00021680860A06A10B1204602F0A9F8204693
:1082D00002F0A8FA012800D1DDE72068406820F408
:1082E0009040216848602068806820F02A0021685A
:1082F00088602068006840F001002168086020461E
:1083000002F00AF9C7E7000010B5B6B00446142120
:1083100030A8F8F7A7F8B82102A8F8F7A3F894490D
:10832000206888427CD102210020CDE902101F90F4
:1083300002A8FDF779FA08B1F9F783FD00BF8D486F
:10834000006840F480108B4908600846006800F41B
:108350008010019000BF00BF00BF86480838006849
:1083600040F002008349083908600846006800F0C0
:108370000200019000BF00BF00BF0846006840F047
:10838000080008600846006800F00800019000BF7F
:1083900000BF4FF400503090022031900020329006
:1083A00033900E20349030A97348FCF75FFD042011
:1083B0003090022031900020329033900820349089
:1083C00030A96E48FCF752FD6D486E4908604120A7
:1083D000486000216B488160C1604FF48061016199
:1083E0000021416181614FF48071C1614FF44031DE
:1083F000016200214162FBF759F908B1F9F721FD4B
:1084000000BF6048C4F88000846300BF00220521DB
:108410003520FCF745FF3520FCF72EFFA6E0FFE7EF
:108420005949206888425ED102200021CDE902012D
:1084300000201F9002A8FDF7F7F908B1F9F701FD38
:1084400000BF4C48006840F080404A490860084638
:10845000006800F08040019000BF00BF00BF4548A9
:108460000838006840F010004249083908600846A2
:10847000006800F01000019000BF00BF4FF4C07012
:1084800030900220319000203290339007203490B9
:1084900030A93E48FCF7EAFC394818303C490860EE
:1084A0004F20486000213A488160C1604FF48061EC
:1084B0000161002141618161C16101624162FBF79B
:1084C000F5F808B1F9F7BDFC00BF3148C4F88000E9
:1084D000846300BF002205215220FCF7E1FE5220F8
:1084E000FCF7CAFE42E02B49206888423ED10220B8
:1084F0000021CDE9020100201F9002A8FDF794F9A8
:1085000008B1F9F79EFC00BF1A48006840F000402F
:10851000184908600846006800F00040019000BF5C
:1085200000BF00BF13480838006840F01000114930
:10853000083908600846006800F01000019000BF8C
:1085400000BF032030900220319000203290339001
:108550000820349030A90D48FCF788FC0022062141
:108560005320FCF79DFE5320FCF786FE36B010BD6D
:1085700000500040E844025800040258000C025821
:108580004000024084060024007800400010025899
:10859000FC060024007C004070B504460D461646DB
:1085A000D4F88C00202821D105B10EB9012070BD6E
:1085B0000020E0660E492068884211D0206840689B
:1085C00000F4000060B100BF00BF216851E8001F47
:1085D00041F08060226842E800010029F5D100BF27
:1085E00032462946204602F031FCE0E70220DEE771
:1085F000000C0058704770472DE9F84F04460E46AE
:1086000017469946D4F88800202854D106B117B9E6
:108610000120BDE8F88F00205434E063212060631E
:10862000FCF722FD824627806780543CA068B0F5A5
:10863000805F04D1206910B90025B04602E03546BC
:108640004FF0000820E05346002280212046CDF85C
:10865000009002F05FFC20B12020C4F888000320C5
:10866000D7E745B9B8F80000C0F308002168886270
:1086700008F1020803E02878216888626D1CB4F8CC
:108680005600401EA4F85600B4F856000028DAD16F
:108690005346002240212046CDF8009002F03AFCDB
:1086A00020B12020C4F888000320B2E72020C4F8BD
:1086B00088000020ADE70220ABE770471CB5654895
:1086C00090F8240000287CD16248807A002879D173
:1086D0006048407A002876D15F48016F88475E483D
:1086E000D0ED180AB2EE041A60EE810AB0EE600A0C
:1086F0005A48D0F8901188475748D0ED190AB2EE81
:10870000041A60EE810AB0EE600A5548D0F8901164
:1087100088475148D0ED1A0AB2EE041A60EE810A79
:10872000B0EE600A4F48D0F8901188474A48D0ED23
:108730001B0AB2EE041A60EE810AB0EE600A4A48E3
:10874000D0F8901188474948D0ED000AB0EE600A91
:1087500047489FED482ADFED481A9FED481ADFEDA4
:10876000450AD0F8001188474048D0ED010AB0EE24
:10877000600A43489FED3F2ADFED3F1A9FED3F1A05
:10878000DFED3C0AD0F8001188473848D0ED020AE6
:10879000B0EE600A3B489FED372ADFED371A9FEDB8
:1087A000371ADFED340AD0F8001188472F48D0ED92
:1087B000030AB0EE600A34489FED2E2ADFED2E1A30
:1087C00002E046E03FE02EE09FED2C1ADFED290AA3
:1087D000D0F800118847244890ED3B0ABDEEC00A4E
:1087E00010EE100A00B21F4991ED3B0ABDEEC00A1F
:1087F00010EE101A09B2CDE90010194890ED3B0AAD
:10880000BDEEC00A10EE100A03B2144890ED3B0A08
:10881000BDEEC00A10EE100A02B24FF400711B4800
:10882000F8F7B4FC0FE00B48407A012802D1094860
:10883000C07A40B10748407A012803D10548C07A80
:10884000012800D000BF0348807A012801D102F03E
:1088500061FE1CBD66010024A05000243C5500248C
:10886000D856002474580024105A0024EC5B0024CD
:108870001C510024000000006F12033D9A99193F1B
:10888000245200242C53002434540024A402002435
:1088900000BFFEE71CB50221454801F061F94448DC
:1088A0008168884702200A21424B1022CDE900103E
:1088B00001214148F9F7D8F802200A213D4B102246
:1088C000CDE9001001463D48F9F7CEF80220092114
:1088D000384B1022CDE9001003213948F9F7C4F8CC
:1088E00002200821334B1022CDE900100421354825
:1088F000F9F7BAF82E483049426C90472C482F4976
:10890000426C90472A482E49426C904728482D498E
:10891000426C904728480021D0F8F820904727481B
:108920000021D0F8F820904725480021D0F8F82001
:10893000904724480021D0F8F82090471E489FED2A
:10894000222ADFED211A9FED201ADFED1F0A9FED8D
:108950001E0AD0F80011884718489FED1B2ADFED4A
:108960001A1A9FED191ADFED180A9FED170AD0F8B1
:108970000011884712489FED142ADFED131A9FED6E
:10898000121ADFED110A9FED100AD0F80011884786
:108990000C489FED0D2ADFED0C1A9FED0B1ADFED51
:1089A0000A0A9FED090AD0F8001188471CBD000093
:1089B0000C5C002444030024645C00246C5D0024EF
:1089C000745E00247C5F00240000000010B5154890
:1089D00090F8240020BB1348807A08BB1148407AE5
:1089E000012806D10F48C07A18B90F48816F88470F
:1089F00016E00C48407A012807D10A48C07A0128BD
:108A000003D10948816F88470AE00648407A012867
:108A100006D10448C07A022802D10348816F8847F2
:108A200010BD000066010024A05000241CB50321E5
:108A30002A4801F095F829488168884702200B21CF
:108A4000274B1022CDE9001005212648F9F70CF834
:108A500002200B21224B1022CDE9001006212248D2
:108A6000F9F702F81D481F49426C90471B481E4900
:108A7000426C90471B480021D0F8F82090471A48D4
:108A80000021D0F8F820904716489FED182ADFED16
:108A9000171A9FED161ADFED150A9FED140AD0F88C
:108AA0000011884710489FED112ADFED101A9FED45
:108AB0000F1ADFED0E0A9FED0D0AD0F8001188475E
:108AC000084890ED320A0A4880ED000A064890ED09
:108AD000320A084880ED000A1CBD0000986000249E
:108AE00004020024E8600024F0610024000000007B
:108AF000B4010024B80100241FB5002000900190AB
:108B000002900390FCF76AFB01208DF80000002022
:108B10008DF801004FF00050019012208DF80800F0
:108B200000208DF8090001208DF80A0003208DF83F
:108B30000B0000208DF80C008DF80D0001208DF841
:108B40000E008DF80F006846FCF71AFB0420FCF7B6
:108B50005BFB1FBD08B500BF0E48006840F0010078
:108B60000C4908600846006800F00100009000BF52
:108B700000BF002205210D20FCF792FB0D20FCF721
:108B80007BFB002205210E20FCF78AFB0E20FCF760
:108B900073FB08BDD844025810B51E481E49086032
:108BA0000020886000211C48C160017441748174F8
:108BB000032141610A2181611D21C1610A210162F4
:108BC000032141620A2181621D21C1620A210163E0
:108BD00000214163012181630021C1630C210164F3
:108BE00004214164002181640421C16400210165E4
:108BF0000421416500218165C1650C2101660021C8
:108C0000416604218166FBF7D3FD08B1F9F719F934
:108C100010BD000000A000400402002410B51E4852
:108C20001E4908600020886000211C48C160017452
:108C300041748174032141610A2181611D21C16157
:108C40000A210162032141620A2181621D21C16260
:108C50000A21016340F25631416301218163002101
:108C6000C1630C2101640421416400218164042159
:108C7000C164002101650421416500218165C16550
:108C80000C2101660021416604218166FBF790FDFD
:108C900008B1F9F7D6F810BD00A40040A4020024E2
:108CA00010B51E481E4908600020886000211C483D
:108CB000C160017441748174032141610A218161A1
:108CC0001D21C1610A210162032141620A218162E1
:108CD0001D21C1620A21016340F2AB6141630121A0
:108CE00081630021C1630C210164042141640021DE
:108CF00081640421C16400210165042141650021D2
:108D00008165C1650C2101660021416604218166EF
:108D1000FBF74EFD08B1F9F794F810BD00D4004000
:108D20004403002410B50B4A00210B4803F0C2F99C
:108D30000A4908600A4A00210A4803F0BBF90A49B7
:108D400008600A4A00210A4803F0B4F9094908609A
:108D500010BD000068E40008BD9A0008000000246F
:108D60008CE400088D21000804000024B0E4000811
:108D7000DD9900080800002400B587B0142102A87E
:108D8000F7F770FB00BF4A48006840F0040048490C
:108D900008600846006800F00400019000BF00BFB2
:108DA00000BF0846006840F0800008600846006880
:108DB00000F08000019000BF00BF00BF08460068BF
:108DC00040F0010008600846006800F001000190D2
:108DD00000BF00BF00BF0846006840F010000860F8
:108DE0000846006800F01000019000BF00BF00BFFF
:108DF0000846006840F0020008600846006800F07D
:108E00000200019000BF00BF00BF0846006840F0AC
:108E1000080008600846006800F00800019000BFE4
:108E200000BF00224FF47C412248FCF717F90022D2
:108E30004FF480412048FCF711F900224FF44071B3
:108E40001E48FCF70BF94FF460400290012003909C
:108E500004900020059002A91648FCF707F84FF48B
:108E60008040029001200390022004900020059091
:108E700002A91148FBF7FAFF4FF4E05002900120DD
:108E80000390022004900020059002A90948FBF7F6
:108E9000EDFF4FF4407002900120039002200490F7
:108EA0000020059002A90548FBF7E0FF07B000BDD0
:108EB000E04402580008025800100258000402580A
:108EC00000B58FB000200B900C900D900E90089084
:108ED00009900A901C2101A8F7F7C4FA4FF08040CE
:108EE00023490860EF20486000212148816044F652
:108EF0001F61C1600021016180218161FEF742FA9A
:108F000008B1F8F79EFF4FF480500B900BA918485A
:108F1000FEF786FB08B1F8F794FF1548FEF7CDFD84
:108F200008B1F8F78EFF002008900A9008A91048B1
:108F3000FEF7B6F908B1F8F784FF60200190002031
:108F4000029003900590002201A90948FEF7FDFC5C
:108F500008B1F8F776FF082201A90548FEF7F5FCED
:108F600008B1F8F76EFF0248FEF7C2FC0FB000BD73
:108F7000E403002400B587B000200390049005901E
:108F80000690009001900290184819490860EF205F
:108F9000486000211648816042F20F71C1600021D3
:108FA00001618161FEF7EEF908B1F8F74AFF4FF46D
:108FB0008050039003A90E48FEF732FB08B1F8F782
:108FC00040FF00200090029069460948FEF768F9CA
:108FD00008B1F8F736FF06480068C06840F00100A5
:108FE00003490968C86007B000BD000000080040E0
:108FF0003004002400B587B0002003900490059051
:1090000006900090019002901848194908601720B6
:10901000486000211648816049F63F41C160002147
:1090200001618161FEF7AEF908B1F8F70AFF4FF46C
:109030008050039003A90E48FEF7F2FA08B1F8F742
:1090400000FF00200090029069460948FEF728F9C9
:1090500008B1F8F7F6FE06480068C06840F0010065
:1090600003490968C86007B000BD0000000C00405B
:109070007C04002410B51948194908604FF4E13008
:109080004860002116488160C16001610C21416186
:1090900000218161C1610162416202201049886240
:1090A000C1030F480163FFF7F2F808B1F8F7C9FEF2
:1090B00000210B48FEF75DFE08B1F8F7C2FE002163
:1090C0000748FEF727FE08B1F8F7BBFE0448FEF795
:1090D000F8FD08B1F8F7B5FE10BD000000500040E3
:1090E000C804002410B51848184908604FF4E1304E
:1090F0004860002115488160C16001610C21416117
:1091000000218161C1610162416200200F498862D2
:109110000846FFF7BCF808B1F8F793FE00210B48AA
:10912000FEF727FE08B1F8F78CFE00210748FEF78E
:10913000F1FD08B1F8F785FE0448FEF7C2FD08B15D
:10914000F8F77FFE10BD0000007800405C050024A9
:1091500010B51848184908604FF4165048600021AF
:1091600015488160C16001610C214161002181616C
:10917000C1610162416200200F4988620846FFF721
:1091800086F808B1F8F75DFE00210B48FEF7F1FD07
:1091900008B1F8F756FE00210748FEF7BBFD08B1FD
:1091A000F8F74FFE0448FEF78CFD08B1F8F749FECA
:1091B00010BD0000007C0040F005002400BFFEE769
:1091C0002DE9F04104460E4615461F46DDF818808D
:1091D000277784F81D80A6771048A0601048E060CB
:1091E00010482061104860611048A061982229460B
:1091F00004F12000F7F71DF995F8981084F8B810DD
:109200009B21B5F89920BB20A4F8B920495D0155F0
:10921000D5F89C10C4F8BC10BDE8F081319200086C
:1092200043920008D9070008C3070008B9070008DF
:1092300070B5044625462046F7F7C6FA012020708F
:1092400070BD01467047000010B52DED028B04463D
:10925000B0EE408A607F20B3012802D0022833D1CB
:1092600031E094ED5E0AB8EEC00AF0EE400AB0EECE
:10927000480A04F58A7002F037FDF0EE408AB4F92E
:10928000640100EE100AB8EEC00AF0EE400AB0EE3B
:10929000680A04F1C40002F027FD0F4880ED000ABF
:1092A00012E0B4F9640100EE100AB8EEC00AF0EE64
:1092B000400AB0EE480A04F1C40002F015FD064869
:1092C00080ED000A00E000BF00BF034890ED000AF7
:1092D000BDEC028B10BD0000B400002400BFFEE70F
:1092E0000021C160016141619FED0A0A80ED060A1B
:1092F0009FED080A80ED070A9FED060A80ED080A37
:109300009FED040A80ED090A9FED020A80ED0A0A2A
:109310007047000000000000816A21F00042C2F1A5
:10932000FF42D20F52B9816A4FF07F42B2EB410F38
:1093300001D1012200E00022012A02D102224621AD
:109340000A54704770B504460D4616462570074806
:10935000E0640748A0642046E16C88473146204617
:10936000A26C90474621085570BD0000E1920008AC
:10937000759300080246107800B109B901207047C2
:1093800091ED000A82ED0B0A91ED010A82ED0C0AC3
:1093900091ED020A82ED0D0A91ED030A82ED0E0AAB
:1093A00091ED040A82ED0F0A91ED050A82ED100A93
:1093B0000020A2F8440000BFE1E700002DE9F041E1
:1093C00004460E4600275548006800F003000328B5
:1093D00002D10120BDE8F08150482838006820F013
:1093E00080604E4928390860FBF73EFE054606E0DE
:1093F000FBF73AFE401B022801D90320EAE7474861
:1094000028380068C0F3C0600028F1D100BF43488D
:10941000006820F47C30216840EA01303F49086050
:10942000A088401EC0F30800A168491E4FF47E4288
:1094300002EA41210843A189491ED20102EA014101
:109440000843217C491E120202EA016108433349A4
:109450001031086000BF3148001D006820F0C000D6
:10946000616908432D49091D08600846006820F01D
:109470002000A16908432949091D086008460068C1
:1094800020F0100008602548143000684FF6F8718D
:109490008843E16940EAC1002049143108601F484F
:1094A000001D006840F010001C49091D08602EB91D
:1094B0000846006840F40020086012E0012E08D140
:1094C0001648001D006840F480101449091D08600A
:1094D00007E01248001D006840F400100F49091D04
:1094E00008600E482838006840F080600B49283931
:1094F0000860FBF7B9FD054606E0FBF7B5FD401B2C
:10950000022801D9032065E7044828380068C0F321
:10951000C0600028F1D038465CE7000028440258BB
:109520002DE9F04104460E4600275548006800F03A
:109530000300032802D10120BDE8F08150482838FB
:10954000006820F080504E4928390860FBF78CFDF8
:10955000054606E0FBF788FD401B022801D90320E1
:10956000EAE7474828380068C0F340700028F1D186
:1095700000BF4348006820F07C70218840EA015019
:109580003F490860A088401EC0F30800A168491E3A
:109590004FF47E4202EA41210843A189491ED201CB
:1095A00002EA01410843217C491E120202EA0161DC
:1095B000084333491831086000BF3148001D006876
:1095C00020F44060616908432D49091D0860084680
:1095D000006820F40070A16908432949091D08604A
:1095E0000846006820F48070086025481C30006838
:1095F0004FF6F8718843E16940EAC10020491C3107
:1096000008601F48001D006840F480701C49091D57
:1096100008602EB90846006840F48000086012E037
:10962000012E08D11648001D006840F400001449BE
:10963000091D086007E01248001D006840F08070B6
:109640000F49091D08600E482838006840F0805016
:109650000B4928390860FBF707FD054606E0FBF7D4
:1096600003FD401B022801D9032065E70448283880
:109670000068C0F340700028F1D038465CE7000075
:10968000284402582DE9F04706460F469046994671
:10969000454660E0745D3248007820B101280ED064
:1096A000022850D124E05B2C01D05C2C06D12D483F
:1096B00004702D48047001202949087043E02948AE
:1096C0000078844207D12848447002202749087056
:1096D000234908700BE05B2C01D05C2C04D121489D
:1096E00004702148047002E000201D4908702AE03F
:1096F0001E4801780078401C1C4A10701A484454D7
:109700001046007809281DD1164800785B2801D141
:109710002B2000E02C2082461348007A50450BD1C4
:10972000104800785B2803D00E4800785C2803D1ED
:109730000F490D4800F0C4F80020094908700B4992
:10974000087000BF00BF00BF681C90FBF7F107FB6B
:10975000110085B200BF4D459CD1BDE8F0870000E7
:10976000A6000024A800002494500024A700002490
:109770006601002410B54D48D0F8800000684C49BF
:10978000884276D04948D0F88000006848491831AE
:1097900088426ED04548D0F8800000684449303196
:1097A000884266D04148D0F880000068404948317E
:1097B00088425ED03D48D0F8800000683C49603166
:1097C000884256D03948D0F880000068384978314E
:1097D00088424ED03548D0F8800000683449903136
:1097E000884246D03148D0F8800000683049A8311E
:1097F00088423ED02D48D0F8800000682D4988422C
:1098000037D02A48D0F8800000682A4918318842A9
:109810002FD02648D0F88000006826493031884291
:1098200027D02248D0F88000006822494831884279
:109830001FD01E48D0F8800000681E496031884261
:1098400017D01A48D0F8800000681A497831884249
:109850000FD01648D0F88000006816499031884231
:1098600007D01248D0F8800000681249A831884219
:1098700005D10E48D0F880000068406804E00B482D
:10988000D0F8800000684068C0F1400084B20A4807
:109890000088844208D023460748028840210748B0
:1098A000FFF7F0FE0448048010BD0000C804002447
:1098B0001000024010040240A40000242866002486
:1098C00030B504460D46207818B1607808B1207A8A
:1098D00020B90120404981F8240030BD20785B2860
:1098E00067D160785B2864D1207A2B2861D12078F9
:1098F000287060786870207AA870A0780009E870F5
:10990000A07800F001006872A078C0F34000A8724F
:10991000A078C0F38100E872E07800F001002873BD
:10992000E078C0F340006873E078C0F38000A8736B
:10993000E078C0F3C000E873E078C0F3001028744A
:10994000E078C0F340106874E078C0F38010A87429
:10995000E078C009E874207964302875607940B2F5
:109960006875A07940B2A875E07940B2E875687A68
:1099700001280CD1E87A50B9A078C0F30010A87182
:10998000A078C0F341106871A078C0092871687A86
:10999000012809D1E87A022806D1A078C0F3011085
:1099A0002872A0788009E87100200B4981F8240012
:1099B00010E020785C280DD160785C280AD1207AEC
:1099C0002C2807D12146284602F0D0FB002002496E
:1099D00081F8240000BF80E7660100241CB500BFA9
:1099E000284890F82500012828D1274827490268EF
:1099F000274802F0EBFB012003F052FD25482649E1
:109A0000264B274ACDE900102649274802F042FCA0
:109A10000446254800F0E0F8214800F0DDF8012078
:109A200003F03EFD03F03AFB0020164981F82500C3
:109A300001201E49087003F033FD00BF1B48007869
:109A400001281AD11A48807840280DDC64230722A7
:109A500018491948FEF7D0FD15488078401C144974
:109A60008870012003F01CFD11488078402804DD37
:109A700000200F4988700D490870052002F0C4FAD3
:109A8000AEE7000066010024D801002474660024BB
:109A900068660024E8010024E4010024E0010024B9
:109AA000D4660024DC010024846600245E010024C6
:109AB000580100245F010024F005002400BF0120AC
:109AC00002F0A2FAFBE710B5F7F7B4F90520FAF7B0
:109AD00067FAFEF7DFFE0520FAF762FAFEF7A6FF47
:109AE0000520FAF75DFA01F06DFA0520FAF758FA49
:109AF00010BD70B504460D4604B115B90120606073
:109B000070BD607F062802DB02206060F8E700205D
:109B100010E004F1200151F82010A94205D004F111
:109B20003801095CAA7F914202D103216160E7E715
:109B3000411CC8B2617F8142EBDC617F04F12000EF
:109B400040F82150A97F627F18308154607F401C0B
:109B500060772846A96888470020606000BFCFE78B
:109B600010B50A4602770E4981600E49C1600E4960
:109B700001610E4941610E4981610E494164002134
:109B800008E0002400F1200343F8214018335C541E
:109B90004B1CD9B20629F4DB0021417710BD00002F
:109BA000B99B0008CB9B0008D9070008C307000831
:109BB000B9070008F39A000870B504462546204608
:109BC000F6F702FE0020207070BD70B504462546F1
:109BD0002046F6F7FEFD70BD10B5014601220020BB
:109BE00030E051F820300D2B28D2DFE803F02707B2
:109BF000270B0F271317271B1F272300032341F8C9
:109C000020301CE0012341F8203018E0062341F801
:109C1000203014E0042341F8203010E0092341F8FB
:109C200020300CE0072341F8203008E00C2341F8F5
:109C3000203004E00A2341F8203000E000BF00BFDC
:109C4000431C98B29042CCDB10BD10B54FF0E02021
:109C5000006904F0B3F9012801D003F0FDFD10BD47
:109C600000B59DB04C210AA8F6F7FCFB202102A804
:109C7000F6F7F8FB0220FBF765FB00BF0020019020
:109C80002448006820F440402249086008460068E3
:109C900000F44040019000BF00BF00BF1D480068B5
:109CA00000F40050B0F5005FF8D101200A900004E4
:109CB0000B900220139002211491159128211691E6
:109CC0000121179104211891022119910C211A9157
:109CD00000211B911C910AA8FCF730FF08B1F8F78E
:109CE000B0F83F2002900320039000200490082049
:109CF00005904020069007900001089040200990B0
:109D0000032102A8FCF7F4FB08B1F8F79AF81DB09C
:109D100000BD0000184802583A48006840F470003E
:109D2000384908603848006800F00F00072806D25C
:109D30003548006820F00F00C01D334908603348E3
:109D4000006840F001003149086000202F491031BF
:109D500008602E4800682E4908402C4908602A48AF
:109D6000006800F00F00072806D92748006820F097
:109D70000F00C01D244908600020244918310860E4
:109D8000091D0860091D0860224820492831086023
:109D90002148091D08602148091D08600020091D8F
:109DA00008601E48091D08600020091D08601B4846
:109DB000091D08600020091D08601448006820F48F
:109DC00080201249086000201049603108600F4867
:109DD000D430006800F4805098B90C48D430006842
:109DE00040F480500949D431086043F2D2000C4954
:109DF00008600648D430006820F480500349D4310C
:109E00000860704788ED00E00020005200440258CE
:109E10007FEDF6EA000202020000FF01800201016C
:109E20000040005210B508480068006900F00100C9
:109E300030B16FF00100044909680861FEF7C6FD02
:109E40000148FDF788FC10BD3004002410B5084817
:109E50000068006900F0010030B16FF001000449B2
:109E600009680861FEF72AFC0148FDF774FC10BD83
:109E70007C04002410B50248FDF76DFC10BD000005
:109E80007407002410B502682E4B98420ED0B0F132
:109E9000804F0BD02C4B984208D02C4B984205D0C9
:109EA0002B4B984202D02B4B984203D122F07002E8
:109EB0004B681A43234B98421DD0B0F1804F1AD003
:109EC000214B984217D0214B984214D0204B9842F6
:109ED00011D0204B98420ED01F4B98420BD01F4BF5
:109EE000984208D01E4B984205D01E4B984202D093
:109EF0001D4B984203D122F44072CB681A4322F0E2
:109F000080034C6943EA04028B68C3620B68836276
:109F10000C4B98420BD00F4B984208D00E4B9842F6
:109F200005D00E4B984202D00D4B984201D10B69DF
:109F30000363036843F00403036001234361026089
:109F400010BD000000000140000400400008004077
:109F5000000C00400004014000400140004401406A
:109F60000048014000E0004000E4004030B501F04E
:109F70001F05012404FA05F3046A9C430462046A81
:109F800001F01F0502FA05F52C43046230BD30B51F
:109F90000C46816821F47F4142EA03252543294389
:109FA000816030BD0A468168034B194042F00703C7
:109FB00019438160704700008FFFCFFF30B5026A00
:109FC000056A25F00105056243688469204D2C402F
:109FD00024F003040D682C4322F002028D682A430A
:109FE0001C4DA84200D10FE01B4DA84200D10BE050
:109FF0001A4DA84200D107E0194DA84200D103E054
:10A00000184DA84206D100BF22F00802CD682A43AD
:10A0100022F004020F4DA8420BD00F4DA84208D0E9
:10A020000E4DA84205D00E4DA84202D00D4DA842BB
:10A0300007D123F4807323F400734D692B438D699A
:10A040002B43436084614D684563026230BD00006C
:10A050008FFFFEFF0000014000040140004001406E
:10A06000004401400048014030B5026A056A25F00D
:10A070001005056243688469224D2C4024F4407425
:10A080000D6844EA052422F020028D6842EA051298
:10A090001D4DA84200D10FE01C4DA84200D10BE09D
:10A0A0001B4DA84200D100BF1A4DA84200D100BFED
:10A0B000194DA84207D106E022F08002CD6842EA9D
:10A0C000051222F04002104DA8420BD00F4DA842BD
:10A0D00008D00F4DA84205D00E4DA84202D00E4D1B
:10A0E000A84209D123F4806323F400634D6943EA55
:10A0F00085038D6943EA8503436084614D68856308
:10A10000026230BDFF8FFFFE0000014000040140ED
:10A1100000400140004401400048014030B5026A5F
:10A12000056A25F4807505624368C469224D2C4098
:10A1300024F003040D682C4322F400728D6842EA77
:10A1400005221E4DA84200D10FE01D4DA84200D1AE
:10A150000BE01C4DA84200D100BF1B4DA84200D10E
:10A1600000BF1A4DA84207D106E022F40062CD6874
:10A1700042EA052222F48062104DA8420BD0104D15
:10A18000A84208D00F4DA84205D00F4DA84202D0DA
:10A190000E4DA84209D123F4805323F400534D6996
:10A1A00043EA05138D6943EA05134360C4614D68B2
:10A1B000C563026230BD00008FFFFEFF000001405A
:10A1C00000040140004001400044014000480140BB
:10A1D00030B5036A056A25F4805505624468C26992
:10A1E000124D2A4022F440720D6842EA052223F4FF
:10A1F00000538D6843EA05330D4DA8420BD00D4D39
:10A20000A84208D00C4DA84205D00C4DA84202D05F
:10A210000B4DA84204D124F480444D6944EA8514CE
:10A220004460C2614D680564036230BDFF8FFFFE6C
:10A230000000014000040140004001400044014092
:10A240000048014030B5026A056A25F48035056290
:10A250004368446D114D2C400D682C4322F40032AC
:10A260000D8942EA05420E4DA8420BD00D4DA84281
:10A2700008D00D4DA84205D00C4DA84202D00C4D7F
:10A28000A84204D123F480334D6943EA0523436097
:10A2900044654D688565026230BD00008FFFFEFF9A
:10A2A0000000014000040140004001400044014022
:10A2B0000048014030B5026A056A25F48015056240
:10A2C0004368446D114D2C400D6844EA052422F486
:10A2D00000120D8942EA05520D4DA8420BD00D4DDA
:10A2E000A84208D00C4DA84205D00C4DA84202D07F
:10A2F0000B4DA84204D123F480234D6943EA852302
:10A30000436044654D68C565026230BDFF8FFFFE46
:10A3100000000140000401400040014000440140B1
:10A320000048014030B50B461446026A056A25F024
:10A3300001050562816921F0F00141EA041122F072
:10A340000A021A438161026230BD30B50B461446E1
:10A35000026A056A25F010050562816921F47041E1
:10A3600041EA043122F0A00242EA03128161026252
:10A3700030BD000010B50B480068C06900F0100047
:10A3800010280BD1074800680068C0F3001028B1FE
:10A390001020044909680862FFF7ECF90148FDF74D
:10A3A0001BFD10BDC804002410B50248FDF714FDC4
:10A3B00010BD00005C05002410B50248FDF70CFD3F
:10A3C00010BD0000F005002470B5456E2DB90125C3
:10A3D000A0F86A50A0F868501CE01023102405680B
:10A3E000AD68C5F342610568AD686A0F0A4DAD5CA2
:10A3F00015FB04F5094EB65C95FBF6F5A0F86A501E
:10A40000054D6D5C15FB03F5044E765C95FBF6F58A
:10A41000A0F8685070BD000050E5000858E500083D
:10A4200090F8281001F00801082907D1016849684F
:10A4300021F40041826B11430268516090F82810AA
:10A4400001F0010139B10168496821F40031C26AA3
:10A4500011430268516090F8281001F002010229AE
:10A4600007D10168496821F48031026B1143026809
:10A47000516090F8281001F00401042907D1016807
:10A48000496821F48021426B11430268516090F8C1
:10A49000281001F01001102907D10168896821F402
:10A4A0008051C26B11430268916090F8281001F04E
:10A4B0002001202907D10168896821F40051026C2C
:10A4C00011430268916090F8281001F04001402982
:10A4D00013D10168496821F48011426C114302686C
:10A4E0005160416CB1F5801F07D10168496821F4C2
:10A4F000C001826C11430268516090F8281001F08D
:10A500008001802907D10168496821F40021C26CCB
:10A51000114302685160704738B504460020C4F802
:10A520009000FAF7A1FD05462068006800F00800D9
:10A53000082821D16FF07E402B4600224FF40011F5
:10A540000090204600F0E6FCB0B100BF00BF2168DB
:10A5500051E8001F21F08000226842E80001002934
:10A56000F5D100BF2020C4F8880000BF002084F887
:10A57000840000BF032038BD2068006800F004009C
:10A58000042830D16FF07E402B4600224FF480012A
:10A590000090204600F0BEFC28B300BF00BF216839
:10A5A00051E8001F21F49070226842E80001002960
:10A5B000F5D100BF00BF00BF2168083151E8001F7E
:10A5C00021F001002168083141E80002002AF3D19E
:10A5D00000BF2020C4F88C0000BF002084F8840055
:10A5E00000BF0320C7E72020C4F88800C4F88C000F
:10A5F0000020E066206700BF84F8840000BF00BF31
:10A60000B9E770B50446A56B0020A5F85E002846A2
:10A61000FDF7E0FB70BD2DE9F0410546AC6BD4F8C9
:10A620008860D4F88C702068806800F080008028F2
:10A6300007D1212E05D10020A4F85600204600F0B5
:10A64000D1F82068806800F04000402807D1222F10
:10A6500005D10020A4F85E00204600F075F8D4F87B
:10A66000900040F01000C4F890002046FDF7B2FBC7
:10A67000BDE8F08170B50546AC6BE869B0F5807F48
:10A6800040D00020A4F85E0000BF00BF216851E860
:10A69000001F21F48070226842E800010029F5D1F2
:10A6A00000BF00BF00BF2168083151E8001F21F042
:10A6B00001002168083141E80002002AF3D100BFFF
:10A6C00000BF00BF2168083151E8001F21F04000A1
:10A6D0002168083141E80002002AF3D100BF2020A0
:10A6E000C4F88C00E06E01280CD100BF00BF2168C7
:10A6F00051E8001F21F01000226842E80001002903
:10A70000F5D100BF00202067E06E012805D1B4F824
:10A710005C102046FDF7FCFA02E02046FDF76AFFD8
:10A7200070BD70B50546AC6B01202067E06E012856
:10A7300006D1B4F85C0041082046FDF7E9FA02E0D2
:10A740002046FDF758FF70BD00BF00BF026852E809
:10A75000002F22F49071036843E80012002AF5D11B
:10A7600000BF00BF00BF0268083252E8002F104B44
:10A7700002EA03010268083242E80013002BF2D11A
:10A7800000BFC16E01290CD100BF00BF026852E8B2
:10A79000002F22F01001036843E80012002AF5D1CF
:10A7A00000BF2021C0F88C100021C16641677047AE
:10A7B000FEFFFFEF10B5044600BF00BF216851E85F
:10A7C000001F21F04000226842E800010029F5D175
:10A7D00000BF2020C4F888000020A0672046FDF7B5
:10A7E0006CFF10BD00BF00BF026852E8002F22F0CE
:10A7F000C001036843E80012002AF5D100BF00BF82
:10A8000000BF0268083252E8002F22F400010268FB
:10A81000083242E80013002BF3D100BF2021C0F81A
:10A82000881070472DE9F04F89B005460020089048
:10A83000F8492868884200D100E000BF2969A8686B
:10A84000084369690843E96940EA01082868006823
:10A85000F149084040EA0800296808602868406813
:10A8600020F44050E968084329684860D5F818800A
:10A87000E8492868884202D0286A40EA080828681F
:10A880008068E649084040EA08002968886028682E
:10A89000C06A20F00F00696A08432968C86200BFD7
:10A8A000DF492868884220D1DE48006800F038007F
:10A8B000182811D005DC48B1082809D0102811D17A
:10A8C00008E020280AD028280CD109E001240BE058
:10A8D000042409E0082407E0102405E0202403E014
:10A8E000402401E0802400BF42E1CF49286888422B
:10A8F00019D1CC48006800F00700062810D2DFE824
:10A9000000F0030507090B0D00240BE0042409E007
:10A91000082407E0102405E0202403E0402401E09F
:10A92000802400BF24E1C1492868884219D1BD486C
:10A93000006800F00700062810D2DFE800F00305E9
:10A9400007090B0D00240BE0042409E0082407E0AC
:10A95000102405E0202403E0402401E0802400BF0F
:10A9600006E1B3492868884219D1AE48006800F072
:10A970000700062810D2DFE800F0030507090B0DD9
:10A9800000240BE0042409E0082407E0102405E07B
:10A99000202403E0402401E0802400BFE8E0A54932
:10A9A0002868884219D19F48006800F007000628EF
:10A9B00010D2DFE800F0030507090B0D00240BE0BF
:10A9C000042409E0082407E0102405E0202403E023
:10A9D000402401E0802400BFCAE0974928688842EB
:10A9E00020D19048006800F03800182811D005DC0C
:10A9F00048B1082809D0102811D108E020280AD031
:10AA000028280CD109E001240BE0042409E00824E3
:10AA100007E0102405E0202403E0402401E0802426
:10AA200000BFA5E085492868884219D17D480068A3
:10AA300000F00700062810D2DFE800F00305070940
:10AA40000B0D00240BE0042409E0082407E0102487
:10AA500005E0202403E0402401E0802400BF87E0DB
:10AA600077492868884219D16E48006800F00700CD
:10AA7000062810D2DFE800F0030507090B0D0024BB
:10AA80000BE0042409E0082407E0102405E020245A
:10AA900003E0402401E0802400BF69E069492868A0
:10AAA000884220D15F48006800F03800182811D093
:10AAB00005DC48B1082809D0102811D108E0202869
:10AAC0000AD028280CD109E001240BE0042409E075
:10AAD000082407E0102405E0202403E0402401E0DE
:10AAE000802400BF44E058492868884220D14D485E
:10AAF000006800F03800182811D005DC48B108289B
:10AB000009D0102811D108E020280AD028280CD11B
:10AB100009E001240BE0042409E0082407E01024E4
:10AB200005E0202403E0402401E0802400BF1FE072
:10AB30003849286888421AD13A48001D006800F058
:10AB40000700062810D2DFE800F0030507090B0D07
:10AB500002240BE0042409E0082407E0102405E0A7
:10AB6000202403E0402401E0802400BF00E0802492
:10AB700000BF2849286888424BD1102C1AD006DC27
:10AB8000022C09D0042C0BD0082C29D10DE0202C4C
:10AB900021D0402C24D120E0FAF704FC064623E023
:10ABA00005A8FAF711FC069E1EE002A8FAF724FD9C
:10ABB000039E19E01B4854380068C0F3401040B1B0
:10ABC000184854380068C0F3C101204820FA01F643
:10ABD00000E01E4E08E01E4E06E04FF4004603E083
:10ABE00000260120089000BF00BF002E10D0194998
:10ABF000686A31F81000B6FBF0F9686800EB4000B5
:10AC0000484503D868680003484525D201200890CC
:10AC100007E153E0000C0058F369FFCFFFF4FF1188
:10AC200000100140544402580044004000480040D5
:10AC3000004C0040005000400014014000780040EB
:10AC4000007C004000180140001C01400090D0032F
:10AC500000093D0038E500087849686A31F810C0FD
:10AC60006246002330461946F5F7B2FB4FF4807C6C
:10AC700000220346A3FB0C0B01FB0CB103FB0213E8
:10AC80006968490884461CEB010143EB0200CDE9E9
:10AC90000010D5F804C06246002308460199F5F774
:10ACA00097FB0746B7F5407F05D3B7F5801F02D263
:10ACB0002868C760B5E001200890B2E0E869B0F507
:10ACC000004F5BD1082C1AD005DC5CB1012C0DD0F3
:10ACD000042C2DD10EE0102C16D0202C23D0402C8B
:10ACE00026D122E0FBF7F0FD064625E0FBF7FEFD4E
:10ACF000064621E005A8FAF767FB069E1CE002A8BD
:10AD0000FAF77AFC039E17E04D480068C0F3401044
:10AD100038B14B480068C0F3C1014A4820FA01F637
:10AD200000E0484E08E0484E06E04FF4004603E0DD
:10AD300000260120089000BF00BF7EB33F49686A2B
:10AD400031F81000B6FBF0F04000696800EB5100EC
:10AD5000B0FBF1F7102F0ED3B7F5803F0BD24FF6B3
:10AD6000F07007EA000AC7F342004AEA000A2868BE
:10AD7000C0F80CA055E00120089052E0082C1BD030
:10AD800005DC64B1012C0ED0042C2ED10FE0102C68
:10AD900017D0202C24D0402C27D123E041E0FBF712
:10ADA00093FD064625E0FBF7A1FD064621E005A838
:10ADB000FAF70AFB069E1CE002A8FAF71DFC039EA8
:10ADC00017E01F480068C0F3401038B11C48006805
:10ADD000C0F3C1011B4820FA01F600E0194E08E05B
:10ADE000194E06E04FF4004603E0002601200890CB
:10ADF00000BF00BFAEB11149686A31F81000B6FB60
:10AE0000F0F0696800EB5100B0FBF1F7102F06D3AA
:10AE1000B7F5803F03D2B8B22968C86001E00120CD
:10AE200008900120A5F86A00A5F86800002068676E
:10AE3000A867089809B0BDE8F08F000038E5000861
:10AE4000004402580090D00300093D0070B504464C
:10AE50000E46154644F8586FA5800020A0632220B6
:10AE60006063A06A583CF8B12748241DE16FC863AD
:10AE70002648E16F08642648E16FC8640020E16F4E
:10AE8000086554F8043C03F12401626DE06F241F4F
:10AE90002B46F8F795FE38B11020C4F8900020201A
:10AEA000C4F88C00012070BD206960B100BF00BFF4
:10AEB000216851E8001F41F48070226842E80001D7
:10AEC0000029F5D100BF00BF00BF2168083151E85B
:10AED000001F41F001002168083141E80002002A0A
:10AEE000F3D100BF00BF00BF2168083151E8001F47
:10AEF00041F040002168083141E80002002AF3D106
:10AF000000BF0020CFE7000075A6000823A70008B7
:10AF100017A600082DE9F04104460D46174698464D
:10AF2000069E41E0701C00283ED0FAF79DF8A0EB89
:10AF30000800B04200D816B90320BDE8F0812068AF
:10AF4000006800F0040070B3802D2DD0402D2BD070
:10AF50002068C069C0F3C00078B108202168086289
:10AF60002046FFF7F1FB0820C4F8900000BF002046
:10AF700084F8840000BF0120DFE72068C069C0F3C7
:10AF8000C02080B14FF40060216808622046FFF7BE
:10AF9000DBFB2020C4F8900000BF002084F8840070
:10AFA00000BF0320C9E7FFE72068C0692840A84226
:10AFB00001D1012000E00020B842B3D00020BCE75E
:10AFC00000BFFEE71FB501211548FEF7C9FD144873
:10AFD0008168884702200721124B0522CDE9001025
:10AFE00011461148F6F740FD104801210022009259
:10AFF0000C4BCDE90121039040F20522911F0C4832
:10B00000F6F772F806480849426C90470448084928
:10B01000426C904704480021D0F8F82090471FBDAB
:10B02000C4650024A4020024BC6400243801002468
:10B03000206300244100080218BF04200A0E18BF34
:10B0400040F001004FF07F4232EA010108BF40F0BA
:10B050000200012808BF0520704701464FF0333237
:10B060004FF0553000EA5100091A01EA020002EAE5
:10B070009103C11801EB111000F00F3101EB112108
:10B0800001EB114101F03F007047000002480068E9
:10B09000C0F30220704700000CED00E010B500285E
:10B0A00004DB0A07130E054A135406E00A07140EC0
:10B0B000034A00F00F031B1FD45410BD00E400E04E
:10B0C00018ED00E0EFF305807047000070B54FF019
:10B0D00068422DED048BF0EE408A18EE900AB0EE37
:10B0E000608A18EE101A02EB4003B3F1654F3CBFC3
:10B0F00002EB4102B2F1654F7DD200BFC0F3C753EE
:10B10000C1F3C7529A1A1B2A09DD10F0004F14BF71
:10B110009FED830A9FED830ABDEC048B70BD12F195
:10B120001A0F36DA11F0004F09D010F0004F0CBFA3
:10B130009FED7D0A9FED7D0ABDEC048B70BD88EE0E
:10B14000889A19EE100AFFF775FF042808BF00F06F
:10B15000C3F918EE900AFFF76DFF054618EE100AC6
:10B16000FFF768FF044619EE100AFFF763FF042D8E
:10B1700018BF052D08D1042C18BF052C04D10028B8
:10B1800004BF022000F0C0F9B0EE490ABDEC048B08
:10B1900070BD4200B2EB410F3AD910F0004F19BF19
:10B1A000DFED630A9FED630ADFED630A9FED630A3B
:10B1B000B0EE481A0A46B1EE688A80F00041F0EE1F
:10B1C000418A10460A1A5200B2F1807F34D24840B8
:10B1D00010F0004FDFED5A1A9FED5A2A1DBF9FED68
:10B1E0005A1A70EEE10A30EE420A9FED581A08BF73
:10B1F00070EEA10A00E040E008BF30EE020AB0EEB7
:10B20000682A01EE482A08EE818AC2EE081A15E083
:10B2100011F0004F04BF9FED4E0AF0EE400AD1D06E
:10B2200010F0004F19BFDFED4B0A9FED4B0ADFED29
:10B230004B0A9FED4B0AC5E7C8EE881A21EEA11A0A
:10B240009FED482ADFED482A41EE022A9FED472A6A
:10B2500001EE222ADFED462A41EE022A9FED452A21
:10B26000BDEC048B01EE222A21EE811A01EE020AC6
:10B2700030EE210A30EE200A70BD4FF07F42B2EB73
:10B28000400F28BFB2EB410F09D2F0EE480AB0EEF2
:10B29000680ABDEC048BBDE8704000F019B940EAC3
:10B2A00001035B0008BF41F0FF410BD0B2EB400F40
:10B2B00008BFB2EB410F08D120F0804008EE900AA1
:10B2C00021F0804108EE101A18E7B2EB400F12BFD0
:10B2D0005FEA410340F0FF4001F000413FF40EAF50
:10B2E000B2EB410F12BF5FEA400200F0004041F0B4
:10B2F000FF413FF403AF4A0092EA40033FF5FEAE40
:10B30000002AACBF9FED1C0A9FED1C0A68EE808AE4
:10B3100028EE008A18EE900A18EE101AEEE60000E9
:10B32000DB0FC9BFDB0FC93FDB0F4940DB0F49C053
:10B330000000C9BF22AAFDB90000C93F22AAFD39F9
:10B340000060ED3EC30ACE37000000BF0000003FA2
:10B3500000000000000049C022AA7DBA0000494058
:10B3600022AA7D3A2DAD65BD8FB8D53D0FB511BE72
:10B3700061C84C3EA8AAAABE0000804F0000802FE2
:10B3800010B52DED040B86B09DED060B10EE101AD6
:10B3900010EE900A8DED000B002918BF0121084323
:10B3A00020F00040C0F17F6000F1E040C00F21D1EB
:10B3B0009DED080B10EE101A10EE900A8DED000BAB
:10B3C000002918BF0121084320F00040C0F17F6030
:10B3D00000F1E040C00F0DD127490798B1EB400FB5
:10B3E00004BF069800283ED00998400004BF089882
:10B3F000002838D09DED080B53EC102B9DED060B6B
:10B4000051EC100BF5F758F8CDE902019DED020B58
:10B4100040F2FF7110EE900A8DED000B31EA1050F2
:10B420001DD00798039900F0004001F000418842C8
:10B4300015D09DED080B8DED040B9DED020B8DEDF0
:10B44000000B10EE900A059961F31E0005909DED2A
:10B45000040B9DED021B31EE400B8DED020B9DEDBB
:10B46000020B0AB010BD012000F04EF80AB0BDE892
:10B47000104000F021B800000000E0FF10B52DEDF5
:10B48000028BB1EEC08A18EE100A20F00040C0F125
:10B49000FF40C00F0AD010EE100A20F00040C0F1AB
:10B4A000FF40C00F04BF012000F02EF8B0EE480AA4
:10B4B000BDEC028B10BD00009FED031B81EE010B64
:10B4C00070470000000000000000000000000000C5
:10B4D00030EE200A704700009FED020A20EE000ABD
:10B4E000704700000000001002E008C8121F08C1E9
:10B4F000002AFAD170477047002001E001C1121FF5
:10B50000002AFBD170470000014908607047000025
:10B5100000020024704700002DE9F34F9DB04FF466
:10B52000F071FD48F4F79EFF3421FC48F4F79AFFD0
:10B5300000200AE01D99884206D00121F84A52F8FD
:10B540002020F64B43F82210401C0328F2DB012098
:10B55000F249F44A126841F82200342110A8F4F7A5
:10B5600081FF002007E0411CEF4A52F8202010AB79
:10B5700043F82210401C0428F5DB0020EB4908604A
:10B58000EB490860FF20EB49087048700020887084
:10B59000401EE94908800120DF490870E34908603E
:10B5A000022000F04BFA0F90022000F050FA0E90AB
:10B5B0002AE2DF48006800EB4000DE4908440188C9
:10B5C000ADF8341080788DF836009DF934509DF92F
:10B5D00035609DF83670384600F099FE0C90681C76
:10B5E00000286FD1DDF83C80DDF8389049464046B0
:10B5F00000F01EFA8346C94850F82B0028B1CC4809
:10B600000068401CCA490860FEE13C4610A850F89A
:10B610002BA0BAF1000F18D0AAF10100012101FA04
:10B6200000F0384088B9AAF1010001FA00F0204387
:10B63000C4B2204600F06BFE1E99884205DDBC486E
:10B640000068401CBA490860DEE108EB4800B249D6
:10B6500001EB401000EB0910005D60BB012008EB1E
:10B660004801AD4A02EB411101EB091108554FFAAF
:10B6700088F08DF814004FFA89F08DF815008DF8D8
:10B680001640AA48006800EB4000AA490844BDF8EB
:10B69000141001809DF816108170A548008801B231
:10B6A000A548A24A126820F81210A0480068401C61
:10B6B0009E49086000BF9E480068401C9C49086085
:10B6C000A2E1FFE73146284600F0B2F90B900B9853
:10B6D0000A2802D00B980C2864D11E990C98884235
:10B6E00060D100209549086095490860B8469048A7
:10B6F00004681DE004EB44008E490856401CA0B1CC
:10B7000004EB44020B461A4492F9011004EB440284
:10B71000985600F08DF90146884802680068401C80
:10B72000864B1860874840F82210834830F914404F
:10B73000002CDFDA002012E0824A52F820107F4A03
:10B740001268521E121A7F4B53F8222043F8202011
:10B750007A4A1268521E121A43F82210401C774A85
:10B76000116801EBD172B0EB620FE5DB002013E052
:10B770000121814001EA080169B16B4951F820308B
:10B780006F490A680968491CDFF8B4C1CCF8001099
:10B790006D4941F82230401C0428E9DB01201FB02C
:10B7A000BDE8F08F00200690002430E06748005785
:10B7B00000EB05096648005700EB060AB9F1010FD6
:10B7C00008DBB9F1030F05DCBAF1010F02DBBAF1B6
:10B7D000040F00DD1AE05146484600F029F983467F
:10B7E00010A951F82B80B8F1000F0ED0A8F101007C
:10B7F000012101FA00F0384038B9A8F1010106989A
:10B80000421C069207AA42F8201000BF641C042CB8
:10B81000CCDB00200590EAE0002004900C98039017
:10B82000002010E001218140059A114051B107A983
:10B8300011F8202001219140049A114304910399A9
:10B84000491C0391401C06998842EBDB1E99039822
:10B85000884200DDC8E004983843C4B20498002848
:10B8600079D1824688E0394810F90A0000EB0508D2
:10B87000374810F90A0000EB0609B8F1010F08DBA0
:10B88000B8F1030F05DCB9F1010F02DBB9F1040FC8
:10B8900000DD6FE04946404600F0CAF883461F4885
:10B8A00050F82B0000B165E010A850F82B00029072
:10B8B000029838B10298401E012101FA00F02040A0
:10B8C00000B957E008EB4800134901EB401000EBCA
:10B8D0000910005DF0BB012008EB48010E4A02EBA5
:10B8E000411101EB091108554FFA88F08DF8040059
:10B8F0004FFA89F08DF805008DF806400B48006876
:10B9000000EB40000B490844BDF8041001809DF88D
:10B910000610817006481FE0446B00240067002475
:10B92000E4660024EC010024F0660024F401002405
:10B93000F001002434670024A4690024F8010024E5
:10B94000FC010024246D0024746D002470E50008BF
:10B9500074E500080DE014E0008800B22F49304A79
:10B96000126821F812002E480068401C2C4908601B
:10B9700000BF00BF0AF1010ABAF1040FFFF673AF6E
:10B9800031E005EB4500274901EB401000EB0610C4
:10B99000005D40BB012005EB4501224A02EB41114D
:10B9A00001EB061108558DF808508DF809608DF8E7
:10B9B0000A401B48006800EB40001B490844BDF8E2
:10B9C000081001809DF80A1081701848008801B2A3
:10B9D0001248134A126820F8121011480068401CDF
:10B9E0000F49086000BF00BF0598401C0590012169
:10B9F00006988140059881423FF70EAF0B480068DA
:10BA0000401C0A49086000BF0848006804490968EA
:10BA10008842FFF6CEAD0020C1E60000A4690024F4
:10BA2000F4010024446B002434670024F001002456
:10BA30000246481E00EB4000104470470146481E75
:10BA4000032290FBF2F302FB1300401C70470146F7
:10BA5000481E032290FBF2F0401C70471CB50446C0
:10BA600078480078401C774908707748C07C0028E7
:10BA70007AD1087800EBD0714910A0EB410101297F
:10BA80004FD172489FED722ADFED721A9FED721A44
:10BA9000DFED6F0A9FED710AD0F8001188477048FA
:10BAA0009FED6B2ADFED6B1A9FED6B1ADFED680AD5
:10BAB0009FED6A0AD0F8001188476A489FED642A12
:10BAC000DFED641A9FED641ADFED610A9FED660AEF
:10BAD000D0F80011884765489FED5D2ADFED5D1ABB
:10BAE0009FED5D1ADFED5A0A9FED5F0AD0F8001155
:10BAF0008847002007E09FED5C0A5D4901EB80016B
:10BB000081ED000A401C0228F5DB022007E09FEDD2
:10BB1000530A574901EB800181ED000A401C0428BB
:10BB2000F5DB9FED540A544880ED000A464991F92F
:10BB300015009FED521ADFED460A9FED510A64236E
:10BB40000022594201F0B8F94E4880ED000A3E4803
:10BB5000807C012806D14B4890ED000AB1EE400AE6
:10BB600080ED000A00200FE06BE0434991ED000AF0
:10BB70004449D1ED000A20EE200A04F1600101EBF6
:10BB8000800181ED000A401C0428EEDB3E48D0ED28
:10BB9000180AB3EE041A60EE810AB0EE600A3B4860
:10BBA000D0F8901188473848D0ED190AB3EE041A3E
:10BBB00060EE810AB0EE600A3548D0F890118847EF
:10BBC0003148D0ED1A0AB3EE041A60EE810AB0EEE5
:10BBD000600A3048D0F8901188472B48D0ED1B0AF6
:10BBE000B3EE041A60EE810AB0EE600A2A48D0F87B
:10BBF00090118847284890ED3B0ABDEEC00A10EE30
:10BC0000100A00B2234991ED3B0ABDEEC00A10EEC6
:10BC1000101A09B2CDE900101D4890ED3B0ABDEEA7
:10BC2000C00A10EE100A03B2184890ED3B0ABDEEB0
:10BC3000C00A10EE100A02B24FF400711748F5F76F
:10BC4000A5FA1CBDC4000024660100241C51002478
:10BC5000000000006F12033D9A99193FF90FC93F88
:10BC6000245200242C530024F90FC9BF345400245B
:10BC7000BC5B002400002042C80000246666E63F4A
:10BC80006666E6BFD4000024A05000243C55002482
:10BC9000D856002474580024105A0024A40200240A
:10BCA000024602F00F0201F00F0141EA0210704754
:10BCB00070B50246012901DC084670BD0123012050
:10BCC0000DE052F82050441E52F82440A54205D001
:10BCD00052F820601C465B1C42F82460401C8842DD
:10BCE000EFDB1846E9E7000010B52DED028B0446A6
:10BCF000B0EE408B2046FDF70FFB4620005D38B1CB
:10BD00002046E16C88479FED820ABDEC028B10BD96
:10BD100084ED018AC4ED028A94ED040A84ED050ADB
:10BD200094ED030A84ED040A94ED010AD4ED020AAD
:10BD300030EE600A84ED030A94ED030AF0EEC00AC7
:10BD400094ED0E0AF4EEC00AF1EE10FA7EDB2078D4
:10BD500001287CD194ED0C0AB5EEC00AF1EE10FA80
:10BD600008D094ED060AD4ED030A30EE200A84EDE3
:10BD7000060A03E09FED660A84ED060A00BF94ED13
:10BD8000060AD4ED0F0AB4EEE00AF1EE10FA04DD73
:10BD900094ED0F0A84ED060A10E094ED060AD4ED46
:10BDA0000F0AF1EE600AB4EEE00AF1EE10FA05D2E5
:10BDB00094ED0F0AB1EE400A84ED060A00BF94ED3F
:10BDC0000B0AD4ED030A20EE200A84ED070A94ED55
:10BDD0000C0AD4ED060A20EE200A84ED080A94ED40
:10BDE000030AD4ED040A30EE600AD4ED0D0A20EE09
:10BDF000200A84ED090A94ED070AD4ED080A30EE12
:10BE0000200AD4ED090A30EE200A84ED0A0A00BFA8
:10BE100094ED0A0AD4ED100AB4EEE00AF1EE10FA3D
:10BE200004DD94ED100A84ED0A0A13E094ED0A0A89
:10BE3000D4ED100AF1EE600AB4EEE00AF1EE10FA69
:10BE400008D294ED100AB1EE400A01E05DE002E094
:10BE500084ED0A0A59E02078022856D194ED030AAD
:10BE6000D4ED040A30EE600AD4ED0B0A20EE200A6D
:10BE700084ED070A94ED0C0AD4ED030A20EE200AA3
:10BE800084ED080A94ED030AD4ED040AB0EE001A1A
:10BE900001EE600AD4ED050A30EE200AD4ED0D0A59
:10BEA00020EE200A84ED090A94ED070AD4ED080A71
:10BEB00030EE200AD4ED090A30EE200AD4ED0A0A49
:10BEC00030EE200A84ED0A0A00BF94ED0A0AD4ED90
:10BED000100AB4EEE00AF1EE10FA04DD94ED100A57
:10BEE00084ED0A0A10E094ED0A0AD4ED100AF1EE8E
:10BEF000600AB4EEE00AF1EE10FA05D294ED100AF1
:10BF0000B1EE400A84ED0A0A00BF94ED0A0AFCE68D
:10BF100000000000014671EE602AF0EE621AB0EEF9
:10BF2000602A30EE423A01208840401E02EE900A1C
:10BF3000F8EEE22A63EE222A82EEA13AFCEEC32A50
:10BF400012EE900A80B27047FCF7D6FDF9F79EF822
:10BF5000FDF786FEFCF710FFFCF7FCFDFCF7B0FFD9
:10BF6000FDF708F8FDF786F8FDF7BCF8FCF714FEBE
:10BF7000FCF754FEFCF794FEFDF73CF8FDF7E8F8FB
:10BF8000F4F778FBF4F7FEFB40F2DC50F8F708F822
:10BF9000FDF799FD0520F8F703F80122D1031648B3
:10BFA000F9F75CF81548FBF775FA00211348FBF721
:10BFB000BDFD08211148FBF7B9FD1148FBF76AFAEE
:10BFC0000F48FBF7C7FA0F48FBF764FA0D48FBF779
:10BFD000C1FA4FF4C86009490968486340F6C410C3
:10BFE00006490968C86300F01FF8FCF79BFE00F0E3
:10BFF00031F800BFFEE7000000080258E403002407
:10C00000300400247C04002470B50546FFF75AF87C
:10C0100010B16FF0050404E0002415B1284601F0CA
:10C020003FFA204670BD000010B5FFF74BF810B185
:10C030006FF0050409E00648006820B901200449B2
:10C040000860002401E04FF0FF34204610BD0000DE
:10C050007400002470B5FFF735F810B16FF00504D7
:10C060001FE011480068012819D100BF801F00217E
:10C07000002804DB0A07130E0C4A135406E00A07D3
:10C08000150E0B4A00F00F031B1FD55400BF00BF55
:10C0900002200549086001F07FFA002401E04FF01A
:10C0A000FF34204670BD00007400002400E400E06E
:10C0B00018ED00E02DE9FF47804689461446002030
:10C0C0000390FEF7FFFF00284ED1B8F1000F4BD0D0
:10C0D000802618258246471E44B3206808B1D4F84C
:10C0E00000A0A06900B1A5692DB1382D03D8207931
:10C0F00000F0010018B1002004B0BDE8F0876069CD
:10C1000008B160698608A06840B1E0685C2805D382
:10C11000206918B1606908B1012708E0A06830B94A
:10C12000E06820B9206910B9002700E00027012F3E
:10C130000CD12169A0684B463246CDE900510290EE
:10C140005146404601F0DCFE03900DE067B903A8BC
:10C15000B2B24B465146CDE90050404601F09EFE3A
:10C16000012801D0002003900398C5E770B504466C
:10C170000D46002016E00146C61700EB9676B21079
:10C18000C61700EB9676B610A0EB8606C6F103063E
:10C190007300911C695C194101F0030604F1180158
:10C1A0000E54401C0C28E6DB044B054A05490648A2
:10C1B000F4F70CFF012084F8250070BDD80100249D
:10C1C000746600246866002466010024F0B5054BFF
:10C1D00090E8700070C3044B91E8F000F0C3034B8B
:10C1E0001A60F0BDE4660024F0660024EC0100242F
:10C1F0002DE9F84F06460F4615469846DDE90AAB8D
:10C200004FF0FF3940F2E730009000242DE0314636
:10C210002046FFF781F938B3194801680098814238
:10C2200022DA174800680090A14615480068286087
:10C2300013480068820013493846F4F7FAF81248A8
:10C240000068CAF800001048006882000F494046A4
:10C25000F4F7EFF80E4850F82400CBF80000384609
:10C260002968FFF725FD2860641C032CCFDB012023
:10C2700000EBE97010B10120BDE8F88F0020FBE76A
:10C28000F8010024246D0024FC010024746D0024B6
:10C29000E46600242DE9F04F9FB080460D46164617
:10C2A0001F46DDE9289A40F2E73B00201E90022459
:10C2B00027E003A804A905AB09AACDE900100AA943
:10C2C0002046FFF795FFD8B10998584518DADDF8F0
:10C2D00024B001201E9009982860099882000AA9BC
:10C2E0004046F4F7A6F8049838600498820005A93F
:10C2F0003046F4F79EF80398C9F80000CAF80040E9
:10C30000641C032CD5DD1E981FB0BDE8F08F10B55E
:10C3100004462046FEF7A1FE10BD00002DE9F041C5
:10C3200005460E461648076816480068001D00F0CE
:10C330002FFF681C38B936B112480168091D124830
:10C3400000F07CFF1AE07C190E4800684460BC4293
:10C3500007D20C480168091D0C48006800F054FF22
:10C360000CE008480168091D0948006800F04CFF0E
:10C3700008480068844201D206480460BDE8F081A4
:10C380003800002424000024B00C00242C000024D9
:10C39000280000245400002410B5044600F05AFF81
:10C3A00024480068401C234908602348006840B9BD
:10C3B000214804600846006801280DD100F0FCF90E
:10C3C0000AE01E48006838B91B480068C06AE16A84
:10C3D000884201D81848046019480068401C184970
:10C3E00008600846006860641649E06A0968884287
:10C3F00002D91449E06A0860E16A01EB8101124A3E
:10C4000002EB8100211D00F019FF00F04DFF0B48E9
:10C41000006868B108480068C06AE16A884207D2CB
:10C420004FF0805009490860BFF34F8FBFF36F8F03
:10C4300010BD00003400002424000024400000242B
:10C44000500000243C0000240008002404ED00E01B
:10C4500008B500F0FFFE12480068E8B9114800F086
:10C46000C3FE114800F0C0FE0E48104908600E4897
:10C470000F49086000200F4B0F4A102100900A203E
:10C4800001F004FA064908600846006820B10BA1D3
:10C490000348006800F0C8FF00F006FF08BD000078
:10C4A00068000024C40C0024D80C00246000002480
:10C4B00064000024EC0C00243C0D0024546D7251E7
:10C4C0000000000010B516E000F0C4FE0C48C06883
:10C4D000C468201D00F05CFE0A480068401E09493F
:10C4E000086009480068401E0749086000F0DCFE4B
:10C4F000204600F05FF8044800680028E4D110BD31
:10C500009C0C0024340000243000002470B5044644
:10C510000D46206C70B1216CE0680144E160D4E903
:10C520000210884201D32168E1602846226CE1684C
:10C53000F3F77FFF70BD2DE9F04104460F46154625
:10C540004FF00008A66B206C48B9206800282CD159
:10C55000A06801F0EBFD80460020A06025E07DB9D9
:10C560003946226C6068F3F764FF216C6068084408
:10C570006060D4E90101884217D32068606014E04C
:10C580003946226CE068F3F754FF216CE068411AE9
:10C59000E1602168E068884203D2216CA068411AFA
:10C5A000E160022D01D106B1761E701CA0634046E9
:10C5B000BDE8F08110B5044694F8590030B9206BFD
:10C5C00000F090FE204600F08DFE1AE094F859002D
:10C5D000012803D1204600F085FE12E094F85900AE
:10C5E000022801D1012000E0002050B900BF5020F6
:10C5F00080F31188BFF34F8FBFF36F8F00BF00BF71
:10C60000FEE710BD0146084A126812680AB9012205
:10C6100000E000220A600A6822B9034A1268D26860
:10C62000106800E0002070476000002430B54FF42F
:10C630007053174800F007042CB1C01D20F007000C
:10C64000134C041B1B1B0246124C22600024114D8C
:10C650006C60D018083820F007000F4C20600024D0
:10C660000D4D2D686C600C4D2D682C601146441AE0
:10C670004C60094C24680C60084D4C682C60084DD7
:10C680004C682C604FF00044064D2C6030BD00001B
:10C6900094140024780000248000002488000024E2
:10C6A000840000249400002400BFFFF70BFF06481D
:10C6B00000680128F9D94FF0805004490860BFF3A1
:10C6C0004F8FBFF36F8FF0E70008002404ED00E008
:10C6D0002DE9F04106460D4617469846069C0DB9D1
:10C6E000246000E02760E66325640121204601F014
:10C6F0003DF984F84C80BDE8F0812DE9F05F824679
:10C700000E4690469B460A9F0C9C4FEA8801A52244
:10C71000206BF3F7A0FEA8F10100216B01EB80096B
:10C7200029F0070909F0070008B9012000E00020FE
:10C7300050B900BF502080F31188BFF34F8FBFF373
:10C740006F8F00BF00BFFEE786B1002507E0715D77
:10C7500004F134004155705D00B902E06D1C102DEC
:10C76000F5D300BF00214320015502E0002084F8EA
:10C770003400382F00D33727E762E76400202065B4
:10C78000201D00F03EFD04F1180000F03AFD246188
:10C79000C7F13800A06164620020606584F8580029
:10C7A0005A465146484600F071FB20600B9808B18C
:10C7B0000B980460BDE8F09F10B5002407E004EB7F
:10C7C00084010F4A02EB810000F00EFD641C382C3E
:10C7D000F5D30C4800F008FD0B4800F005FD0B48B0
:10C7E00000F002FD0A4800F0FFFC0A4800F0FCFCE3
:10C7F00004480949086004480849086010BD000061
:10C8000000080024600C0024740C0024880C002410
:10C810009C0C0024B00C0024280000242C000024D0
:10C8200010B50146164800E0006803688B42FBD350
:10C830000246436813448B4204D143684C68234446
:10C84000436001460A464B6813440468A34211D171
:10C850000C4C03682468A34208D04B6804686468E1
:10C8600023444B6003681B680B6005E0054B1B68A5
:10C870000B6001E003680B60884200D0016010BDCE
:10C8800078000024800000242DE9F04104460D4684
:10C8900016461F464FF0000865602461B5420CD86B
:10C8A000F01BA169884202D34FF0010811E0211D5D
:10C8B0000948006800F0A8FC0BE0BE4204D2BD426B
:10C8C00002D34FF0010804E0211D0448006800F085
:10C8D0009BFC4046BDE8F081640000246000002419
:10C8E00070B5054600F0B6FCA86B08B9012400E05D
:10C8F000002400F0D9FC204670BD70B5054600F05C
:10C90000A9FCA86BE96B884201D1012400E0002456
:10C9100000F0CAFC204670BDF8B505460F461A481F
:10C920000068C068C468201D00F032FC94F828003C
:10C9300000F00400E8B1A06941192B463A462046B0
:10C94000FFF7A2FFD8B1002003462A460146009017
:10C95000204601F047FD064656B900BF502080F33F
:10C960001188BFF34F8FBFF36F8F00BF00BFFEE78B
:10C9700005E094F8280020F0010084F82800204603
:10C98000216A8847F8BD000060000024F0B587B038
:10C99000A0E00398002811DA04AE56B900BF502079
:10C9A00080F31188BFF34F8FBFF36F8F00BF00BFBD
:10C9B000FEE7D6E90020B168904700BF0398002841
:10C9C000E6DB059C606908B9012000E0002010B991
:10C9D000201D00F0DDFB02A800F0DEF805460398FC
:10C9E0000A2875D2DFE800F0090507394163060817
:10C9F0003A4200BF00BF00BF00BF94F8280040F0DB
:10CA0000010084F828000498A269811803462A4688
:10CA10002046FFF739FFF8B12046216A884794F88D
:10CA2000280000F00400B8B1002000900498A1692B
:10CA3000421800231946204601F0D4FC074657B996
:10CA400000BF502080F31188BFF34F8FBFF36F8F6B
:10CA500000BF00BFFEE700BF3BE000BF94F8280026
:10CA600020F0010084F8280033E000BF94F828008B
:10CA700040F0010084F828000498A061A06908B182
:10CA8000012000E0002050B900BF502080F3118841
:10CA9000BFF34F8FBFF36F8F00BF00BFFEE7A069EA
:10CAA00041192B462A462046FFF7EEFE11E094F886
:10CAB000280000F0020018B9204600F013FC05E041
:10CAC00094F8280020F0010084F8280001E0FFE736
:10CAD00000BF00BF002203A90448006801F0E4F889
:10CAE00000287FF456AF07B0F0BD000068000024B6
:10CAF000F8B505460C4600F0ABFD684600F04CF872
:10CB00000646009820BB44B9B54206D801F0ACFBFC
:10CB100031462846FFF700FF1CE03CB10E48006894
:10CB2000006808B9012000E000200446A91B224645
:10CB30000A48006800F08EFC01F096FB50B94FF0F7
:10CB4000805007490860BFF34F8FBFF36F8F01E03C
:10CB500001F08AFBF8BD0000640000246800002496
:10CB600004ED00E00A490968096809B9012100E0FB
:10CB7000002121B14FF0FF31064A116006E004495F
:10CB80000968C968C868034A4168116070470000B5
:10CB9000280000245400002470B5044601F01EFA59
:10CBA000054607480068854204D200F00BF80120D2
:10CBB000206001E00020206001480560284670BD2B
:10CBC000700000242DE9F84334E025480068C0686F
:10CBD000056823480068C068C468201D00F0D8FAC2
:10CBE0002046216A884794F8280000F0040008B322
:10CBF000A0694619AE4207D966602461211D184814
:10CC0000006800F001FB15E0002003462A460146BB
:10CC10000090204601F0E6FB074657B900BF5020C0
:10CC200080F31188BFF34F8FBFF36F8F00BF00BF3A
:10CC3000FEE700BF0A480068006808B9012000E06C
:10CC400000200028C1D00648D0F8008005480068C0
:10CC5000034908600348C0F80080BDE8F88300007D
:10CC600060000024640000240E480068401C08B9DD
:10CC7000012000E0002050B900BF502080F311884F
:10CC8000BFF34F8FBFF36F8F00BF00BFFEE700BF42
:10CC9000502080F31188BFF34F8FBFF36F8F00BF19
:10CCA00000BFFEE79800002408B500BF6846FFF704
:10CCB000A9FC044620460099FFF71AFFFFF766FE1D
:10CCC000F4E770B5044600F0C5FA94F9455010E059
:10CCD000606A08B9012000E0002038B904F124009E
:10CCE00001F076FA18B100F015FC00E003E0681ED0
:10CCF00045B2002DECDC00BFFF2084F8450000F0B9
:10CD0000D3FA00F0A7FA94F9445010E0206908B96A
:10CD1000012000E0002048B904F1100001F058FAA9
:10CD200008B100F0F7FB681E45B200E001E0002DFD
:10CD3000ECDC00BFFF2084F8440000F0B5FA70BDC1
:10CD40002DE9F04104464FF0000800F081FC49480D
:10CD5000006808B9FFF76AFC4748006820400028CF
:10CD600070D1D4B1083404F00700B0B104F007006A
:10CD7000C0F10800044404F0070008B9012000E0F5
:10CD8000002050B900BF502080F31188BFF34F8FAF
:10CD9000BFF36F8F00BF00BFFEE7002C52D03748B3
:10CDA000006884424ED8364E3046056801E02E4673
:10CDB0002D686868A04202D228680028F7D12D4863
:10CDC000006885423ED0306800F10808286830606D
:10CDD0006868001B102819D92F1907F0070008B937
:10CDE000012000E0002050B900BF502080F31188DE
:10CDF000BFF34F8FBFF36F8F00BF00BFFEE76868C0
:10CE0000001B78606C603846FFF70AFD1B496868B4
:10CE10000968081A1949086008460068194909682C
:10CE2000884203D2154800681649086012496868AC
:10CE30000968084368600020286013480068401CA7
:10CE40001149086001F010FA08F0070008B9012044
:10CE500000E0002050B900BF502080F31188BFF3DC
:10CE60004F8FBFF36F8F00BF00BFFEE74046BDE8A6
:10CE7000F08100008000002494000024840000243D
:10CE800078000024880000248C000024001F4FF04C
:10CE900080730360001F21F001030360001F054B36
:10CEA000036014380260001F6FF002030360203833
:10CEB0007047000069CC0008F0B506460C461746DE
:10CEC0001D46B0EE402BB0EE413A31462246384680
:10CED0002B46F0EE420AB0EE621AF0EE431A9FEDD6
:10CEE000430AF0EE403A9FED410AB0EE404A9A42C2
:10CEF00003DD94461A46634600BFF4EEE10AF1EE04
:10CF000010FA0ADDFDEEE04AB0EE640AF0EE610AC6
:10CF1000F8EEC04AF0EE641A00BF994200DD1946EF
:10CF2000914200DA1146824258DA834256DDF4EE2D
:10CF3000C10AF1EE10FA51D8F4EEC11AF1EE10FA6E
:10CF40004CDB00F10A0C61450CDAA0F10A0C8C45AF
:10CF500008DA9FED260AF0EE403A9FED240AB0EE83
:10CF6000404A3FE000F10A0C614518DDA1EB0C0CD2
:10CF700000EE10CAF8EEC04A00F10A0CA3EB0C0C4C
:10CF800000EE10CAB8EEC00A84EE805AF0EE453AC0
:10CF900031EEC10A20EE230AB0EE404A22E0A0F1B1
:10CFA0000A0C8C451EDDACEB010C00EE10CAB8EE8D
:10CFB000C00AF1EE404AA0F10A0CACEB020C00EE04
:10CFC00010CAB8EEC00A84EE805AF0EE453A31EE4F
:10CFD000600A20EE230AB0EE404A03E09FED030A08
:10CFE000B0EE404AB0EE440AF0BD00000000000080
:10CFF00070B505460B46B0EE402AF0EE601A2C469E
:10D0000018461146F0EE420AB0EE611ADFED222A10
:10D01000B0EE623ADFED202AB0EE620A884203DD0C
:10D0200006460846314600BFF4EEC10AF1EE10FA9A
:10D030000ADDFDEEE03AF0EE632AF0EE410AF8EE8A
:10D04000E23AB0EE631A00BF8C4200DD0C46844227
:10D0500000DA044600F10A06A61B02EE906AF8EE1A
:10D06000E23A00F10A068E1B02EE906AF8EEE22A1E
:10D0700083EEA24AB0EE443A71EE603AF0EE602AD6
:10D0800043EE232AB0EE620AB4EEE00AF1EE10FAA3
:10D0900001D2B0EE600A70BD000000000EB52A4853
:10D0A0000021016081808171AA2027490870BB207E
:10D0B000887100200190029000BF09E023490968AF
:10D0C000884204DA224911F8201001AA1154401CA8
:10D0D0000728F3DB0020009000BF09E01D49096824
:10D0E000884204DA1C4911F820100DF80010401C89
:10D0F0000328F3DB9DF805109DF80400FEF7D0FD32
:10D10000114948709DF807109DF80600FEF7C8FD0C
:10D110000D4988709DF809109DF80800FEF7C0FDC4
:10D120000949C8709DF800109DF80A00FEF7B8FD87
:10D13000054908719DF802109DF80100FEF7B0FD49
:10D14000014948710EBD00005F010024DC0100248C
:10D1500084660024E0010024D4660024B0EE401A66
:10D1600030EEC10AF0EE401AB0EE412A00EE100A8D
:10D17000B8EE400A60EE212A01228A40521E00EEDB
:10D18000102AB8EEC03A82EE830A30EE020A7047E7
:10D1900001460A69D1E901309860D1E9010358607C
:10D1A0005068884201D1886850600020086110688A
:10D1B000401E106010687047034B0360034B0B6008
:10D1C0008023136070470000DC0D0024380E00241B
:10D1D000034B0360034B0B604FF480731360704785
:10D1E000381000249410002400F1080141604FF031
:10D1F000FF31816000F10801C1600161002101601F
:10D20000704700210161704710B502460B685C1C35
:10D210000CB9106907E002F1080000E040684468BA
:10D2200024689C42FAD944684C604C68A1608860CC
:10D2300041600A611468641C146010BD42684A6051
:10D2400093688B60936859609160086103685B1C08
:10D250000360704700BF502080F31188BFF34F8FE9
:10D26000BFF36F8F00BF0E480068401C0C49086078
:10D2700008460068012812D10A480068C0B208B9FF
:10D28000012000E0002050B900BF502080F3118839
:10D29000BFF34F8FBFF36F8F00BF00BFFEE7704734
:10D2A0009800002404ED00E00D48006850B900BF6C
:10D2B000502080F31188BFF34F8FBFF36F8F00BFF3
:10D2C00000BFFEE706480068401E054908600846A2
:10D2D000006820B9002080F3118800BF00BF7047AC
:10D2E0009800002470B506463546002E44D0083D0F
:10D2F0002C46224960680968084008B1012000E016
:10D30000002050B900BF502080F31188BFF34F8F29
:10D31000BFF36F8F00BF00BFFEE7206808B9012090
:10D3200000E0002050B900BF502080F31188BFF307
:10D330004F8FBFF36F8F00BF00BFFEE70F496068DC
:10D3400009680840C0B12068B0B90C496068096834
:10D350008843606000F07CF9094960680968084406
:10D36000074908602046FFF75BFA06480068401C42
:10D370000449086000F078FF70BD000094000024AC
:10D38000840000249000002400204FF0E021086178
:10D390008861064800684FF47A71B0FBF1F0401ED6
:10D3A0004FF0E02148610720086170471C0000240D
:10D3B00070B5F2F7F3FF0446102C16D304F1E02009
:10D3C00090F8F05315480078854201DB012000E019
:10D3D000002050B900BF502080F31188BFF34F8F59
:10D3E000BFF36F8F00BF00BFFEE70D48006800F479
:10D3F000E0600C490968884201D8012000E0002063
:10D4000050B900BF502080F31188BFF34F8FBFF396
:10D410006F8F00BF00BFFEE770BD00009C000024BE
:10D420000CED00E0A0000024024600200BE0084BB9
:10D4300053F8303033B9064B43F8301003EBC003D8
:10D440005A6002E0401C0828F1D300BF704700007A
:10D45000C00700242DE9F04105460E4617462C462C
:10D46000FFF7F8FE94F94400401C10B9002084F83E
:10D47000440094F94500401C10B9002084F8450090
:10D48000FFF712FFA06B28B93A46314604F1240099
:10D4900000F062F82046FFF714FCBDE8F0810000C0
:10D4A00070B504460025D4B11248006808B90120BF
:10D4B00000E0002050B900BF502080F31188BFF376
:10D4C0004F8FBFF36F8F00BF00BFFEE700F0C0F8C3
:10D4D00000212046FEF722FF00F0C6FE05463DB9BA
:10D4E0004FF0805004490860BFF34F8FBFF36F8F38
:10D4F00070BD00005C00002404ED00E003490968F1
:10D500000160034909684160704700004C00002435
:10D5100038000024012001490860704748000024B9
:10D5200070B504460D4654B900BF502080F31188F1
:10D53000BFF34F8FBFF36F8F00BF00BFFEE70548FB
:10D54000016818312046FFF75FFE01212846FEF7EB
:10D55000E5FE70BD2400002470B505460E46144655
:10D5600055B900BF502080F31188BFF34F8FBFF330
:10D570006F8F00BF00BFFEE70648016818312846DC
:10D58000FFF75CFE0CB14FF0FF3621463046FEF748
:10D59000C5FE70BD2400002410B586B000200590A3
:10D5A000049003AA04A905A8FFF706FE0022DDE9FE
:10D5B00004101346CDE9002102901EA11F48039AD2
:10D5C00000F09EFC1E4908600846006808B101246E
:10D5D00000E00024012C02D100F0C8FE0446012C1A
:10D5E00015D100BF502080F31188BFF34F8FBFF3D8
:10D5F0006F8F00BF4FF0FF301249086001201249C1
:10D60000086000201149086000F072F810E0601C0A
:10D6100008B1012000E0002050B900BF502080F385
:10D620001188BFF34F8FBFF36F8F00BF00BFFEE7BE
:10D6300006B010BD49444C4500000000A9C60008D2
:10D640005800002454000024400000243800002426
:10D6500002480068401C0149086070475C000024D3
:10D660001E48006818B101201D49086034E0002000
:10D670001B4908601B4801680CE051B900BF5020ED
:10D6800080F31188BFF34F8FBFF36F8F00BF00BFD0
:10D69000FEE7491E01EB8100134A52F8200008B949
:10D6A000012000E000200028E7D101EB81020E4BB1
:10D6B00003EB820042685268426000F1080243684E
:10D6C000934202D14268526842604268D268074B76
:10D6D0001A600448016000BF704700005C0000242D
:10D6E000480000243C0000240008002424000024FA
:10D6F0001CB5524800685249884201D0012000E020
:10D70000002050B900BF502080F31188BFF34F8F25
:10D71000BFF36F8F00BF00BFFEE74848006848496D
:10D72000491E884201D0012000E0002050B900BF0E
:10D73000502080F31188BFF34F8FBFF36F8F00BF6E
:10D7400000BFFEE73F49084600780190FF200A46E7
:10D7500010700846007800909DF8000000F0F0007E
:10D760009DF80020904201D1012000E0002050B936
:10D7700000BF502080F31188BFF34F8FBFF36F8F2E
:10D7800000BF00BFFEE79DF8000000F050002E4AE9
:10D79000107007202D4A106009E02C480068401ED8
:10D7A0002A4A10609DF800004006000E00909DF887
:10D7B000000000F080008028EFD024480068C0F10D
:10D7C0000700042801D1012000E0002050B900BF6B
:10D7D000502080F31188BFF34F8FBFF36F8F00BFCE
:10D7E00000BFFEE7194800680002184A10601046A2
:10D7F000008800F4E0601060124A019810700F4831
:10D800002030006840F470000C4920310860084660
:10D81000006840F070400860FFF7B6FD00200C493A
:10D820000860F2F783FD0B48006840F0404009496A
:10D830000860F2F767FD00201CBD000000ED00E06D
:10D8400071C20F4100E400E09C000024A00000240D
:10D850009800002434EF00E010B500BF502080F3A2
:10D860001188BFF34F8FBFF36F8F00BF00F0BCFB79
:10D8700018B14FF080500449086000BF002080F3C9
:10D88000118800BF10BD000004ED00E02DE9F84351
:10D8900080460E4617461D46DDF82090B8F1000F71
:10D8A00001D0012000E0002050B900BF502080F3DB
:10D8B0001188BFF34F8FBFF36F8F00BF00BFFEE72C
:10D8C0000DB1012000E0002050B900BF502080F3CE
:10D8D0001188BFF34F8FBFF36F8F00BF00BFFEE70C
:10D8E00007B10EB1012000E0002050B900BF502068
:10D8F00080F31188BFF34F8FBFF36F8F00BF00BF5E
:10D90000FEE707B90EB9012000E0002050B900BFC2
:10D91000502080F31188BFF34F8FBFF36F8F00BF8C
:10D9200000BFFEE7502000900098502801D1012050
:10D9300000E0002050B900BF502080F31188BFF3F1
:10D940004F8FBFF36F8F00BF00BFFEE700BF2C46B5
:10D950004CB1012084F846004B463A4631464046D9
:10D960000094FEF7B5FE2046BDE8F88370B5054685
:10D970000E462C4654B900BF502080F31188BFF3E7
:10D980004F8FBFF36F8F00BF00BFFEE7FFF762FC52
:10D99000D4E90F12206801FB0200A0600020A06300
:10D9A00020686060E06B401E226C216800FB021161
:10D9B000E160FF2084F8440084F845009EB92069A6
:10D9C00008B9012000E00020A8B904F1100000F01F
:10D9D000FFFB80B14FF0805009490860BFF34F8FC3
:10D9E000BFF36F8F07E004F11000FFF7FDFB04F1B8
:10D9F0002400FFF7F9FBFFF757FC012070BD000082
:10DA000004ED00E02DE9FF4383B0064688461D463D
:10DA10004FF00009344654B900BF502080F31188FC
:10DA2000BFF34F8FBFF36F8F00BF00BFFEE7B8F1AA
:10DA3000000F01D1206C08B9012000E0002050B98E
:10DA400000BF502080F31188BFF34F8FBFF36F8F5B
:10DA500000BF00BFFEE7022D02D1E06B012801D11B
:10DA6000012000E0002050B900BF502080F3118851
:10DA7000BFF34F8FBFF36F8F00BF00BFFEE700F013
:10DA80009DFA08B9059808B9012000E0002050B9B6
:10DA900000BF502080F31188BFF34F8FBFF36F8F0B
:10DAA00000BF00BFFEE700BFFFF7D4FBA06BE16B38
:10DAB000884201D3022D28D12A4641462046FEF74E
:10DAC0003AFD0746606A08B9012000E0002068B905
:10DAD00004F1240000F07CFB88B14FF08050324903
:10DAE0000860BFF34F8FBFF36F8F08E03FB14FF077
:10DAF00080502D490860BFF34F8FBFF36F8FFFF742
:10DB0000D3FB012007B0BDE8F083059818B9FFF7F3
:10DB1000CBFB0020F6E7B9F1000F04D101A8FFF715
:10DB2000EDFC4FF00109FFF7BFFBFFF791FDFFF799
:10DB300091FB94F94400401C10B9002084F8440083
:10DB400094F94500401C10B9002084F84500FFF707
:10DB5000ABFB05A901A800F05BF9F0B92046FEF780
:10DB6000CCFEA0B104F110000599FFF7D9FC2046C6
:10DB7000FFF7A7F800F078FB002895D14FF0805010
:10DB800009490860BFF34F8FBFF36F8F8CE72046C2
:10DB9000FFF797F800F068FB86E72046FFF791F85B
:10DBA00000F062FB0020ADE704ED00E02DE9F84F46
:10DBB00007468A4690461E463C4654B900BF502050
:10DBC00080F31188BFF34F8FBFF36F8F00BF00BF8B
:10DBD000FEE7BAF1000F01D1206C08B9012000E086
:10DBE000002050B900BF502080F31188BFF34F8F41
:10DBF000BFF36F8F00BF00BFFEE7022E02D1E06BC4
:10DC0000012801D1012000E0002050B900BF5020C0
:10DC100080F31188BFF34F8FBFF36F8F00BF00BF3A
:10DC2000FEE7FFF7C5FB00BF5021EFF3118081F342
:10DC30001188BFF34F8FBFF36F8F00BF0546A06BF6
:10DC4000E16B884201D3022E25D194F945B0A06B37
:10DC50000090324651462046FEF76DFC0BF1010064
:10DC600088B9606A08B9012000E0002050B904F1C9
:10DC7000240000F0ADFA28B1B8F1000F02D0012065
:10DC8000C8F8000004E00BF1010040B284F8450040
:10DC90004FF0010901E04FF0000900BF85F3118842
:10DCA00000BF4846BDE8F88F2DE9F74183B005462F
:10DCB0000E464FF000082C4654B900BF502080F3A8
:10DCC0001188BFF34F8FBFF36F8F00BF00BFFEE718
:10DCD0000EB9206C08B9012000E0002050B900BF47
:10DCE000502080F31188BFF34F8FBFF36F8F00BFB9
:10DCF00000BFFEE700F062F908B9059808B90120F5
:10DD000000E0002050B900BF502080F31188BFF31D
:10DD10004F8FBFF36F8F00BF00BFFEE700BFFFF75D
:10DD200099FAA76BF7B131462046FEF7EFFB781E54
:10DD3000A063206908B9012000E0002060B904F167
:10DD4000100000F045FA38B14FF080502F490860BC
:10DD5000BFF34F8FBFF36F8FFFF7A6FA012006B016
:10DD6000BDE8F081059818B9FFF79EFA0020F6E7A4
:10DD7000B8F1000F04D101A8FFF7C0FB4FF0010874
:10DD8000FFF792FAFFF764FCFFF764FA94F9440096
:10DD9000401C10B9002084F8440094F94500401C50
:10DDA00010B9002084F84500FFF77EFA05A901A804
:10DDB00000F02EF8F0B92046FEF792FDA0B104F174
:10DDC00024000599FFF7ACFB2046FEF77AFF00F030
:10DDD0004BFA0028A3D14FF080500C490860BFF3E4
:10DDE0004F8FBFF36F8F9AE72046FEF76AFF00F070
:10DDF0003BFA94E72046FEF764FF00F035FA204630
:10DE0000FEF76EFD00288AD00020A8E704ED00E0B0
:10DE100070B505460C4655B900BF502080F31188F7
:10DE2000BFF34F8FBFF36F8F00BF00BFFEE754B942
:10DE300000BF502080F31188BFF34F8FBFF36F8F67
:10DE400000BF00BFFEE7FFF705FA124802686868E6
:10DE5000131A2068401C08B9002617E00E492868EC
:10DE60000968884204D06868904201D801260DE014
:10DE70002068984207D92068C01A20602846FFF71A
:10DE80003DFB002602E0002020600126FFF70CFA8F
:10DE9000304670BD380000244C0000242DE9FF4FAF
:10DEA00085B0804689461746DDE912ABB800FEF71B
:10DEB00047FF064656B15C20FEF742FF04460CB110
:10DEC000266304E03046FFF70DFA00E000248CB131
:10DED000002084F85900CDE900ABCDE902403A4674
:10DEE00049464046089BFEF708FC2046FEF754FAD8
:10DEF000012501E04FF0FF35284609B0BDE8F08F5D
:10DF00002DE9F04F85B00746884691469A46DDE9EF
:10DF10000EB6109C0EB1012000E0002050B900BFE9
:10DF2000502080F31188BFF34F8FBFF36F8F00BF76
:10DF300000BFFEE70CB1012000E0002050B900BF97
:10DF4000502080F31188BFF34F8FBFF36F8F00BF56
:10DF500000BFFEE75C20039003985C2801D10120FC
:10DF600000E0002050B900BF502080F31188BFF3BB
:10DF70004F8FBFF36F8F00BF00BFFEE700BFB4B18C
:10DF8000AEB125462C462E63022085F859000020AC
:10DF900004A953464A46CDE900B1CDE902504146B5
:10DFA0003846FEF7AAFB2846FEF7F6F901E0002006
:10DFB0000490049805B0BDE8F08F00000549096899
:10DFC00009B9012005E00449096809B9022000E007
:10DFD00000207047400000245C00002401490868CC
:10DFE00070470000380000242DE9F0414FF0000890
:10DFF0004348006800287BD142480068451C4148DE
:10E00000056015BB40480068006808B9012000E0C1
:10E01000002050B900BF502080F31188BFF34F8F0C
:10E02000BFF36F8F00BF00BFFEE737480768374870
:10E030000068354908603548076035480068401C6D
:10E0400033490860FEF78EFD00BF32480068854204
:10E050003BD300BF2C480068006808B9012000E0ED
:10E06000002020B14FF0FF302A4908602CE02648FC
:10E070000068C068C4686668B54202D22548066078
:10E0800022E0201DFFF784F8A06A18B104F11800FF
:10E09000FFF77EF82049E06A0968884202D91E49E4
:10E0A000E06A0860E16A01EB81011C4A02EB810031
:10E0B000211DFFF7C3F81A49E06A0968C96A884256
:10E0C000C8D34FF00108C5E700BF15480068C06A13
:10E0D00000EB8000114951F82000012801D94FF0D0
:10E0E00001081048006808B14FF0010805E0FFE79B
:10E0F0000D480068401C0C4908604046BDE8F081AE
:10E100005C00002438000024280000242C00002497
:10E110004C000024540000243C000024000800248B
:10E1200024000024480000244400002470B5054663
:10E130002C460026002D43D022480068844201D19D
:10E14000012000E0002050B900BF502080F311886A
:10E15000BFF34F8FBFF36F8F00BF00BFFEE7206D8F
:10E1600050B900BF502080F31188BFF34F8FBFF329
:10E170006F8F00BF00BFFEE7206D401E2065E16C81
:10E18000E06A88421CD0206DD0B9201DFFF700F84E
:10E19000E06CE062E06AC0F13800A0610A49E06A20
:10E1A0000968884202D90849E06A0860E16A01EB1F
:10E1B0008101064A02EB8100211DFFF73FF801268D
:10E1C000304670BD240000243C00002400080024D8
:10E1D00070B50646F068C46854B900BF502080F39B
:10E1E0001188BFF34F8FBFF36F8F00BF00BFFEE7F3
:10E1F00004F11800FEF7CCFF15480068A0B9201DF7
:10E20000FEF7C6FF1349E06A0968884202D911493E
:10E21000E06A0860E16A01EB81010F4A02EB8100CC
:10E22000211DFFF70BF804E004F118010B48FFF77C
:10E2300005F80B49E06A0968C96A884204D90125D2
:10E2400001200849086000E00025284670BD000054
:10E250005C0000243C00002400080024880C0024FA
:10E26000240000244800002470B50024002636480D
:10E27000006850B900BF502080F31188BFF34F8F62
:10E28000BFF36F8F00BF00BFFEE7FEF7E3FF2E482E
:10E290000068401E2C4908600846006800284ED1DE
:10E2A0002A48006800284AD023E02948C068C4688A
:10E2B00004F11800FEF76CFF201DFEF769FF2549E9
:10E2C000E06A0968884202D92249E06A0860E16A86
:10E2D00001EB8101204A02EB8100211DFEF7AEFF18
:10E2E0001E49E06A0968C96A884202D301201C49B4
:10E2F00008601748006808B9012000E000200028E5
:10E30000D3D00CB1FEF72EFC1648056865B100BFEE
:10E31000FFF76AFE10B10120114908606D1E002D43
:10E32000F6D100200F4908600D48006838B1012679
:10E3300030070D490860BFF34F8FBFF36F8FFEF7B3
:10E34000B3FF304670BD00005C00002434000024A0
:10E35000880C00243C000024000800242400002431
:10E36000480000244400002404ED00E010B586B00D
:10E370000024FEF76DF816480068D0B10020059023
:10E38000049003AA04A905A8FEF722FF0222DDE9F2
:10E3900004100023CDE9002102900EA10F48039A3A
:10E3A000FFF7AEFD0E4908600846006800B1012481
:10E3B00000BF54B900BF502080F31188BFF34F8FC6
:10E3C000BFF36F8F00BF00BFFEE7204606B010BD51
:10E3D00068000024546D722053766300A9CC0008B5
:10E3E0006C0000242DE9FF4704460D4616461F46E3
:10E3F000DDF830804FF0000954B900BF502080F3A1
:10E400001188BFF34F8FBFF36F8F00BF00BFFEE7D0
:10E410001448006810B3009501960294062D15DA91
:10E42000FFF7CCFD022808D10023424669460D487B
:10E430000068FFF7E7FA814610E000231A466946B4
:10E4400008480068FFF7DEFA814607E000233A46F5
:10E45000694604480068FFF7A9FB8146484604B0B6
:10E46000BDE8F0876800002484E500080000000093
:10E47000000000000000000000000000000200009A
:10E4800018000000000000000000000078E500080F
:10E49000000000000000000000000000000000007C
:10E4A000000200002000000000000000000000004A
:10E4B00090E50008000000000000000000000000DF
:10E4C000000000000002000030000000000000001A
:10E4D00000000000000610160006101600010203DE
:10E4E00004050607080C1014182030400000000036
:10E4F000000000000000000000000000000000001C
:10E500000100000002000000030000000400000001
:10E5100000000000050000000000000000000000F6
:10E5200000000000060000000000000000000000E5
:10E5300000000000070000000100020004000600C7
:10E5400008000A000C0010002000400080000001BC
:10E550000101010307010000080402040801010190
:10E560000000000001020304010203040607080979
:10E57000FF0100000000FF01467265655461736B86
:10E580000000000064656661756C745461736B0013
:10E5900053656E745461736B00000000BCE50008A5
:10E5A00000000024040200001E06000818E600080F
:10E5B00004020024846F0000F8B400080114321033
:10E5C00042013C90D0030401731AAA01013E200BC2
:10E5D0002040CDCC4C3DCDCCCC3D23803F13FA43E5
:10E5E0000C48401C46183AA0184D9A99993E185A62
:10E5F00048180138120162FA194CC163C8421FC0A1
:10E600003F8FC2F53C74197001181E80400AD72351
:08E61000A8E944011E0000000E
:04000005080002CD20
:00000001FF
