:020000040800F2
:1000000070930024A10300085DC70008ABB5000889
:10001000BDC30008AB0D0008ED260108000000007C
:10002000000000000000000000000000E1020008E5
:10003000F5340008000000003D0300085DE30008FF
:10004000BF030008BF030008BF030008BF03000888
:10005000BF030008BF030008BF030008BF03000878
:10006000BF030008BF030008BF0300084D2A0008B3
:10007000BF0300085D2A0008BF030008BF03000893
:10008000BF030008BF030008BF03000821350008B4
:1000900031350008BF030008BF030008BF03000894
:1000A000BF030008BF030008BF030008BF03000828
:1000B000BF030008BF0300083DE50008BF030008B8
:1000C000BF030008BF030008BF030008BF03000808
:1000D000BF030008DDFC0008EDFC0008FDFC000883
:1000E000BF030008BF03000800000000BF030008B2
:1000F00061E50008BF030008BF030008BF03000854
:10010000BF030008BF030008BF030008BF030008C7
:10011000BF030008BF030008BF030008BF030008B7
:10012000BF030008BF030008BF030008BF030008A7
:10013000BF030008BF030008BF030008BF03000897
:1001400000000000000000000000000000000000AF
:10015000BF030008BF030008BF030008BF03000877
:10016000BF030008BF030008BF030008BF03000867
:10017000BF03000861C70008BF03000800000000BB
:10018000BF030008BF030008F5EA0008BF0300082A
:10019000BF030008BF030008BF030008BF03000837
:1001A000BF030008BF030008BF03000800000000F1
:1001B000BF030008BF030008BF030008BF03000817
:1001C000BF030008BF03000800000000000000009B
:1001D0000000000000000000BF0300080000000055
:1001E000000000000000000000000000000000000F
:1001F0000000000000000000BF030008BF0300086B
:10020000BF030008BF03000800000000BF03000890
:10021000BF030008BF030008BF030008BF030008B6
:10022000BF03000800000000BF030008000000003A
:10023000BF030008BF03000800000000BF03000860
:10024000BF030008BF030008BF030008BF03000886
:10025000BF030008BF030008BF030008BF03000876
:10026000BF030008BF030008BF030008BF03000866
:10027000BF030008BF030008BF0300080000000020
:10028000BF030008BF030008BF030008BF03000846
:1002900000000000BF030008BF03000800000000CA
:1002A00000000000BF030008BF030008A5EB000822
:1002B000CDFC0008BF030008BF030008413500085B
:1002C000BF030008BF030008BF030008DFF80CD01D
:1002D00000F06AF900480047E94E010870930024D5
:1002E0002C4B19680868B0E8F04F80F30988BFF319
:1002F0006F8F4FF0000080F31188704700000000FE
:1003000008480068006880F308884FF0000080F318
:10031000148862B661B6BFF34F8FBFF36F8F00DFF3
:1003200000BF00BF08ED00E0DFF80C00016841F4F9
:1003300070010160704700BF88ED00E0EFF30980B5
:10034000BFF36F8F134B1A681EF0100F08BF20ED1C
:10035000108A20E9F04F106009B44FF0500080F38C
:100360001188BFF34F8FBFF36F8F18F0BDFC4FF0B4
:10037000000080F3118809BC19680868B0E8F04FE4
:100380001EF0100F08BFB0EC108A80F30988BFF38D
:100390006F8F704728000024EFF30580704700003E
:1003A000074880470748804707480047FEE7FEE7C1
:1003B000FEE7FEE7FEE7FEE7FEE7FEE7FEE7FEE715
:1003C000FD34000831E40008CD0200082DE9F05F9B
:1003D0000546002092469B468846064681464024B4
:1003E0001BE0284641464746224600F060F8534647
:1003F0005A46C01A914110D311461846224600F0C1
:1004000047F82D1A67EB01084F46224601200021CC
:1004100000F03EF817EB00094E41201EA4F1010444
:10042000DFDC484631462A464346BDE8F09F40EAB5
:1004300001039B0703D009E008C9121F08C0042A62
:10044000FAD203E011F8013B00F8013B521EF9D249
:100450007047D2B201E000F8012B491EFBD2704771
:100460000022F6E710B513460A4604461946FFF780
:10047000F0FF204610BD30B504460020034600E0E2
:100480005B1C934203D2E05CCD5C401BF8D030BDD6
:10049000202A04DB203A00FA02F100207047914044
:1004A000C2F1200320FA03F3194390407047202A39
:1004B00004DB203A21FA02F00021704721FA02F30E
:1004C000D040C2F120029140084319467047F0B471
:1004D00000F0004221F0004120F00040CE0DC30D9D
:1004E000C1F3160141F40001C0F316004C42154659
:1004F00040F40000761E09E010EB440002D582F0C3
:10050000004240428842F7D840005B1EB342F9DA0D
:1005100018B1F0BC002100F062B82846F0BC70476A
:100520002DE9FE4FC3F30A5701F000450024C1F343
:100530000A56C3F31303C1F3130143F4801312EB00
:10054000020AA64641F48011009543EB030CA7F183
:10055000010B16E0B0EB0A0061EB0C01071E71F114
:10056000000707DA4FF00008D0EB080085F00045DF
:1005700068EB0101171A73EB0107EBD3761E001825
:1005800049415E45F6DA50EA010209D0CDE900E5BD
:1005900000221346029600F05FF803B0BDE8F08F2A
:1005A00020460099F9E70000064C074D06E0E06898
:1005B00040F0010394E8070098471034AC42F6D3AA
:1005C000FFF788FED8B20108F8B201080029A8BFD9
:1005D0007047401C490008BF20F00100704710B46C
:1005E000B0FA80FC00FA0CF050EA010404BF10BC21
:1005F000704749B1CCF1200421FA04F411FA0CF14E
:1006000018BF012121430843A3EB0C01CB1D4FEA86
:1006100000614FEA102042BF002010BC704700EB81
:10062000C35010440029A4BF10BC7047401C4900AF
:1006300008BF20F0010010BC704710B5141E73F104
:10064000000408DA401C41F1000192185B411A4392
:1006500001D120F0010010BD2DE9F04D92469B46DE
:1006600011B1B1FA81F202E0B0FA80F22032904684
:10067000FFF70EFF04460F4640EA0A0041EA0B016D
:1006800053465A46084313D0114653EA010019D085
:10069000C8F140025046FFF70AFF05460E46504695
:1006A00059464246FFF7F4FE084305D0012004E016
:1006B00020463946BDE8F08D0020054346EAE07645
:1006C0002C4337430A986305E40AA0EB0800002294
:1006D000FD0A44EA47540A3002D500200146E9E702
:1006E000010510196941DDE9084500196941BDE8B6
:1006F000F04DA2E770B58C1810F8015B15F00703F8
:1007000001D110F8013B2A1106D110F8012B03E0AA
:1007100010F8016B01F8016B5B1EF9D12B0705D4B2
:100720000023521E0DD401F8013BFAE710F8013BFB
:10073000CB1A921C03E013F8015B01F8015B521E17
:10074000F9D5A142D8D3002070BD10B500F002F851
:1007500010BD000010B50CF051FB15F0EBFC0020B3
:100760001049087048608860C860087448748874CC
:100770004861087648768876C8760877487781F8A1
:1007800024008877086281F834009FED070A084644
:1007900080ED0A0A9FED040A80ED0B0A0021016337
:1007A00010BD0000188F00240000000010B500F0FC
:1007B00067F810BD0148407D70470000508F00244D
:1007C0000148807D70470000508F00240148C07DA3
:1007D00070470000508F002470B504460CB120789B
:1007E00000B970BD12F01BFF05462078042810D117
:1007F0002048407D48B11F4821884183A178017776
:1008000001201C49487600200876284612F002FF95
:10081000E7E7607858B11748407F40B160781549E4
:10082000897F884203D1284612F0F4FED9E71148A7
:10083000407D38B901200F49487500208875C8757A
:10084000087048700B49087812F08CFF68B10948AD
:1008500021884183A17801770120064908766078D4
:1008600018B16078887701204877284612F0D2FEC8
:1008700000BFB6E7508F002410B50CF06BFE10BD22
:1008800010B512F0CCFE044600200D4948750876DC
:1008900048760846002141830177204612F0BAFECF
:1008A00012F0FEFD002007490870054908704870E5
:1008B0004860086108758875C8754877887710BDE5
:1008C000508F00243A03002438B58D480078022860
:1008D00002D0FFF7D5FF38BD16F055F90446894818
:1008E000407D40B988480078032803D10121204683
:1008F00012F00CFFEFE78348007820B90021204672
:1009000012F004FFE7E7684612F05AFF18B12046DC
:1009100012F0A0FDDFE717F05DFCF0B97948007830
:1009200001280BD077480078032807D07548007855
:10093000052803D0734800780B280ED112F0B0FDC3
:1009400000207249087001206E49C8750020487562
:1009500021460D2012F020FEBDE76A4800780228EB
:1009600003D068480078092811D1684612F008FFC2
:1009700068B164480078092805D19DF8000012F09C
:10098000A7FD00B9A7E72146684612F0B9FD5D480A
:1009900000780E2871D2DFE800F0AE07AA173827DA
:1009A0003D5F87ABA428ACAD12F06AFE054635B9B1
:1009B00012F076FD2146022012F0EEFD03E0214602
:1009C000284612F033FE97E012F05AFE054635B97C
:1009D00012F066FD2146042012F0DEFD03E0214600
:1009E000284612F023FE87E000BF12F049FE0546BC
:1009F00035B912F055FD2146022012F0CDFD03E07D
:100A00002146284612F012FE76E00521204612F01B
:100A100049FE71E03B484068201A3D49096A884216
:100A200009D30120394908700CF030FF2146072016
:100A300012F0B2FD0FE033484068201A3449896A49
:100A4000884208D901202F49C875002048752146E1
:100A50000D2012F0A1FD4FE00CF0F4FF70B9002062
:100A60002A4908700120274908750420294908707F
:100A70002146082012F090FD15E037E0214840683B
:100A8000201A2349896A88420DD900201F4908701D
:100A900012F006FD01201B49C8750020487521464B
:100AA0000D2012F079FD27E016484068201A40F228
:100AB000DC51884204D32146092012F06DFD0FE07D
:100AC00010484068201A1249896A884208D90120D2
:100AD0000C49C8750020487521460D2012F05CFDB8
:100AE0000AE00921204612F0DDFD05E000BF00BF4D
:100AF00000BF00BF00BF00BF00BF00BFEBE60000AB
:100B000038030024508F00243B0300243A030024C0
:100B100090090024C801002410B50CF0ABFF0DF0C3
:100B20004BF80DF07FF8FFF741FE0DF023F810BDF4
:100B300000B599B00020119012900220139001206E
:100B4000149000201590169011A9484804F017FD44
:100B500008B102F0D0FC00200346022211460090AA
:100B6000424804F060FD08B102F0C5FC00220121FA
:100B70003E4804F067FC08B102F0BDFC00224FF0D3
:100B800038613A4804F05EFC08B102F0B4FC374822
:100B900005F0DFFB08B102F0AEFC002009900A90DE
:100BA00002200B9001200C9000200D900E9009A9BE
:100BB0002F4804F0E4FC08B102F09DFC002003463D
:100BC0000222114600902A4804F02DFD08B102F0DF
:100BD00092FC00220121264804F034FC08B102F006
:100BE0008AFC00224FF03861214804F02BFC08B148
:100BF00002F081FC1E4805F0ACFB08B102F07BFC62
:100C00000020019002900220039001200490002017
:100C10000590069001A9174804F0B1FC08B102F054
:100C20006AFC00200346022211460090114804F09D
:100C3000FAFC08B102F05FFC002201210D4804F02B
:100C400001FC08B102F057FC00224FF0386109485E
:100C500004F0F8FB08B102F04EFC064805F079FB01
:100C600008B102F048FC19B000BD0000C009002422
:100C7000600A0024000B00242DE9F04104460D46D3
:100C80002E4600270DB9BDE8F081192C05D2114878
:100C90004068401C0F494860F5E7192C03D9A4F1BE
:100CA000190087B2EE1930780F2801D1307E28B1B3
:100CB00008484068401C07494860E4E70649304658
:100CC0000DF0F4F903480068401C0249086000BFB9
:100CD000D9E70000707100244C03002410B50446CD
:100CE0000CB1012000E0002002461021014805F06F
:100CF000ABFC10BD000C025810B50020154908705F
:100D0000488008468068401C88601348D0F88800F6
:100D100048611148D0F88C0088610F480068C069AC
:100D2000C8610D48D0F8900008620B4809F09AFDA0
:100D3000352208492431084809F01AFA0549486063
:100D400008464068022803D10846C068401CC860B5
:100D500010BD0000C0590024F40D002408B50DF0AA
:100D60000DF9322000900548006800F12401044B81
:100D7000A3F1320201480EF0C9FF08BDCC0C0024DB
:100D80003E710024002141600121417070470146FD
:100D9000487870470121417000214160704702216D
:100DA0004170704701214170704700BFFEE770B588
:100DB00004460D461646042C15D007DC7CB1012CE8
:100DC0000ED0022C0DD0032C14D10BE0202C0BD014
:100DD000212C0AD0222C09D0232C0BD109E00AE0C7
:100DE00009E008E007E006E005E004E017F0BAFCDF
:100DF00001E000E000BF00BF002070BD0020704790
:100E000010B50022084909480FF03DFA0849074883
:100E10000FF02AFA0020074908700749074817F021
:100E2000BDF9002010BD0000687F00248C720024F2
:100E3000687700245D040024556600088D8701084A
:100E400070B504460D466CB165B1286850B10026F6
:100E500000BF03E0A05D17F031F9761C2868B042AE
:100E6000F8D800BF214604480FF0FEF902480FF001
:100E7000C7F9002070BD00008C7200242DE9F041FC
:100E800005460E46174600240348007808B917F0B7
:100E900069FC60B2BDE8F0815D0400242DE9F041F9
:100EA00004460D4600260A48D0F8BC72D7F8140252
:100EB00010B10120BDE8F0812A46214604480FF018
:100EC000E2F903480FF092FA06463046F2E70000D6
:100ED0008C7200241CB50024002500260027A046A3
:100EE000A14600BF17B9FFF730FC0127B8F1000F8A
:100EF00003D101F05BFC4FF00108B9F1000F03D101
:100F000011F0F8FB4FF00109FE480DF019F80BF055
:100F1000D5FB0BF089FB00286AD0FB48416F88475E
:100F200000200090034602464FF400710190F748FC
:100F300001F054FD00200090034602464FF400717A
:100F40000190F34801F04AFD00200090034602465C
:100F50004FF400710190EF4801F040FDEE489FED25
:100F6000EF2ADFEDEE1A9FEDED1ADFEDEC0A9FEDB3
:100F7000EB0AD0F800118847E9489FEDE82ADFED39
:100F8000E71A9FEDE61ADFEDE50A9FEDE40AD0F8D7
:100F900000118847E3489FEDE12ADFEDE01A9FED5D
:100FA000DF1ADFEDDE0A9FEDDD0AD0F80011884779
:100FB000DD489FEDDA2ADFEDD91A9FEDD81ADFED73
:100FC000D70A9FEDD60AD0F800118847D7489FED81
:100FD000D32ADFEDD21A9FEDD11ADFEDD00A9FEDB3
:100FE000CF0AD0F800118847012015F0BDFD79E740
:100FF000CF48007800287DD0012828D0022825D1AC
:10100000CC480078062814D2DFE800F0140A100358
:10101000070D00200CF068F80DE00CF0DFF90AE095
:101020000CF034FC07E00CF09BFA04E00BF03EFD02
:1010300001E000BF00BF00BF0BF042FF13F0E2FF72
:1010400014F016FE14F08CFD14F058F8C4E00BF008
:10105000D5FEAD4801F074FA002000900346024628
:101060004FF400710190AB4801F0B8FCAA489FED25
:10107000AB2ADFEDAA1A9FEDA91ADFEDA80A9FEDB2
:10108000A70AD0F800118847A5489FEDA42ADFEDF4
:10109000A31A9FEDA21ADFEDA10A9FEDA00AD0F8D6
:1010A000001188479F489FED9D2ADFED9C1A9FED18
:1010B0009B1ADFED9A0A9FED990AD0F80011884734
:1010C00099489FED962ADFED9C1A9FED9C1ADFED63
:1010D0009C0A9FED920AD0F80011884793489FED33
:1010E0008F2ADFED8E1A9FED8D1ADFED8C0A9FEDB2
:1010F0008B0A00E036E0D0F80011884700209149C3
:1011000008700120904908700020904908709049AB
:10111000087090490870904908709049087040F62E
:1011200034008F490968486300224FF480618D487C
:1011300005F08AFA00224FF400618A4805F084FA2B
:1011400000224FF48051874805F07EFA00224FF4C8
:101150008041854805F078FA00220221824805F096
:1011600073FA39E00BF0ACFE8048007805282BD2EA
:10117000DFE800F029030609190013F043FF23E01C
:1011800014F076FD20E06048416F88470020009011
:10119000034602464FF4007101905C4801F01EFCCA
:1011A00014F0DEFC10E05848416F884700200090A2
:1011B000034602464FF400710190544801F00EFCC2
:1011C00013F09CFF00E000BF00BF684800780328D0
:1011D00001D013F0ABFC00BF00BF4C4804F070FB23
:1011E00004464B4804F06CFB05464A4804F068FB93
:1011F00006465F480068844201D25D4804605D484D
:101200000068854201D25B4805605B480068864201
:1012100001D25948066084B958480068401C5749B3
:10122000086064280CD9394805F0ADF8374805F056
:1012300090F800205149086002E000204F49086002
:1012400085B94F480068401C4D49086064280CD996
:101250002F4805F098F82E4805F07BF80020484903
:10126000086002E000204649086086B945480068E9
:10127000401C4449086064280CD9264805F083F8CE
:10128000244805F066F800203E49086002E000208E
:101290003C4908603C480068401C3B4908602128E4
:1012A00075D3002008601C4890F8C40020B91A4883
:1012B0000021D0F8F8209047194890F8C40020B9D0
:1012C00017480021D0F8F8209047164890F8C4003D
:1012D00020B914480021D0F8F8209047124890F81F
:1012E000C40020B910480021D0F8F82090470F48DA
:1012F00090F8C40020B90D480021D0F8F82045E04E
:1013000045E000004C0300241C5A0024C0090024BE
:10131000600A0024000B00247C6B00240000000005
:10132000846C0024146800241C690024246A0024AE
:10133000380300243A030024CDCCCC3E9A99993E40
:101340006666663FC80100241003002411030024D0
:1013500012030024130300241403002415030024A3
:10136000A00B002400080258001002583903002482
:101370001C03002420030024240300242803002449
:101380002C0300243003002434030024904703205E
:1013900015F0EAFBA6E5000070B52DED048B0446C0
:1013A000B0EE408A00259FED390AF0EE408A9FEDAD
:1013B000370AF0EE409A9FED350AB0EE409A24B914
:1013C000B0EE480ABDEC048B70BD207848B984EDBE
:1013D000028A05F03FF9E06001202074B0EE480A6F
:1013E000F0E705F037F90546E068281A00EE100A24
:1013F000B8EE400ADFED260A80EE201AF0EE418AB0
:10140000F5EEC08AF1EE10FA06D99FED220AF4EE4D
:10141000C08AF1EE10FA03DD9FED1F0AF0EE408A5C
:10142000E560207C30B984ED028A0120207494EDBF
:10143000020AC7E794ED010AB5EEC00AF1EE10FA10
:1014400004D884ED028A94ED020ABBE794ED010A08
:1014500020EE280AF0EE409A94ED020A38EE400A97
:10146000B0EE409AB0EE691AF1EE690AB0EE490AA0
:1014700012F04CFCB0EE409A94ED020A30EE090AEC
:1014800084ED020A94ED020A9CE7000000000000CF
:1014900000007A44CDCCCC3D0AD7233C70B52DED6D
:1014A000048B84B004460D4616469FED810AB0EECB
:1014B000408A9FED7F0A8DED030A9FED7D0A8DED39
:1014C000020A9FED7B0AF0EE408A9FED790AB0EEAA
:1014D000409A9FED770A8DED010A9FED750A8DED1B
:1014E000000A0CB105B11EB904B0BDEC048B70BD8F
:1014F00095ED000AB0EE408A95ED010A8DED030AE4
:1015000095ED020A8DED020A95ED000A694880ED1D
:10151000000A80ED028A9DED030A80ED030A9DED2D
:10152000020A80ED040A96ED000A80ED010A02A984
:1015300003A8B0EE480A00F0C7F89DED030A5D4825
:1015400080ED050A9DED020A80ED060AD6ED000A3F
:10155000B0EE600A694601A8DDED021A9DED031A9E
:10156000F0EE480A00F036FC9DED030ADDED010ABD
:1015700030EE200A8DED030A9DED020ADDED000A32
:1015800030EE200A8DED020A9DED010A494880EDFA
:10159000090A9DED000A80ED0A0AD6ED000AB0EEB8
:1015A000600ADDED021A9DED031AF0EE480A42488A
:1015B00000F078FAF0EE408A38EE280AB0EE408A61
:1015C0003C48C0ED078A9DED021ADDED030AB0EE3E
:1015D000480A00F0BDFDB0EE409A38EE090AB0EEC0
:1015E000408A344880ED089A9DED030A3348FFF79E
:1015F000D3FE8DED030A9DED020A3148FFF7CCFEC4
:101600008DED020AB0EE480A2E48FFF7C5FEB0EE97
:10161000408A284880ED0B8A9DED030A80ED0C0A74
:101620009DED020A80ED0D0A84ED148A9DED030AFA
:1016300084ED150A9DED020A84ED160A9DED030A5C
:1016400038EE000ADDED020A30EE200A84ED180AB9
:101650009DED030A38EE400ADDED020A30EE200A65
:1016600084ED190A9DED030A38EE000ADDED020A49
:1016700030EE600A84ED1A0A9DED030A38EE400A46
:10168000DDED020A30EE600A84ED1B0A94ED180AC3
:1016900080ED0E0A94ED190A80ED0F0A94ED1A0AF6
:1016A00080ED100A94ED1B0A80ED110A00BF1BE7C4
:1016B000000000003C6400240405002448050024C8
:1016C0005C050024700500242DE9F0472DED068B04
:1016D00082B0F0EE40AA04460D469FEDD40A8DED8F
:1016E000010A9FEDD20A8DED000A9FEDD10AB0EEFE
:1016F000408A04F0AFFF064604B125B902B0BDEC44
:10170000068BBDE8F087CB48007800B9F6E7CA48F9
:10171000006810B9C84806601EE0C7480068301A63
:1017200000EE100AB8EE400ADFEDC40A80EE201A7F
:10173000B0EE418AB5EEC08AF1EE10FA06D99FEDFF
:10174000C00AB4EEC08AF1EE10FA03DD9FEDB80ACC
:10175000B0EE408AB8480660694601A812F07AF9EE
:10176000B44890ED090ADDED010A20EE200AD0ED23
:10177000090AB7EE001A71EE600AB24890ED001A3D
:1017800000EE810A80ED000AAA4890ED090ADDED1D
:10179000000A20EE200AD0ED090AB7EE001A71EE19
:1017A000600AA94890ED001A00EE810A80ED000A57
:1017B000A048D0ED011A90ED032A71EE821AB0EE26
:1017C000610AD0ED061AB0EE611AD0ED061AF1EEFC
:1017D000611AF0EE610A12F099FAF0EE409A95481B
:1017E000D0ED021A90ED042A71EE821AB0EE610A71
:1017F000D0ED061AB0EE611AD0ED061AF1EE611ABC
:10180000F0EE610A12F082FAB0EE40AA94ED001AEE
:10181000B0EE410A95ED001AF0EE410AB0EE401A22
:1018200009EEA01A84ED001AB0EE601A0AEE001A52
:1018300085ED001AB0EE6A0A12F036FD8348D0ED4D
:10184000020AB4EEE00AF1EE10FA01D2012000E043
:10185000002007467E48D0ED050AB0EE600A12F07F
:1018600023FD7448D0ED0C0AB4EEE00AF1EE10FA54
:1018700001D2012000E000208046D4ED000AB0EE45
:10188000600A12F011FDB0EE409AD5ED000AB0EEFC
:10189000600A12F009FDF0EE408A6648D0ED0A0AAF
:1018A000B0EE680AF4EEC00AF1EE10FA08D290ED3C
:1018B0000A0AB4EEC90AF1EE10FA01DD012000E0D7
:1018C000002081465B4890ED0A0AB4EEC90AF1EEA9
:1018D00010FA08D290ED0A0AB4EEE80AF1EE10FA16
:1018E00001DD012000E000208246EFB3B8F1000FD7
:1018F00047D0B9F1000F44D0524890ED000A12F0E1
:10190000D3FC4C48D0ED0B0AB4EEE00AF1EE10FA2D
:1019100037DD504800884FF6FF71884204D24D48A9
:101920000088401C4B4908804A4800880A282BDB65
:10193000404890ED070A4348D0ED000A20EE200A07
:10194000D5ED000A60EE200A3A4890ED030A00EE59
:10195000880A80ED030AD0ED051AB0EE611AD0EDC9
:10196000051AF1EE611A00E00BE0F0EE610AD0ED2D
:10197000031AB0EE610A12F0C9F92E4880ED030A8D
:1019800002E0002033490880EFB3B8F1000F47D0E0
:10199000BAF1000F44D02C4890ED000A12F084FCFC
:1019A0002448D0ED0B0AB4EEE00AF1EE10FA37DD70
:1019B000294800884FF6FF71884204D226480088E3
:1019C000401C25490880244800880A282BDB194838
:1019D00090ED080A1C48D0ED000A20EE200AD4ED54
:1019E000000A60EE200A134890ED040A00EE880A0F
:1019F00080ED040AD0ED051AB0EE611AD0ED051A9B
:101A0000F1EE611A00E00BE0F0EE610AD0ED041A8D
:101A1000B0EE610A12F07AF9064880ED040A02E09D
:101A200000200D49088000BF68E6000000000000AB
:101A30000AD7233C840500240406002400007A44CD
:101A4000CDCCCC3DFC050024000600243805002444
:101A5000C4700024080600240A06002410B52DEDE9
:101A6000028B0446B0EE408A14B9BDEC028B10BD67
:101A7000B0EE480A12F036F884ED060A9FED080A27
:101A800084ED070A84ED088A9FED050A84ED090AB2
:101A900004F0E0FDE062012084F8300000BFE4E7DC
:101AA0000000000070B52DED068B0446F0EE409A64
:101AB000B0EE608AF0EE418AB0EE619A9FED500A76
:101AC000B0EE40AA00259FED4E0AF0EE40AA04F0C9
:101AD000C1FD064624B99FED4A0ABDEC068B70BDD8
:101AE000207810B14748007828B9002084F83000E9
:101AF0009FED430AF1E7F5EEC08AF1EE10FA00BF60
:101B0000B1EE680A28FE800AB5EEC09AF1EE10FA2E
:101B100000BFF1EE490A69FE200A30EE200AB0EE5D
:101B200040AA384890ED010AB4EECA0AF1EE10FA64
:101B300001D2012000E000200546B5EEC08AF1EE9A
:101B400010FA00BFB1EE480A28FE000AF0EE40AAE3
:101B50002C4890ED020AB4EEEA0AF1EE10FA09D22E
:101B6000002084F8300028490870284805709FED4F
:101B7000240AB2E7ADB12548007810B194F83000DE
:101B800020B9B0EE690A2046FFF768FF00201E4921
:101B900008701E480570B0EE690A204600F03AF859
:101BA0009BE794F8300000B31748007820B9012073
:101BB000154908701648066015480068301A114922
:101BC000C968884207D211480570B0EE690A2046FC
:101BD00000F020F881E7002084F830000A490870FE
:101BE0000A4805709FED060A77E7002084F8300068
:101BF00005490870054805709FED010A6DE7000072
:101C000000000000380500242906002428060024CE
:101C10002C06002470B52DED068B86B00446B0EE80
:101C2000408A00259FED650AF0EE408A9FED630A29
:101C3000B0EE409A9FED610AB0EE40AA9FED5F0AB8
:101C4000F0EE40AA9FED5D0AF0EE409A2CB99FEDB0
:101C50005B0A06B0BDEC068B70BD04F0FBFC0546CC
:101C6000E06A281A00EE100AB8EE400ADFED540AC6
:101C700080EE201AF0EE418AF5EEC08AF1EE10FAFD
:101C800006D99FED500AF4EEC08AF1EE10FA03DD9A
:101C90009FED4D0AF0EE408AE56294F8300038B9C5
:101CA000B0EE480A2046FFF7D9FE9FED440AD0E780
:101CB000D4ED060A70EEC80AB0EE600A17F05EF8BE
:101CC000B0EE409A414890ED050AB0EE40AA84ED8E
:101CD000088A94ED0A0AF7EE000A30EEC00AD4ED45
:101CE000090A20EE200AD4ED0A0A00EE8A0A84EDE1
:101CF000090A94ED070AD4ED020A60EE890A00EEA3
:101D0000A80A84ED070AD4ED041AB0EE611AD4EDE6
:101D1000041AF1EE611AF0EE610AD4ED071AB0EE82
:101D2000610A11F0F3FF84ED070A94ED030AD4ED84
:101D3000090AF1EE600A20EE200AF0EE40AA94EDC6
:101D4000070AD4ED010A00EE890A30EE2A0AB1EE44
:101D5000400AF0EE409A94ED050AB0EE401A94ED78
:101D6000050AB1EE400AF0EE400AB0EE690A11F041
:101D7000CDFFF0EE409A04F06DFC06461448006872
:101D8000301A142817D31248066094ED060A8DED18
:101D9000000A8DED018A8DED029A94ED070A8DED12
:101DA000030ACDED049A94ED090A8DED050A684603
:101DB00016F028FA00BFB0EE690A4AE700000000FA
:101DC00000007A44CDCCCC3D0AD7233CC47000241B
:101DD000240600242DE9F0472DED0E8BF0EE409AFD
:101DE000B0EE60AAF0EE41AAB0EE61BA05460E462A
:101DF000002404F02FFC07469FEDCF0AB0EE408A86
:101E00009FEDCD0AF0EE40BA9FEDCB0AB0EE40CA8E
:101E10009FEDC90AF0EE408A9FEDC70AB0EE409AE6
:101E20009FEDC60A29EE800AB0EE40EAA046A14620
:101E3000B0EE6A0A12F038FAF0EE40CAB0EE4B0A81
:101E400012F032FAB0EE40DA05B11EB9BDEC0E8BDD
:101E5000BDE8F0879FEDB80A85ED000A9FEDB60A50
:101E600086ED000AB648007848B99FEDB30AB54838
:101E700080ED040A9FEDB00A80ED050AE6E7B0EEBA
:101E80004A0A12F011FAAE48D0ED020AB4EEE00AA6
:101E9000F1EE10FA09DD9FEDA80AAA4880ED040AC8
:101EA0009FEDA50A80ED050AD0E716F093F960B919
:101EB0000020A44908709FEDA00A084680ED040A9E
:101EC0009FED9D0A80ED050AC0E716F063F9044610
:101ED0009C48007868B901209A49087094ED000A7E
:101EE000084680ED010A94ED010A80ED020AC76000
:101EF000ACE79448C068381A00EE100AB8EE400A01
:101F0000DFED910A20EE200AB0EE408A9FED8F0AA5
:101F1000B4EEC08AF1EE10FA07D9894890ED070AAD
:101F2000B4EEC80AF1EE10FA0AD294ED000A854820
:101F300080ED010A94ED010A80ED020AC76085E791
:101F400094ED000A7F48D0ED010A30EE600AF0EE11
:101F500040BA94ED010AD0ED020A30EE600AB0EE0C
:101F600040CA94ED000A80ED010A94ED010A80ED6B
:101F7000020AC760B0EE4E0A10F0DEFC60EE2BDA0B
:101F8000B0EE4E0A10F056FE40EE0CDA8DEE880AE6
:101F9000F0EE408AB0EE4E0A10F04CFE60EE2BDA06
:101FA000B0EE4E0A10F0C8FC40EE4CDA8DEE880A16
:101FB000B0EE409A624890ED010AB4EEEC0AF1EE00
:101FC00010FA08D290ED010AB4EECD0AF1EE10FA43
:101FD00001DD012000E000208046594890ED010A13
:101FE000B4EECD0AF1EE10FA08D290ED010AB4EE8B
:101FF000EC0AF1EE10FA01DD012000E0002081463C
:10200000B8F1000F44D0F0EE49DA4E4890ED050AE1
:102010000DEE880A80ED050A4948D0ED051AB0EEAC
:10202000611AD0ED051AF1EE611AF0EE610A454829
:10203000D0ED051AB0EE610A11F068FE414880ED5E
:10204000050A3F4890ED040A3E48D0ED050A20EE0F
:10205000200A3B48D0ED030A10EEED0A86ED000A97
:10206000D0ED061AB0EE611AD0ED061AF1EE611A43
:10207000F0EE610AD6ED001AB0EE610A11F046FEEC
:1020800086ED000A9FED2C0A2E4880ED040A50E0F0
:10209000B9F1000F44D0F0EE68DA2A4890ED040A56
:1020A0000DEE880A80ED040A2548D0ED051AB0EE41
:1020B000611AD0ED051AF1EE611AF0EE610A2148BD
:1020C000D0ED041AB0EE610A11F020FE1D4880ED3B
:1020D000040A1B4890ED040A1A48D0ED040A20EEC9
:1020E000200A1748D0ED030A10EEED0A85ED000A2C
:1020F000D0ED061AB0EE611AD0ED061AF1EE611AB3
:10210000F0EE610AD5ED001AB0EE610A11F0FEFDA5
:1021100085ED000A9FED080A0A4880ED050A08E0EF
:102120009FED050A074880ED040A9FED030A80ED44
:10213000050A00BF8AE600000000000035FA8E3C68
:10214000DC0500246C8E00246F12833A17B7D13857
:102150002DE9F0412DED0A8BB0EE40CAB0EE608A59
:10216000F0EE418AA148007828B99FEDA10ABDECA4
:102170000A8BBDE8F08104F06DFA0446B0EE480A1F
:1021800012F092F8B0EE40BAB0EE680A12F08CF895
:102190007BEE00BA954890ED010AB4EEEB0AF1EE41
:1021A00010FA01D2012000E000200546914890ED90
:1021B000000A78EE409A904890ED000A38EEC0AAE6
:1021C000B0EE690A12F070F8B0EE40BAB0EE4A0A0A
:1021D00012F06AF87BEE00AA8848007850B94DB139
:1021E000824890ED020AB4EEEA0AF1EE10FA01D24A
:1021F000012000E00020064680480078C0B1BDB94B
:102200007C4890ED000A12F04FF8B0EE40BA7A48E0
:1022100090ED000A12F048F83BEE000A7348D0ED4A
:10222000010AB4EEE00AF1EE10FA01DD012000E04F
:10223000002007469FED6E9AB0EE4C0A12F034F87B
:102240006F48D0ED020AB4EEE00AF1EE10FA0ADDB2
:102250006A480570674880ED008A6748C0ED008ACB
:102260009FED630A83E706B987B3B7EE000AB0EEC5
:1022700040BA644804605D4890ED020AB5EEC00AB9
:10228000F1EE10FA05DD90ED020ACAEE800AB0EE1A
:1022900060BA564890ED070AB0EE401ADFED540AD6
:1022A000B0EE4B0A11F032FDB0EE40BAB5EEC0AA66
:1022B000F1EE10FA02DDB7EE000A0AE0B5EEC0AAB0
:1022C000F1EE10FA03D2BFEE000A02E01EE09FED2D
:1022D000480A20EE0B0A4C4880ED000AF5EEC09A41
:1022E000F1EE10FA02DDB7EE000A09E0F5EEC09A51
:1022F000F1EE10FA02D2BFEE000A01E09FED3C0AB7
:1023000020EE0B0A414880ED000A00BF3D480068FE
:10231000201A3649C968884250D2B7EE000AB0EE9A
:1023200040BA3248C068F0B136480068201A00EE62
:10233000100AF8EE400A2D48C06800EE100AB8EE08
:10234000401A80EE810AF7EE000A30EEC00AB0EEC5
:1023500040BAB7EE001ADFED260AB0EE4B0A11F0D4
:10236000D5FCB0EE40BA214890ED040AF1EE400AE7
:10237000274890ED051AB0EE490A00EE810AB0EE4A
:10238000409A1A4890ED050A1F48D0ED000A60EE09
:10239000200AB0EE490A00EE8B0AB0EE409A1348CC
:1023A00090ED060A1948D0ED000A60EE200AB0EE62
:1023B000490A00EE8B0AB0EE409A00BF0F48057044
:1023C0000C4880ED008A0C48C0ED008A074890ED6B
:1023D000080AB0EE401A90ED080AB1EE400AF0EE9D
:1023E000400AB0EE490A11F091FCC0E6B80500249D
:1023F0000000000010060024140600240C0600242F
:1024000038050024180600241C0600242006002499
:10241000C47000241FB50446002001900290039070
:102420009FED390A8DED000A01A9204611F03AFA14
:10243000364890ED0B0A8DED000A6A4601A9204648
:10244000FFF72CF83248D0ED180A9FED321A60EEF3
:10245000810AB0EE600A3048D0F8901188472C48C5
:10246000D0ED190A9FED2B1A60EE810AB0EE600ADA
:102470002A48D0F8901188472548D0ED1A0A9FEDD8
:10248000251A60EE810AB0EE600A2548D0F8901156
:1024900088471F48D0ED1B0A9FED1E1A60EE810A87
:1024A000B0EE600A1F48D0F8901188471848D0ED68
:1024B000180A9FED1D1A60EE810AB0EE600A1B48F3
:1024C000D0F8901188471248D0ED190A9FED161ADE
:1024D00060EE810AB0EE600A1548D0F89011884786
:1024E0001448D0F89011144890ED000A114888471C
:1024F0001248D0F89011104890ED000AB1EE400A51
:102500000E4888471FBD000000000000C470002472
:102510001C5A002400004842945A0024305C0024D5
:10252000CC5D0024685F002400004843046100245F
:10253000A06200248C6D0024C0020024286F0024B7
:102540001CB5044604B91CBD2046FFF763FF2048B4
:1025500090ED3B0ABDEEC00A10EE100A00B21D4914
:1025600091ED3B0ABDEEC00A10EE101A09B2CDE99A
:102570000010194890ED3B0ABDEEC00A10EE100A9B
:1025800003B2164890ED3B0ABDEEC00A10EE100AE9
:1025900002B24FF40071124800F020FA00200090BF
:1025A0000190104890ED3B0ABDEEC00A10EE100AF3
:1025B00003B20D4890ED3B0ABDEEC00A10EE100AC2
:1025C00002B24FF40071094800F008FA00BFBAE700
:1025D000685F0024CC5D0024305C0024945A002401
:1025E000C0090024A062002404610024600A0024C1
:1025F0001FB5002137480BF075FE364881688847C3
:10260000354801210022CDE90012344B40F201226D
:10261000CDE902104902324800F08EF9314801211B
:102620000022CDE900122D4B40F20222CDE902102A
:1026300049022D4800F080F92C4801210022CDE903
:102640000012264B40F20322CDE90210490228482D
:1026500000F072F9274801210022CDE900121F4B3A
:102660004FF40172CDE902104902234800F064F9E9
:102670002248012100220092214BCDE90121039043
:1026800040F2012249021F4800F056F91E4801217C
:10269000002200921A4BCDE90121039040F2022260
:1026A00049021A4800F048F90A480D49426C90471F
:1026B00008480D49426C904706480D49426C9047C6
:1026C00004480D49426C9047114802490867114877
:1026D00048671FBD1C5A002434010024C00900248F
:1026E000945A00244C010024305C0024640100242E
:1026F000CC5D00247C010024685F00249401002448
:10270000600A002404610024AC010024A0620024BB
:1027100015240008192700089FED1D0A80ED140AF2
:102720009FED1B0A80ED150A9FED190A80ED160A30
:102730009FED170A80ED180A9FED150A80ED190A22
:102740009FED130A80ED1A0A9FED110A80ED1B0A16
:102750009FED0F0A0F4981ED3B0A9FED0D0A0E49CF
:1027600081ED3B0A9FED0A0A0C4981ED3B0A9FED82
:10277000080A0B4981ED3B0A9FED050A094981EDE5
:102780003B0A9FED030A084981ED3B0A70470000B0
:1027900000000000945A0024305C0024CC5D00242A
:1027A000685F002404610024A062002410B503F0D7
:1027B00051FF04460020054908704860204611F08A
:1027C00043FA11F0F7F911F0EBF910BD6C08002491
:1027D00010B503F03FFF0446204611F043FA2648A7
:1027E000007830B1012814D0022827D0032838D12E
:1027F00032E011F0DFF911F0D3F9204611F00AFAB6
:1028000030B111F0C3F91C48446001201A49087026
:102810002FE0204611F0E2F928B111F0C1F90020B3
:102820001549087025E014484068201AC82804D3C8
:1028300011F0CAF90220104908701AE011F0C4F929
:1028400011F0A4F9204611F0C9F920B111F0A8F94E
:102850000020094908700CE011F0B6F911F0A0F958
:1028600007E000200449087011F0A4F911F098F96C
:1028700000BF00BF10BD00006C0800244A780B7830
:1028800042EA0322A0F86C21B0F86C21A0F8702174
:102890007047027F5AB1012A05D0022A02D0062AC7
:1028A00046D100BF00BF8A7980F86A2100BF00F5D9
:1028B000B270028942814A780B7842EA032202818F
:1028C000CA788B7842EA032212B202804A790B79E5
:1028D00042EA032212B26FF0040392FBF3F212B247
:1028E000428002894389A0F5B270D21AB2F5805FA6
:1028F00005DDD0F87421521EC0F874210CE0B0F848
:102900006C21B0F86E31D21A12F5805F04DAD0F87B
:102910007421521CC0F87421B0F86C31D0F87421C5
:1029200003EB4232B0F87031D21AC0F8782100E0DF
:1029300000BF00BF704700002DE9F84F04468B46EA
:1029400015461E460AAF97E88007E9B23B46324675
:102950002046CDF8008009F023FE04F5B07424F879
:10296000A05C1B4860631B48A0631B4820630020D9
:10297000A080E0802081A072A081E081208260613F
:10298000A06120772085E062A4F5B074002104F5F1
:10299000BF70C4F87E11C4F88211A4F88611607F5C
:1029A00058B1012802D002280FD10DE05246494605
:1029B00004F58A700AF03EF807E05246494604F1F1
:1029C000C4000AF037F800E000BF00BFBDE8F88F90
:1029D000932800087D280008C9C600082DE9F043A7
:1029E0008BB081460E4614461D46DDE912780296EC
:1029F0000020039004900820059000200690079086
:102A0000089009900A90200A8DF80000E0B28DF835
:102A10000100280A8DF80200E8B28DF80300380A98
:102A20008DF80400F8B28DF805004FEA18208DF8F3
:102A3000060008F0FF008DF807006A4602A9484624
:102A400002F054FD0BB0BDE8F083000010B5024861
:102A500001F0DEFC10BD00002810002410B5024873
:102A600001F0D6FC10BD0000B00F00240146374A2B
:102A70000868904249D0354A18320868904244D0DC
:102A8000324A3032086890423FD0304A48320868B3
:102A900090423AD02D4A60320868904235D02B4A95
:102AA00078320868904230D0284A903208689042C4
:102AB0002BD0264AA8320868904226D0244A0868BB
:102AC000904222D0224A1832086890421DD0204AF3
:102AD00030320868904218D01D4A48320868904247
:102AE00013D01B4A6032086890420ED0184A7832E0
:102AF0000868904209D0164A90320868904204D083
:102B0000134AA8320868904201D1012000E0002059
:102B1000B0B10A78103A1823B2FBF3F000F00702C4
:102B20000C4B9A5CCA65032805D90A686FF3090241
:102B3000121D8A6503E00A686FF309028A6503E0E3
:102B4000086820F0FF008865886D7047100002401B
:102B500010040240F8AE010810B502682B4C03685F
:102B6000A34222D0294C14340368A3421DD0274C21
:102B700028340368A34218D0244C3C340368A34291
:102B800013D0224C50340368A3420ED01F4C64343F
:102B90000368A34209D01D4C78340368A34204D0D3
:102BA0001A4C8C340368A34201D1012300E00023B6
:102BB0008BB10378083B1424B3FBF4F1144B03EB03
:102BC00081030366124B8033436601F01F04012327
:102BD000A340836618E00378103B1824B3FBF4F19C
:102BE0000C4B9A4204D80B4BA83B9A4200D30831B5
:102BF000094B03EB81030366074B8033436601F007
:102C00001F040123A340836610BD0000085402582E
:102C100000580258B8040240000802400179A9B3E4
:102C2000082940D8204B02689A4222D01E4B143308
:102C300002689A421DD01C4B283302689A4218D071
:102C4000194B3C3302689A4213D0174B5033026839
:102C50009A420ED0144B643302689A4209D0124B48
:102C6000783302689A4204D00F4B8C3302689A4240
:102C700001D1012200E000224AB14A1E0B4B03EBB6
:102C80008202C266094A4032026708E00BE04A1E2F
:102C9000074B03EB8202C266054A403202674A1EB6
:102CA0000123934043677047085402580059025863
:102CB00000090240014600208A69D2B98A6A32B10D
:102CC000012A0DD0022A03D0032A10D10EE000BF42
:102CD000CA6A02F08072B2F1807F00D1012007E061
:102CE000CA6AB2F1C07F00D1012001E000E000BF5C
:102CF00036E08A69B2F5005F1BD18A6A32B1012AD7
:102D000007D0022A03D0032A11D10AE000BF012014
:102D10000EE0CA6A02F08072B2F1807F00D1012019
:102D200006E0CA6AB2F1C07F00D1012000E000BF16
:102D300016E08A6A32B1012A05D0022A04D0032A99
:102D40000CD103E000BF00BF012008E0CA6A02F016
:102D50008072B2F1807F00D1012000E000BF00BF8F
:102D60007047000030B5384D0468AC4249D0364D4C
:102D700018350468AC4244D0334D30350468AC4259
:102D80003FD0314D48350468AC423AD02E4D6035C5
:102D90000468AC4235D02C4D78350468AC4230D054
:102DA000294D90350468AC422BD0274DA8350468D6
:102DB000AC4226D0254D0468AC4222D0234D1835B4
:102DC0000468AC421DD0214D30350468AC4218D0A7
:102DD0001E4D48350468AC4213D01C4D6035046864
:102DE000AC420ED0194D78350468AC4209D0174D6D
:102DF00090350468AC4204D0144DA8350468AC4248
:102E000001D1012400E0002474B104686360846887
:102E1000402C04D10468A2600468E16012E00468F8
:102E2000A1600468E2600DE0046863608468402C7F
:102E300004D10468A2600468E16003E00468A16052
:102E40000468E26030BD000010000240100402403F
:102E500030B58BB004460D46A07F02900020039051
:102E60000490082005900020069007900890099093
:102E70000A90FF208DF800008DF801008DF8020007
:102E80008DF803008DF804008DF805008DF806001C
:102E900035B1012D0BD0022D10D0032D16D111E02C
:102EA000FC208DF80700012084F8C4000FE0FD200D
:102EB0008DF80700002084F8C40008E0FE208DF89B
:102EC000070004E0FB208DF8070000E000BF00BF12
:102ED0006A4602A904F1200002F008FB0BB030BDE5
:102EE0002DE9F0412DED048B04460D46A878697854
:102EF00040EA0126E8780001297940EA211768793B
:102F0000297901F00F0140EA0128B2EE090AF0EE3A
:102F1000408AB3EE0E0AB0EE408AB2EE040AB0EE7A
:102F2000409A207F001F072846D2DFE800F01E11DC
:102F3000454504382B00B2EE090AF0EE408AB3EEA4
:102F40000E0AB0EE408AB2EE040AB0EE409A34E0C7
:102F5000B2EE090AF0EE408AB3EE0E0AB0EE408AF5
:102F6000B2EE040AB0EE409A27E09FED6B0AF0EE55
:102F7000408A9FED6A0AB0EE408AB2EE040AB0EED3
:102F8000409A1AE0B2EE090AF0EE408AB3EE0E0A59
:102F9000B0EE408AB2EE040AB0EE409A0DE0B2EE16
:102FA000090AF0EE408AB3EE0E0AB0EE408AB2EEA5
:102FB000040AB0EE409A00E000BF00BF287800117C
:102FC00084F8C40094ED320A84ED330A1021F0EE47
:102FD000680AB1EE680A304615F09AFB84ED320AB1
:102FE0000C21F0EE480AB1EE480A384615F090FB85
:102FF00084ED350A94ED350AF0EEC00A9FED480ADB
:1030000028EE000AF4EEC00AF1EE10FA03DB9FEDA1
:10301000450A84ED350A0C21F0EE490AB1EE490A61
:10302000404615F075FB84ED360AA87900EE100ACB
:10303000B8EE400ABCEEC00A10EE100A84F8DC00BC
:10304000E87900EE100AB8EE400ABCEEC00A10EEB5
:10305000100A84F8DD0094ED320AD4ED330A30EE24
:10306000600ADFED310AB4EEE00AF1EE10FA05DD98
:10307000D4F8E000001FC4F8E00011E094ED320A3B
:10308000D4ED330A30EE600ADFED280AB4EEE00A30
:10309000F1EE10FA04D2D4F8E000001DC4F8E0000C
:1030A00094ED321AB7EEC11AB0EE410B9FED201B22
:1030B0000FF0EAFCB7EEC00B84ED340A94ED340A4D
:1030C000DFED1D0AB4EEE00AF1EE10FA08DD94ED32
:1030D000340ADFED150A30EE600A84ED340A10E0A0
:1030E00094ED340ADFED150AB4EEE00AF1EE10FAC1
:1030F00007D294ED340ADFED0C0A30EE200A84ED9D
:10310000340A94F8C40010B9012084F8C400BDEC5E
:10311000048BBDE8F0810000560E494100003442A6
:10312000E3A57B3F00000000D00FC940D00FC9C00D
:1031300000000000FA211940D00F4940D00F49C0CB
:103140002DE9F84304460D4616461F46DDE9088979
:10315000E9B243463A462046CDF8009009F020FAFD
:10316000C43466700F4860630F48E0630F48206402
:103170000F48A0639FED0F0A84ED010A9FED0D0A31
:1031800084ED020A9FED0B0A84ED030A9FED090A04
:1031900084ED040A9FED070A84ED050AC43CBDE8EE
:1031A000F8830000512E0008B93100088D34000862
:1031B000E12E0008000000002DE9F0432DED068B04
:1031C0008BB00546B0EE40AAB0EE608AF0EE418AC0
:1031D000B0EE619AF0EE429AA87F02900020039030
:1031E0000490082005900020069007900890099010
:1031F0000A90287F001F072856D2DFE800F0051547
:1032000055042535450000BF9FED990A994880ED8A
:10321000000A9FED990A994880ED000AB2EE040A6F
:10322000974880ED000A40E09FED910A914880EDBB
:10323000000A9FED910A914880ED000AB2EE040A5F
:103240008F4880ED000A30E0B2EE090A894880ED2F
:10325000000AB3EE0E0A894880ED000AB2EE040AB5
:10326000874880ED000A20E0B2EE090A814880ED2F
:10327000000AB3EE0E0A814880ED000AB2EE040A9D
:103280007F4880ED000A10E0B2EE090A794880ED2F
:10329000000AB3EE0E0A794880ED000AB2EE040A85
:1032A000774880ED000A00E000BF00BF687FE8B308
:1032B000012802D0022838D16FE010206D4991ED2D
:1032C000001A91ED000AF1EE400AB0EE4A0A11F040
:1032D0002FF906460C20694991ED001A91ED000A7C
:1032E000F1EE400AB0EE480A11F022F907460C2030
:1032F0009FED641ADFED630AB0EE690A11F018F968
:1033000080460C209FED601ADFED5E0AB0EE680A81
:1033100011F00EF981460C20B1EE041ADFED590AC6
:10332000B0EE490A11F004F9044672E0FFE71020FC
:103330009FED541ADFED530A9FED520A11F0F8F891
:1033400006460C204D4991ED001A91ED000AF1EE70
:10335000400AB0EE480A11F0EBF807460C209FED4A
:10336000491ADFED480A9FED470A11F0E1F880465F
:103370000C209FED441ADFED430A9FED420A11F045
:10338000D7F881460C20B1EE041ADFED3E0AB0EE0C
:10339000490A11F0CDF804463BE01020354991ED83
:1033A000001A91ED000AF1EE400AB0EE4A0A11F05F
:1033B000BFF806460C20314991ED001A91ED000A44
:1033C000F1EE400AB0EE480A11F0B2F807460C20C0
:1033D0002B4991ED001A91ED000AF1EE400AB0EE92
:1033E000690A11F0A5F880460C209FED271ADFED41
:1033F000250AB0EE680A11F09BF881460C20B1EE68
:10340000041ADFED200AB0EE490A11F091F80446E3
:1034100000BF00BF30128DF80000F0B28DF801003F
:10342000C7F307108DF802003807000E40EA292084
:103430008DF8030009F0FF008DF80400C4F30710B5
:103440008DF805002007000E40EA28208DF80600C0
:1034500008F0FF008DF807006A4602A905F1200078
:1034600002F044F80BB0BDEC068BBDE8F083000021
:103470003411494124010024000034422801002471
:103480002C010024000000000000FA4371B52DED6E
:10349000020B8BB006460BAC0CADB07F0290002047
:1034A0000390049008200590002006900790089053
:1034B00009900A9020788DF8000060788DF801005E
:1034C000A0788DF80200E0788DF8030028788DF858
:1034D000040068788DF80500A8788DF80600E87873
:1034E0008DF807006A4602A906F1200001F0FEFFF0
:1034F0000EB070BD704772B600BFFEE707480068A7
:1035000040F002000549086000BF04480838006820
:1035100000F400500028F8D0704700000C48025812
:1035200010B5024802F0D4F910BD0000C009002413
:1035300010B5024802F0CCF910BD0000600A00246A
:1035400010B5024802F0C4F910BD0000000B0024C1
:1035500010B501464A6B0868D0F884004FF6FC7439
:10356000A04340EA82000C68C4F884000868D0F8E0
:10357000840020F47F04088F44EA00400C68C4F8FB
:103580008400886B02440868D0F888004FF6FC7409
:10359000A04340EA82000C68C4F888000868D0F8AC
:1035A000880020F4FE04888F44EA00400C68C4F8C8
:1035B0008800C86B02EB40020868D0F8A0004FF604
:1035C000FC74A04340EA82000C68C4F8A0000868BC
:1035D000D0F8A00020F4FE044020405A44EA004005
:1035E0000C68C4F8A000D1E9104004FB0022086870
:1035F000D0F8B0004FF6FC74A04340EA82000C689B
:10360000C4F8B0000868D0F8B00020F4FE04B1F8A7
:10361000480044EA00400C68C4F8B000D1E9124008
:1036200004FB00220868D0F8AC004FF6FC74A043FD
:1036300040EA82000C68C4F8AC00D1E9144004FBF5
:1036400000220868D0F8F0004FF6FC74A04340EA6E
:1036500082000C68C4F8F0000868D0F8F00020F48C
:103660007C14B1F8580044EA00400C68C4F8F0003B
:10367000886D02EB40020868D0F8C0004FF6FC7479
:10368000A04340EA82000C68C4F8C0000868D0F883
:10369000C00020F47C14B1F85C0044EA00400C68DF
:1036A000C4F8C0000868D0F8C00020F07C5491F83D
:1036B000600044EA00600C68C4F8C0002A4C486B03
:1036C00004EB8000C866CC6E886B04EB80040C674A
:1036D0000C6FC86B04EBC0044C67D1E91004604365
:1036E0004C6F04EB80048C67D1E9120460438C6F4B
:1036F00004EB8004CC67D1E914046043CC6F04EB85
:103700008004802044504458886D04EBC004842019
:1037100044508C6EC86D60438424645804EB80046C
:10372000882044508C6E086E60438824645804EBF3
:1037300080049020445040580C4CA04209D9983144
:10374000486840F020004860032001F898090120F3
:1037500010BDCB6E02E0002018601B1D9020405869
:103760009842F8D80020F3E700AC0040FCD30040BA
:103770002DE9F041054614461E46D1F804C0BCF1BF
:10378000000F0AD1D1F810C0D1F808804CEA080C1B
:10379000B1F800804CEA88430BE0D1F810C04CF03F
:1037A000804CD1F808804CEA080CD1F800804CEA33
:1037B000080391F82080D1F81CC04CEA086CD1F8BD
:1037C00018804CEA080CD1F814804CEA080CB1F8C7
:1037D0000C804CEA0847D5F868C00CFB06FCD5F80D
:1037E000848008EB8C021360121D1760121D0020EC
:1037F00019E000F1030C14F80CC04FEA0C6800F15A
:10380000020C14F80CC048EA0C4800F1010C14F842
:103810000CC048EA0C2C14F800804CEA080CC2F8E2
:1038200000C0121D001DDFF81480D1F80CC018F87C
:103830000CC08445DDD8BDE8F081000000AF010870
:1038400070B50A480468001D0568001D0668344408
:1038500054B108220649204607F0F9FF0422044922
:103860001031284607F0F3FF70BD000000E8F11F9B
:10387000420400242DE9F04704460F4690461E46B8
:10388000DDF820904FF0000AA068802804D14000A5
:1038900060654FF0010A75E100BF94F8340001281B
:1038A00002D10220BDE8F087012084F8340000BF77
:1038B00094F8350001287DD1022084F835000020DD
:1038C0006065B1492068884249D0AF491831206805
:1038D000884244D0AC493031206888423FD0AA4960
:1038E0004831206888423AD0A74960312068884230
:1038F00035D0A54978312068884230D0A24990312E
:10390000206888422BD0A049A8312068884226D060
:103910009E492068884222D09C49183120688842FC
:103920001DD09A4930312068884218D097494831D3
:103930002068884213D095496031206888420ED0B3
:10394000924978312068884209D0904990312068A6
:10395000884204D08D49A8312068884201D10120D5
:1039600000E0002090B12068006840F480202168C9
:10397000086020680661A06D00F1080594F85C00FD
:1039800000F01F013F208840286011E02068006897
:1039900048F2200108432168086020680661A06D94
:1039A000051D94F85C0000F01F010120884028608C
:1039B000754900E0E1E02068884270D07249183112
:1039C000206888426BD0704930312068884266D0C8
:1039D0006D4948312068884261D06B496031206868
:1039E00088425CD0684978312068884257D066495F
:1039F00090312068884252D06349A83120688842BB
:103A00004DD062492068884249D060491831206809
:103A1000884244D05D493031206888423FD05B49BC
:103A20004831206888423AD058496031206888423D
:103A300035D0564978312068884230D0534990318A
:103A4000206888422BD05149A8312068884226D06E
:103A50004F492068884222D04D491431206888425D
:103A60001DD04B4928312068884218D048493C3144
:103A70002068884213D046495031206888420ED0D1
:103A8000434964312068884209D04149783120682F
:103A9000884204D03E498C312068884201D10120FF
:103AA00000E0002068B14B46424639462046FFF709
:103AB00059F9D4E919104860E06E10B1D4E91C102E
:103AC000486031492068884249D02F491831206820
:103AD000884244D02C493031206888423FD02A495E
:103AE0004831206888423AD02749603120688842AE
:103AF00035D0254978312068884230D0224990312C
:103B0000206888422BD02049A8312068884226D0DE
:103B10001E492068884222D01C49183120688842FA
:103B20001DD01A4930312068884218D017494831D1
:103B30002068884213D015496031206888420ED031
:103B4000124978312068884209D0104990312068A4
:103B5000884204D00D49A8312068884206D12068E7
:103B6000006840F00100216808600BE020680068F0
:103B700040F001002168086004E04FF400606065D7
:103B80004FF0010A50468DE610000240100402403A
:103B9000085402582DE9F041044602F05BFD8046CE
:103BA00014B90120BDE8F08194F83500022808D04E
:103BB0008020606500BF002084F8340000BF012031
:103BC000F0E7FE492068884249D0FC491831206856
:103BD000884244D0F9493031206888423FD0F749C3
:103BE0004831206888423AD0F449603120688842E0
:103BF00035D0F24978312068884230D0EF49903191
:103C0000206888422BD0ED49A8312068884226D010
:103C1000EB492068884222D0E9491831206888425F
:103C20001DD0E74930312068884218D0E449483136
:103C30002068884213D0E2496031206888420ED063
:103C4000DF4978312068884209D0DD499031206809
:103C5000884204D0DA49A8312068884206D1206819
:103C6000006820F001002168086005E02068006815
:103C700020F0010021680860D0492068884249D0BE
:103C8000CE4918312068884244D0CC493031206870
:103C900088423FD0C9494831206888423AD0C74954
:103CA00060312068884235D0C44978312068884224
:103CB00030D0C2499031206888422BD0BF49A8310A
:103CC0002068884226D0BE492068884222D0BC495C
:103CD0001831206888421DD0B949303120688842A7
:103CE00018D0B74948312068884213D0B4496031B0
:103CF000206888420ED0B24978312068884209D0C5
:103D0000AF4990312068884204D0AD49A83120687D
:103D1000884201D1012000E0002068B120680068DD
:103D200020F01E00216808602068406920F08000B3
:103D300021684861256806E02068006820F00E00D0
:103D40002168086025689D492068884270D09B4999
:103D50001831206888426BD09849303120688842F9
:103D600066D0964948312068884261D093496031D5
:103D7000206888425CD0914978312068884257D0C9
:103D80008E4990312068884252D08C49A8312068F1
:103D900088424DD08A492068884249D088491831E4
:103DA0002068884244D086493031206888423FD01C
:103DB00083494831206888423AD08149603120687F
:103DC000884235D07E4978312068884230D07C499D
:103DD0009031206888422BD07949A83120688842E8
:103DE00026D078492068884222D07649143120684C
:103DF00088421DD0734928312068884218D0714903
:103E00003C312068884213D06E4950312068884286
:103E10000ED06C4964312068884209D069497831F4
:103E20002068884204D067498C312068884201D1DB
:103E3000012000E0002028B1206E006820F480708E
:103E4000216E086011E002F005FCA0EB08000528D7
:103E50000BD920206065032084F8350000BF0020C6
:103E600084F8340000BF01209CE6286800F00100BF
:103E70000028E8D151492068884249D04F4918317B
:103E80002068884244D04D493031206888423FD074
:103E90004A494831206888423AD048496031206810
:103EA000884235D0454978312068884230D043492E
:103EB0009031206888422BD04049A8312068884240
:103EC00026D03F492068884222D03D4918312068D9
:103ED00088421DD03A4930312068884218D038498C
:103EE00048312068884213D03549603120688842C3
:103EF0000ED0334978312068884209D0304990315A
:103F00002068884204D02E49A8312068884201D117
:103F1000012000E0002040B1A66D94F85C0000F0A4
:103F20001F013F208840B06007E0A76D94F85C0057
:103F300000F01F01012088407860204920688842F5
:103F400076D01E4918312068884271D01B49303123
:103F5000206888426CD0194948312068884267D06F
:103F6000164960312068884262D01449783120684F
:103F700088425DD0114990312068884258D00F495D
:103F8000A8312068884253D00D49206888424FD01C
:103F90000B491831206888424AD0094930312068DD
:103FA000884245D0064948312068884240D00449BB
:103FB0006031206888423BD0014905E01000024092
:103FC00010040240085402587831206888422FD0EB
:103FD0002549206888422BD023491831206888421F
:103FE00026D022492068884222D0204914312068F6
:103FF00088421DD01D4928312068884218D01B49AD
:104000003C312068884213D01849503120688842DA
:104010000ED0164964312068884209D0134978319E
:104020002068884204D011498C312068884201D12F
:10403000012000E0002068B1D4E919104860E06E6A
:1040400040B1E06E006820F48070E16E0860D4E951
:104050001C104860012084F8350000BF002084F85F
:10406000340000BF00BF9DE5A00402400854025880
:1040700070B504460CB9012070BD94F835000228D3
:1040800003D0802060650120F6E7DC492068884283
:1040900049D0DA4918312068884244D0D7493031B4
:1040A000206888423FD0D5494831206888423AD0BC
:1040B000D24960312068884235D0D04978312068B3
:1040C000884230D0CD499031206888422BD0CB49EE
:1040D000A8312068884226D0C9492068884222D069
:1040E000C7491831206888421DD0C5493031206841
:1040F000884218D0C24948312068884213D0C0494C
:104100006031206888420ED0BD49783120688842ED
:1041100009D0BB4990312068884204D0B849A83101
:104120002068884201D1012000E00020F0B3042083
:1041300084F83500B149206888424BD0AF49183126
:104140002068884246D0AD4930312068884241D04D
:10415000AA494831206888423CD0A849603120688B
:10416000884237D0A54978312068884232D0A349A7
:104170009031206888422DD0A049A831206888421B
:1041800028D09F492068884224D09D491831206852
:1041900088421FD09A493031206888421AD0984905
:1041A00048312068884215D0954900E020E0603110
:1041B000206888420ED0924978312068884209D020
:1041C0008F4990312068884204D08D49A8312068F9
:1041D000884206D12068006820F00100216808604C
:1041E00009E12068006820F001002168086002E110
:1041F00082492068884249D0804918312068884225
:1042000044D07E493031206888423FD07B494831D4
:10421000206888423AD0794960312068884235D098
:10422000764978312068884230D0744990312068CE
:1042300088422BD07149A8312068884226D0704925
:104240002068884222D06E491831206888421DD0EB
:104250006B4930312068884218D06949483120685C
:10426000884213D066496031206888420ED0644984
:1042700078312068884209D06149903120688842AD
:1042800004D05F49A8312068884206D120680068C0
:1042900020F001002168086005E02068006820F037
:1042A0000100216808602068006820F00E00216885
:1042B000086052492068884270D0504918312068FF
:1042C00088426BD04D4930312068884266D04B49D6
:1042D00048312068884261D048496031206888426E
:1042E0005CD0464978312068884257D043499031A4
:1042F0002068884252D04149A831206888424DD078
:104300003F492068884249D03D4918312068884299
:1043100044D03B493031206888423FD03849483149
:10432000206888423AD0364960312068884235D0CA
:10433000334978312068884230D031499031206843
:1043400088422BD02E49A8312068884226D02D499A
:104350002068884222D02B491431206888421DD021
:10436000284928312068884218D026493C312068E5
:10437000884213D023495031206888420ED0214909
:1043800064312068884209D01E497831206888420B
:1043900004D01C498C312068884201D1012000E002
:1043A0000020D8B1206E006820F48070216E086073
:1043B000A56D94F85C0000F01F0101208840686042
:1043C000D4E919104860E06E40B1E06E006820F456
:1043D0008070E16E0860D4E91C104860012084F808
:1043E000350000BF002084F8340000BF206D10B1FC
:1043F0002046216D884700203EE600001000024064
:1044000010040240085402580146486D70470000ED
:104410002DE9F84F044600200090FE4800684FF454
:104420001651B0FBF1FAA66DD4F858803768D8F869
:104430000090F9492068884249D0F749183120682E
:10444000884244D0F4493031206888423FD0F24954
:104450004831206888423AD0EF496031206888426C
:1044600035D0ED4978312068884230D0EA49903122
:10447000206888422BD0E849A8312068884226D09D
:10448000E6492068884222D0E449183120688842F1
:104490001DD0E24930312068884218D0DF494831C8
:1044A0002068884213D0DD496031206888420ED0F0
:1044B000DA4978312068884209D0D849903120689B
:1044C000884204D0D549A8312068884201D1012012
:1044D00000E0002000287DD094F85C0000F01F016F
:1044E000082088403840002868D0CB49206888429E
:1044F00049D0C94918312068884244D0C649303172
:10450000206888423FD0C4494831206888423AD068
:10451000C14960312068884235D0BF497831206870
:10452000884230D0BC499031206888422BD0BA49AB
:10453000A8312068884226D0B8492068884222D015
:10454000B6491831206888421DD0B44930312068FE
:10455000884218D0B14948312068884213D0AF4909
:104560006031206888420ED0AC497831206888429A
:1045700009D0AA4990312068884204D0A749A831BF
:104580002068884204D12068006800F0040003E03D
:104590002068006800F0080080B12068006820F002
:1045A00004002168086094F85C0000F01F010820F6
:1045B0008840B060606D40F00100606594F85C0078
:1045C00000F01F01012088403840E8B3924920687C
:1045D000884200E0B7E24BD08F491831206888420A
:1045E00046D08D4930312068884241D08A494831CF
:1045F000206888423CD0884960312068884237D0A2
:10460000854978312068884232D0834990312068CA
:1046100088422DD08049A8312068884228D07F491F
:104620002068884224D07D491831206888421FD0F4
:104630007A493031206888421AD078494831206858
:10464000884215D0754900E026E060312068884234
:104650000ED0724978312068884209D06F49903174
:104660002068884204D06D49A8312068884204D16E
:104670002068406900F0800002E0206800680020A7
:1046800050B194F85C0000F01F0101208840B06038
:10469000606D40F00200606594F85C0000F01F015E
:1046A000042088403840E8B35B49206888424BD0FA
:1046B000594918312068884246D05749303120681E
:1046C000884241D054494831206888423CD0524900
:1046D00060312068884237D04F497831206888425D
:1046E00032D04D499031206888422DD04A49A831B6
:1046F0002068884228D049492068884224D0474908
:104700001831206888421FD04449303120688842DF
:104710001AD0424948312068884215D03F4960315B
:10472000206800E024E088420ED03C4978312068BF
:10473000884209D0394990312068884204D03749ED
:10474000A8312068884204D12068006800F0020087
:1047500002E020680068002050B194F85C0000F08E
:104760001F0104208840B060606D40F00400606567
:1047700094F85C0000F01F01102088403840E8B336
:1047800025492068884251D0234918312068884241
:104790004CD0214930312068884247D01E494831E9
:1047A0002068884242D01C496031206888423DD050
:1047B000194978312068884238D0174990312068EB
:1047C000884233D01449A831206888422ED013493A
:1047D000206888422AD0114918312068884225D0A3
:1047E0000E4930312068884220D00C494831206879
:1047F00088421BD009496031206800E04DE08842C2
:1048000014D006497831206888420FD0034990318E
:10481000206805E02000002410000240100402403F
:10482000884203D0FE492068884204D1206800688D
:1048300000F0080003E02068006800F0040060B3A6
:1048400094F85C0000F01F0110208840B0602068E0
:10485000006800F4802080B12068006800F4002027
:1048600028B9206CC8B12046216C884715E0A06C9F
:1048700098B12046A16C88470FE02068006800F4DA
:10488000807028B92068006820F00800216808605E
:10489000206C10B12046216C884794F85C0000F031
:1048A0001F0120208840384000287DD0DD49206845
:1048B000884249D0DB4918312068884244D0D94920
:1048C0003031206888423FD0D6494831206888423C
:1048D0003AD0D44960312068884235D0D149783106
:1048E0002068884230D0CF499031206888422BD050
:1048F000CC49A8312068884226D0C949A839206807
:10490000884221D0C6499039206888421CD0C449C9
:1049100078392068884217D0C149603920688842B8
:1049200012D0BF494839206888420DD0BC4930397F
:104930002068884208D0BA4918392068884203D0D4
:10494000B7492068884204D12068006800F0100050
:1049500003E02068006800F0020028B394F85C00CF
:1049600000F01F0120208840B06094F83500042832
:104970002DD12068006820F01600216808602068AA
:10498000406920F0800021684861206C08B9A06C63
:1049900028B12068006820F008002168086094F8B9
:1049A0005C0000F01F0100E03FE03F208840B06065
:1049B000012084F8350000BF002084F8340000BFD7
:1049C000206D10B12046216D8847BDE8F88F206822
:1049D000006800F4802080B12068006800F40020A6
:1049E00028B1606C08B32046616C88471DE0E06B1D
:1049F000D8B12046E16B884717E02068006800F4D2
:104A0000807068B92068006820F010002168086094
:104A1000012084F8350000BF002084F8340000BF76
:104A2000E06B10B12046E16B8847606D00287AD0BA
:104A3000606D00F00100E8B3042084F83500794986
:104A4000206888424BD0774918312068884246D088
:104A5000744930312068884241D072494831206819
:104A600088423CD06F4960312068884237D06D4918
:104A700078312068884232D06A4990312068884273
:104A80002DD06849A8312068884228D06449A839C7
:104A90002068884223D062499039206888421ED01D
:104AA0005F4978392068884219D05D4960392068AB
:104AB000884200E040E012D05949483920688842D5
:104AC0000DD0574930392068884208D054491839E8
:104AD0002068884203D052492068884206D1206865
:104AE000006820F001002168086005E02068006887
:104AF00020F001002168086000BF0098401C009071
:104B0000504500D905E02068006800F00100002849
:104B1000F3D100BF2068006800F0010020B103203D
:104B200084F8350003E00DE0012084F8350000BF73
:104B3000002084F8340000BFE06C002802D020463A
:104B4000E16C8847D9E138492068884222D036494B
:104B50001431206888421DD03349283120688842AA
:104B600018D031493C312068884213D02E49503149
:104B7000206888420ED02C4964312068884209D0D0
:104B8000294978312068884204D027498C3120682F
:104B9000884201D1012000E000200028D2D0206806
:104BA000056894F85C0000F01F010420884000EACA
:104BB0000900D8B305F00400C0B394F85C0000F01D
:104BC0001F0104208840C8F8040005F4004080B1AB
:104BD00005F4803030B1A06C0028B3D02046A16C21
:104BE00088478AE1206C0028ACD02046216C884799
:104BF00083E105F02000E8BB0A492068884253D0D1
:104C000008491831206888424ED006493031206862
:104C1000884249D0034948312068884244D006E0A0
:104C2000B804024010000240085402584FE0B44952
:104C300060312068884237D0B14978312068884295
:104C400032D0AF499031206888422DD0AC49A8318C
:104C50002068884228D0AB492068884224D0A949DE
:104C60001831206888421FD0A64930312068884218
:104C70001AD000E025E0A34948312068884213D0CB
:104C8000A0496031206888420ED09E497831206862
:104C9000884209D09B4990312068884204D09949C4
:104CA000A8312068884206D12068006820F00800FA
:104CB0002168086005E02068006820F00400216891
:104CC0000860206C10B32046216C884715E194F8E9
:104CD0005C0000F01F010220884000EA0900E8B3F0
:104CE00005F00200D0B394F85C0000F01F01022030
:104CF0008840C8F8040005F4004070B105F4803025
:104D000028B9606C10B12046616C8847F5E0E06B13
:104D1000F0B32046E16B8847EFE005F02000C0BB10
:104D20007749206888424ED07549183120688842FA
:104D300049D0734930312068884244D070494831A5
:104D4000206888423FD06E496031206888423AD05E
:104D50006B4978312068884235D000E04EE06849E0
:104D60009031206888422ED06549A8312068884259
:104D700029D064492068884225D0624918312068CA
:104D8000884220D05F493031206888421BD001E042
:104D90006EE02DE05B4948312068884213D05949C4
:104DA0006031206888420ED05649783120688842A8
:104DB00009D0544990312068884204D05149A83123
:104DC0002068884206D12068006820F0140021681D
:104DD000086005E02068006820F00A00216808608B
:104DE000012084F8350000BF002084F8340000BFA3
:104DF000E06BE8B32046E16B88477EE094F85C0006
:104E000000F01F010820884000EA090080B305F087
:104E1000080068B33A49206888424BD038491831B5
:104E20002068884246D0364930312068884241D0D7
:104E300033494831206888423CD03149603120688C
:104E4000884237D02E4978312068884232D02C49A8
:104E50009031206888422DD02949A83120688842A5
:104E600028D028492068884224D02649183100E0FB
:104E700043E0206888421DD02249303120688842B2
:104E800018D0204948312068884213D01D4960312C
:104E9000206888420ED01B4978312068884209D0AA
:104EA000184990312068884204D01649A8312068FA
:104EB000884206D12068006820F01C002168086044
:104EC00005E02068006820F00E002168086094F872
:104ED0005C0000F01F0101208840C8F80400012098
:104EE000606584F8350000BF002084F8340000BFFE
:104EF000E06C10B12046E16C884700BF65E500001A
:104F000010000240100402402DE9F041044601F077
:104F1000A1FB804614B90120BDE8F081FE4920685C
:104F2000884249D0FC4918312068884244D0FA4967
:104F30003031206888423FD0F749483120688842A4
:104F40003AD0F54960312068884235D0F24978314D
:104F50002068884230D0F0499031206888422BD0B8
:104F6000ED49A8312068884226D0EC492068884263
:104F700022D0EA491831206888421DD0E7493031F3
:104F80002068884218D0E54948312068884213D00B
:104F9000E2496031206888420ED0E04978312068CB
:104FA000884209D0DD4990312068884204D0DB492D
:104FB000A8312068884201D1012000E000200028AB
:104FC00073D0606A00B100BF022084F8350000BFD2
:104FD000002084F8340000BFCF492068884249D0BF
:104FE000CD4918312068884244D0CB4930312068FF
:104FF00088423FD0C8494831206888423AD0C649E3
:1050000060312068884235D0C349783120688842B1
:1050100030D0C1499031206888422BD0BE49A83198
:105020002068884226D0BD492068884222D0BB49EA
:105030001831206888421DD0B84930312068884234
:1050400018D0B64948312068884213D0B34960313E
:10505000206888420ED0B14978312068884209D052
:10506000AE4990312068884204D0AC49A83120680C
:10507000884206D12068006820F00100216808609D
:1050800005E02068006820F00100216808600DE05C
:1050900001F0E0FAA0EB0800052807D920206065A0
:1050A000032084F83500012036E769E020680068B5
:1050B00000F001000028EBD1206805689848054001
:1050C000D4E9020108432169084361690843A169E1
:1050D0000843E1690843216A08430543606A0428DC
:1050E00003D1D4E90B01084305436068292802D3A2
:1050F00060682E2817D960683F2802D3606842286C
:1051000011D96068472802D3606848280BD96068C5
:105110004F2802D36068522805D96068742804D3E8
:105120006068772801D8012000E0002008B145F42C
:105130008015206805602068456925F00705606ACC
:105140000543606A04280DD1A06A0543E06A48B1AE
:105150002046FDF7AFFD28B140206065012084F8AE
:105160003500D9E6206845612046FDF77FFC0646FC
:1051700094F85C0000F01F013F208840B0609EE082
:1051800068492068884222D06649143120688842E4
:105190001DD0644928312068884218D061493C31CB
:1051A0002068884213D05F495031206888420ED071
:1051B0005C4964312068884209D05A4978312068B6
:1051C000884204D057498C312068884201D101209F
:1051D00000E00020E0B353492068884222D05149C2
:1051E0001431206888421DD04E49283120688842F9
:1051F00018D04C493C312068884213D0494950317D
:10520000206888420ED0474964312068884209D01E
:10521000444978312068884204D042498C31206862
:10522000884201D1012000E0002000B100BF02202F
:1052300084F8350000BF002084F8340000BF2068E7
:10524000056839480540A068402802D1102106E0D1
:105250002EE0A068802801D1C10100E00021E068B3
:1052600041EAD001206941EAD001606941EAD001F8
:10527000A06941EAD001E06941EAD001206A41EA2F
:10528000101005432068056026492068401A142143
:10529000B0FBF1F08000E0652046FDF7E7FB074634
:1052A00094F85C0000F01F0101208840786006E05F
:1052B00040206065032084F8350001202CE6164963
:1052C000206888427AD0144918312068884275D005
:1052D000114930312068884270D00F494831206828
:1052E00088426BD00C4960312068884266D00A49F8
:1052F00078312068884261D007499031206888421F
:105300005CD00549A8312068884257D003492068FD
:10531000884253D0014909E01000024010040240C5
:105320003F8010FE085402580F00FEFF183120681D
:10533000884243D03749206888423FD035491831E8
:10534000206888423AD0334930312068884235D0CD
:10535000304948312068884230D02E496031206879
:1053600088422BD02B4978312068884226D02A49A0
:105370002068884222D028491431206888421DD0F4
:10538000254928312068884218D023493C312068BB
:10539000884213D020495031206888420ED01E49DF
:1053A00064312068884209D01B49783120688842DE
:1053B00004D019498C312068884201D1012000E0D5
:1053C000002000B32046FDF7C7FBA068802801D16C
:1053D000002060602079216E0860D4E919104860CF
:1053E000606860B16068082809D82046FDF716FC9F
:1053F0000020E16E0860D4E91C10486003E0002042
:10540000E0662067606700206065012084F8350051
:10541000002081E5400402400854025870B504465B
:1054200001F018F906462546681C10B104480078BA
:10543000054400BF01F00EF9801BA842FAD370BDED
:105440001C00002430B5034693F89840012C01D08D
:10545000022C3ED11868806D084030B91868C06DC4
:1054600040F001001D68E8650EE01868806D084096
:10547000884206D11868C06D40F002001D68E865DA
:1054800002E003201D68E86501F4007030B118687F
:10549000D0F8E00010431D68C5F8E00001F480601A
:1054A00030B11868D0F8E40010431D68C5F8E40076
:1054B00000BF1868406D0B4D0D4028431D6868659E
:1054C0000948006840EA9170074D286000BF00203D
:1054D00030BDD3F89C0040F00200C3F89C000120CE
:1054E000F6E70000FFFFCF3F14A800402DE9F04190
:1054F00004460E461746706800B900E000BF94F8F5
:105500009800022832D12068D0F8C00000F07C500A
:1055100040B9D4F89C0040F02000C4F89C00012061
:10552000BDE8F0812068D0F8C40000F4001038B164
:10553000D4F89C0040F40070C4F89C000120EFE710
:105540002068D0F8C400C0F304452B463A463146E3
:105550002046FEF70DF90120A8402168C1F8D000CF
:105560000120A840C4F894000020D9E7D4F89C009A
:1055700040F00800C4F89C000120D1E77047F0B566
:10558000024692F89860012E01D0022E43D1C868DD
:10559000072800D100BF086818BBC868072800D0DA
:1055A00000BFC86807280BD1088A4FF0605747EA48
:1055B0000040CF6940EA07208F6940EA07030AE00C
:1055C000087A80070F7B40EAC7600F8A40EA0740ED
:1055D0004F6940EA0703D76E486807EB80042360F1
:1055E00017E0C868072800D000BF0F7B086940EAB1
:1055F0004773C868072801D18D6903E00F7A4869AD
:1056000040EA8775176F486807EBC0042360241DC4
:1056100025600020F0BDD2F89C0040F00200C2F8E6
:105620009C000120F6E770B50446049D94F89800AC
:1056300001280AD1080140EA820040EA43002843D9
:105640002668C6F88000002070BDD4F89C0040F0A9
:105650000400C4F89C000120F6E770470E4B026876
:105660009A4205D10D4A12680A430C4B1A6012E0A7
:105670000B4B02689A4205D10A4A12680A43094B49
:105680001A6008E0084B02689A4204D1074A12687F
:105690000A43064B1A60704700A000400C0100242A
:1056A00000A400401001002400D400401401002494
:1056B0002DE9F04304460D469C46002394F898805B
:1056C000B8F1020F7ED1402D3FD12068D0F8A00064
:1056D00000F4FE0040B9D4F89C0040F02000C4F86B
:1056E0009C000120BDE8F0832068D0F8A40000F001
:1056F0007F0038B9D4F89C0040F48070C4F89C0056
:105700000120EFE72068D0F8A400C0F3052320684B
:10571000D0F8A400C0F3006080B12068D0F8A000E9
:105720004FF00109B9EBD07F08D12068D0F8A00074
:10573000C0F3064003F1010900EA0903606C584315
:10574000D4F8749009EB800153E0412D40D12068DA
:10575000D0F8B00000F4FE0038B9D4F89C0040F056
:105760002000C4F89C000120BCE72068D0F8B400F9
:1057700000F07F0038B9D4F89C0040F48070C4F881
:105780009C000120AEE72068D0F8B400C0F30523E8
:105790002068D0F8B400C0F3006080B12068D0F871
:1057A000B0004FF00109B9EBD07F08D12068D0F8E4
:1057B000B000C0F3064003F1010900EA0903E06C00
:1057C000584300E072E0D4F8789009EB800110E0D3
:1057D000206DA84207D8D4F89C0040F02000C4F8FF
:1057E0009C0001207EE7606D6843D4F87C9009EB53
:1057F0008001086800F080405060506820B9086857
:10580000C0F38A40106003E0086820F06040106038
:10581000086800F000509060086800F000401061D7
:10582000091D088880B2D0610868C0F30340D060C9
:10583000086800F480105061086800F4001090615E
:105840000868C0F3066010620868C00F5062091D46
:105850000F46002603E0B85D0CF80600761CDFF862
:105860005C90D06819F80000B042F4D8402D03D104
:105870002068C0F8A83017E0412D03D12068C0F897
:10588000B83011E0202D06D20120A840D4F80090B5
:10589000C9F8980008E005F01F09012000FA09F096
:1058A000D4F80090C9F89C0000201BE7D4F89C00B5
:1058B00040F00800C4F89C00012013E700AF010885
:1058C00001460A68D2F8C42002F03F0070477047D2
:1058D0002DE9F04F8DB00446EF4800688707EE4889
:1058E000001D006807EA80772068006D00F47048AA
:1058F0002068406D00EA08082068006D00F00F097C
:105900002068406D00EA09092068006D00F0F00A87
:105910002068406D00EA0A0A2068006D00F0715BA3
:105920002068406D00EA0B0B2068006D00F060708D
:105930000C902068406D0C9908400C902068456DD3
:105940002068066DC5F3002070B1C6F3002058B181
:1059500000BF4FF48070216808650020CE490860C0
:1059600000BF2046FFF7B3FFC5F38020C8B1C6F3E0
:105970008020B0B12068D0F8DC000A902068D0F810
:10598000E4000A9908400A9000BF4FF48060216843
:1059900008650020C049086000BF20460A9900F051
:1059A00049FD67B100BFBD48384021680865B80FA0
:1059B000B949086000BF39462046FFF7DFFDB8F15E
:1059C000000F0ED000BFB54808EA00002168086546
:1059D0004FEA9870B049086000BF4146204600F089
:1059E0002BFDB9F1000F0ED000BFAC4809EA000052
:1059F000216808654FEA9970A749086000BF4946C9
:105A0000204600F0C7FBBAF1000F0ED000BFA3483C
:105A10000AEA0000216808654FEA9A709E4908600A
:105A200000BF5146204600F093FCC5F3C02070B182
:105A3000C6F3C02058B100BF4FF40060216808656C
:105A400000209549086000BF204600F0F6FCC5F331
:105A50004020C8B1C6F34020B0B12068D0F8D800CB
:105A60000B902068D0F8E0000B9908400B9000BF25
:105A70004FF400702168086500208749086000BF66
:105A800020460B9900F0D7FCC5F3C04070B1C6F3B7
:105A9000C04058B100BF4FF40020216808650020C5
:105AA0007D49086000BF204600F072FBC5F300404E
:105AB00070B1C6F3004058B100BF4FF48030216888
:105AC000086500207449086000BF204600F0B1FC62
:105AD000C5F3804070B1C6F3804058B100BF4FF4A9
:105AE00080202168086500206B49086000BF2046BF
:105AF00000F09EFCC5F3404088B1C6F3404070B151
:105B000000BF4FF40030216808650020624908603A
:105B100000BFD4F89C0040F08000C4F89C000C98B2
:105B200070B100BF5D490C980840216808650C9869
:105B3000800F5949086000BF20460C99FFF78EFD81
:105B4000BBF1000F10D000BF54480BEA00002168E1
:105B500008654FEA9B705049086000BFD4F89C006C
:105B600040EA0B00C4F89C004D49206888427DD172
:105B70006068806800F00300002877D06068006AE1
:105B800000F00F0009906068406A09990840099088
:105B90006068006A00F0300008906068406A089908
:105BA000084008906068006A00F4C0700790606860
:105BB000406A0799084007906068006A00F4FC405A
:105BC00006906068406A0699084006906068006A1E
:105BD00000F4F02005906068406A0599084005903F
:105BE0006068406A02906068006A0190099830B16C
:105BF0000998616808622046099900F016FC089827
:105C000030B10898616808622046089900F00FFCDE
:105C10000298C0F38010A0B10198C0F3801080B149
:105C20006068C06B000C04906068C06B00F03F00BF
:105C300003904020616808622046DDE9032100F0FE
:105C4000F5FB079830B1079861680862204607990C
:105C500000F0EAFB069840B1069861680862D4F843
:105C60009C0006990843C4F89C0000E00AE00598EF
:105C700040B1059861680862D4F89C000599084312
:105C8000C4F89C00D4F89C0010B12046FFF7E5FC56
:105C90000DB0BDE8F08F000010A80040FFFFCF3F1F
:105CA00000A0004070B594B004464C22B34901A84E
:105CB000FAF7BDFB14B9012014B070BDB0492068DB
:105CC000884203D1206800F580706060A068B0F55C
:105CD000407F00D100BF206C00B100BFA06C00B1BC
:105CE00000BF206D00B100BF206E00B100BFD4E93D
:105CF0001710084400B100BF94F8980028B900209C
:105D000084F89900204600F03DF92068806920F071
:105D100010002168886100F09DFC05460EE000F04F
:105D200099FC401B0A2809D99834606840F00100AA
:105D30006060032004F898090120BDE720688069AD
:105D400000F008000828EAD02068806940F00100CF
:105D50002168886100F07EFC05460EE000F07AFCC8
:105D6000401B0A2809D99834606840F0010060603F
:105D7000032004F8980901209EE72068806900F05C
:105D800001000028EAD02068806940F00200216804
:105D90008861207C012806D12068806920F04000BD
:105DA0002168886105E02068806940F04000216832
:105DB0008861607C012806D12068806940F48040B9
:105DC0002168886105E02068806920F480402168AE
:105DD0008861A07C012806D12068806920F4805069
:105DE0002168886105E02068806940F4805021685E
:105DF00088612068806920F44070A16808432168A8
:105E000088612068806920F0A4002168886120688A
:105E1000006920F0100021680861E068012806D1BF
:105E20002068806940F004002168886120E0E06813
:105E3000F0B1E068022815D02068806940F0800049
:105E4000216888612068006940F0100021680861BD
:105E5000E06803280CD12068806940F020002168A8
:105E6000886105E02068806940F020002168886131
:105E7000207E401E4106E069401E41EA0020216A62
:105E8000491E0843A18A491E40EA01402168C861B1
:105E9000A068B0F5407F0FD1A06A401EE16A491E9C
:105EA00040EA0121206B401E41EA0011A08C401EF7
:105EB00041EA00402168C860206E38B12068D0F8FF
:105EC000C000616E08432168C1F8C000D4E9171012
:105ED000084460B12068D0F8C80020F0070001AA8B
:105EE000A16E52F8211008432168C1F8C800206C47
:105EF00060B12068D0F8BC0020F0070001AA616CF6
:105F000052F8211008432168C1F8BC00A06C68B1A8
:105F10002068D0F8BC0020F0700101AAE06C52F8B3
:105F2000200041EA00102168C1F8BC00206D68B172
:105F30002068D0F8BC0020F4E06101AA606D52F83E
:105F4000200041EA00202168C1F8BC000C4920680B
:105F5000884205D16068806820F00300616888602D
:105F6000002044F8940FA06001202071943C20464A
:105F7000FDF7EEFA064630469EE6000010AF010837
:105F800000A0004010B5B6B00446142130A8FAF7BE
:105F900067FAB82102A8FAF763FA764920688842BE
:105FA00049D14FF400410020CDE9021048031D9073
:105FB00002A801F035FE08B1FDF79DFA6E480068B1
:105FC000401C6D4908600846006801280DD100BFDB
:105FD0006A48006840F480706849086008460068B4
:105FE00000F48070019000BF00BF00BF63480C3810
:105FF000006840F0080061490C39086008460068F4
:1060000000F00800019000BF00BF03203090022084
:1060100031900020329033900920349030A95848B4
:1060200000F00CFA00220521132000F01DFC1320C3
:1060300000F006FC9BE053492068884249D14FF4A8
:1060400000410020CDE9021048031D9002A801F094
:10605000E7FD08B1FDF74FFA47480068401C464984
:1060600008600846006801280DD100BF4348006859
:1060700040F48070414908600846006800F4807070
:10608000019000BF00BF00BF3C480C38006840F0E2
:1060900002003A490C3908600846006800F0020026
:1060A000019000BF00BF602030900220319000209E
:1060B000329033900920349030A9334800F0BEF973
:1060C00000220521142000F0CFFB142000F0B8FBC3
:1060D0004DE02E492068884249D14FF4004100200C
:1060E000CDE9021048031D9002A801F099FD08B106
:1060F000FDF701FA20480068401C1F490860084667
:10610000006801280DD100BF1C48006840F4807071
:106110001A4908600846006800F48070019000BFCA
:1061200000BF00BF15480C38006840F00800134954
:106130000C3908600846006800F00800019000BFB4
:1061400000BF4FF440503090022031900020329038
:1061500033900520349030A9094800F06FF90022EF
:1061600005219F2000F080FB9F2000F069FB36B0E6
:1061700010BD000000A0004010000024EC440258B4
:10618000000C025800A400400004025800D4004053
:106190007047000030B58DB004460D4601AB03AA30
:1061A00040212046FFF784FA5749206888423CD1B5
:1061B00040F201220398811A90420ED006DC052895
:1061C0001FD0062822D010282DD124E0012909D083
:1061D00002290CD0032926D10EE001A94B48FCF777
:1061E00058FB21E001A94A48FCF753FB1CE001A938
:1061F0004848FCF74EFB17E001A94748FCF749FB6C
:1062000012E001A94548FCF76BFE0DE001A94448E6
:10621000FCF766FE08E09DF8041001F00F0001A9EC
:106220000DF014FB00E000BF6BE03E49206888429F
:1062300036D140F202220398811A904212D007DC34
:1062400005281ED0102821D0A0F2012030BB04E088
:1062500001290CD0022921D10EE001A93248FCF716
:1062600018FB1CE001A93148FCF713FB17E001A95A
:106270002F48FCF70EFB12E001A92E48FCF709FBA2
:106280000DE001A92C48FCF72BFE08E09DF8041056
:1062900001F00F0001A90DF0B3FA00E000BF30E0FB
:1062A0002649206888422CD1039810281FD004DC8E
:1062B000042812D0052822D114E0A0F2012010B148
:1062C00001281CD104E001A91D48FCF7E2FA17E0FF
:1062D00001A91C48FCF7DDFA12E001A91A48FCF7F5
:1062E000FFFD0DE001A91948FCF7FAFD08E09DF853
:1062F000041001F00F0001A90DF08EFA00E000BFBC
:1063000000BF0DB030BD000000A00040945A002432
:10631000305C0024CC5D0024685F00247C6B00248A
:10632000846C002400A4004004610024A0620024C6
:106330008C6D0024286F00241468002400D40040D1
:10634000DC640024786600241C690024246A00248C
:106350007047014691F8980001280CD1022081F87D
:1063600098000868806920F001000A6890610020A8
:10637000C1F89C007047D1F89C0040F00400C1F8BF
:106380009C000120F6E70146002291F898000228BF
:1063900042D10868806940F001000B6898610CE008
:1063A000322A09D99831486840F00100486003203A
:1063B00001F8980901207047521C0868806900F0B4
:1063C00001000028ECD000220868806920F010004D
:1063D0000B6898610CE0322A09D99831486840F07E
:1063E00001004860032001F898090120E3E7521CEE
:1063F0000868806900F008000828ECD00868806907
:1064000040F002000B6898610020C1F89400012060
:1064100081F898000020CEE7D1F89C0040F00800F9
:10642000C1F89C000120C6E770477047704770476D
:10643000704770477047704770477047F8B502461D
:106440000023714DDAE001279F400E6806EA070439
:10645000002C7AD00E7906F00306012E04D00E79B6
:1064600006F00306022E13D190685F000326BE409B
:10647000B0435F00CE68BE40304390605068012654
:106480009E40B0430E79C6F300169E4030435060E4
:106490000E7906F00306032E07D10E7906F00306E7
:1064A000032E0CD18E68012E09D0D0685F00032620
:1064B000BE40B0435F008E68BE403043D0600E796E
:1064C00006F00306022E13D1DF0802F1200656F86B
:1064D00027005E07F70E0F26BE40B0435F07FF0E92
:1064E0000E69BE403043DF0802F1200646F827005F
:1064F00010685F000326BE40B0430E7906F0030625
:106500005F00BE40304310604E6806F44036002EF7
:1065100073D000BF3D4E366846F002063B4F3E60EA
:106520003E46366806F00206009600BF00BF384EB1
:106530009F0856F827009E07370F0F26BE40B0432E
:10654000344EB24202D1002629E056E0324EB24229
:1065500001D1012623E0314EB24201D102261EE0D4
:106560002F4EB24201D1032619E02E4EB24201D184
:10657000042614E02C4EB24201D105260FE02B4E2A
:10658000B24201D106260AE0294EB24201D10726C5
:1065900005E0284EB24201D1092600E00A269F07F5
:1065A0003F0FBE4030431A4E9F0846F827004FF079
:1065B000B0463068A0434E6806F4801606B120430A
:1065C0004FF0B04630607068A0434E6806F4001685
:1065D00006B120434FF0B04670606868A0434E6833
:1065E00006F4003606B1204368602868A0434E6870
:1065F00006F4803606B1204328605B1C0E68DE403E
:10660000002E7FF420AFF8BD80000058F4440258FB
:1066100008040058000002580004025800080258FC
:10662000000C0258001002580014025800180258BA
:10663000001C025800240258024613690B400BB19B
:10664000012000E0002070470AB1816101E00B04E5
:1066500083617047014800687047000014000024FF
:1066600003480068034909780844014908607047F5
:10667000140000241C00002410B5032000F032F99F
:1066800002F042FB10490968C1F303210F4A515C33
:1066900001F01F0120FA01F40B48006800F00F0020
:1066A0001146085C00F01F0024FA00F00849086059
:1066B000084804600F2000F00FF808B1012010BD59
:1066C00000F0A6F80020FAE71844025884AF010849
:1066D000240000242000002470B58AB00446102C49
:1066E0000AD2002221462C2000F0BEF82C2000F017
:1066F000A7F81948046002E001200AB070BD00BF8D
:106700001648006840F00200144908600846006816
:1067100000F00200009000BF00BF01A902A802F033
:1067200073FA02F0DFFA45000D48B5FBF0F0461EA3
:106730000C480D49086040F2E7310B48C1604660E3
:1067400000210161816003F065F818B9064803F083
:106750001BF9D2E70120D0E718000024F0440258CA
:1067600040420F0000040140A01000244178154A67
:10677000116014490831096821F00101114A0832F9
:106780001160121F41681160017B0907C27A41EA5A
:106790000261827A41EAC241427B41EA8241827BC4
:1067A00041EA4241C27B41EA0241427A41EA022186
:1067B000027A41EA420102781143024A083211602A
:1067C0007047000098ED00E0BFF35F8F0548006858
:1067D00020F48030034908600020024970310860CD
:1067E0007047000024ED00E040F00101074A11600D
:1067F00006497039096841F48031044A703A1160E1
:10680000BFF34F8FBFF36F8F7047000094ED00E030
:1068100008B500BF0948006840F002000749086059
:106820000846006800F00200009000BF00BF002290
:106830000F21901E00F018F808BD0000F444025823
:106840000146084600280DDB00BF00BF00F01F0313
:1068500001229A4043099B0003F1E023C3F8002181
:1068600000BF00BF00BF70472DE9F05F80460D46B6
:1068700016460CF045F8074639462A46334601F0DD
:106880000700C0F1070ABAF1040F02D94FF0040A59
:1068900001E0C0F1070AD14600F1040ABAF1070F7E
:1068A00002D24FF0000A01E0A0F1030AD4464FF0F3
:1068B000010A0AFA09FAAAF1010A0AEA020A0AFA1C
:1068C0000CFA4FF0010B0BFA0CFBABF1010B0BEACE
:1068D000030B4AEA0B04214640460CF019F8BDE8C8
:1068E000F09F000000BF00F00702064B19684FF64A
:1068F000FF031940044B0B4343EA0221014B19608B
:1069000000BF70470CED00E00000FA0501460A6880
:106910000120C1F8D804002081F8CC04906940F02F
:1069200000609061506D024B184350650020704725
:106930000300001070470246106841620020704753
:10694000F0B5034615461868446A21B944EA054083
:106950001E68B06219E01868806A04EB10440022D7
:1069600008E0186800F5827050F8220004EB10442B
:10697000501CC2B2481E9042F3D844EA054718683A
:1069800000F582704E1E40F826700020F0BD10B554
:106990000446D4F8E0040AF0BFF910BD70B504460F
:1069A0000D4605EBC50304F1140101EB8301CA6830
:1069B0002946D4F8E0040AF0A2F870BD70B5044688
:1069C0000D4605EBC50304F5157101EB8301CA689B
:1069D0002946D4F8E0040AF01AF970BD10B504464F
:1069E000D4F8E0040AF09BF910BD2DE9F04104460B
:1069F0000D4605F08000802808D105F00F0000EB5F
:106A0000C00104F1140000EB810607E005F00F005F
:106A100000EBC00104F5157000EB810631462068DB
:106A20000BF0E2FB07463846BDE8F08170B504463E
:106A30000E4606F0800080280AD106F00F0000EB19
:106A4000C00104F1140000EB81050120687009E029
:106A500006F00F0000EBC00104F5157000EB810596
:106A60000020687006F00F00287000BF94F89404AE
:106A7000012801D1022070BD012084F8940400BFD8
:106A8000294620680AF042FF00BF002084F89404E1
:106A900000BF00BFEFE770B504460E4606F00F00DA
:106AA0002179884201D9012070BD06F0800080283C
:106AB0000AD106F00F0000EBC00104F1140000EB56
:106AC00081050120687009E006F00F0000EBC001AD
:106AD00004F5157000EB8105002068700020A87097
:106AE00006F00F00287000BF94F89404012801D12B
:106AF0000220D9E7012084F8940400BF29462068C9
:106B00000BF0FEF800BF002084F8940400BF00BF23
:106B1000CAE7024601F00F0000EBC00302F5157052
:106B200000EB8300406970472DE9F04705460E46AB
:106B300090461F464FF0000906F0800080280AD1D9
:106B400006F00F0000EBC00105F1140000EB81041A
:106B50000120607009E006F00F0000EBC00105F5B0
:106B6000157000EB81040020607006F00F002070AB
:106B7000C8F30A00A0602771607808B120786083AC
:106B8000022F01D10020607100BF95F89404012804
:106B900002D10220BDE8F087012085F8940400BFEF
:106BA000214628680AF0B0FD00BF002085F8940453
:106BB00000BF4846EEE72DE9F04105460E46174670
:106BC000984606F00F0000EBC00105F5157000EBCC
:106BD0008104E760C4F8108000206061607006F0F6
:106BE0000F002070A879012800D1E761AA79214619
:106BF00028680BF019F90020BDE8F08170B5044653
:106C00000D4605F00F002179884201D9012070BDA1
:106C100005F0800080280AD105F00F0000EBC001CC
:106C200004F1140000EB81060120707007E005EB11
:106C3000C50104F5157000EB81060020707001207D
:106C4000B07005F00F00307000BF94F89404012874
:106C500001D10220DBE7012084F8940400BF314613
:106C600020680BF094F805F00F0028B9A17904F220
:106C70009C4220680BF00CF800BF002084F89404BC
:106C800000BF00BFC3E72DE9F04105460E46174699
:106C9000984606F00F0000EBC00105F1140000EB70
:106CA0008104E760C4F810800020606101206070FA
:106CB00006F00F002070A879012800D1E761AA79B9
:106CC000214628680BF0B0F80020BDE8F0812DE9DE
:106CD000FE4F0446D4F800B05E4620680BF0AAFBD5
:106CE000002874D120680BF0E4FB08B9BDE8FE8FE2
:106CF00040F608008059C0F30D20C4F8D404206881
:106D00000BF0D7FB00F00200022805D12068406993
:106D100000F002002168486120680BF0CAFB00F017
:106D20001000102845D12068806920F010002168EB
:106D30008861DBF8209009F00F0000EBC00104F53A
:106D4000157000EB810AC9F3434002281AD147F6B7
:106D5000F07009EA000030B3C9F30A125846DAF8B5
:106D60000C100BF0ABFBC9F30A11DAF80C00084465
:106D7000CAF80C00C9F30A11DAF814000844CAF87A
:106D8000140010E0C9F3434006280CD1082204F295
:106D90009C4158460BF092FBC9F30A11DAF8140033
:106DA0000844CAF814002068806940F01000216887
:106DB000886120680BF07DFB00F40020B0F5002F07
:106DC0007BD1002520680BF044FB029072E017E3B2
:106DD000029800F00100002868D0E9B220680BF0AA
:106DE0005BFB804608F0010048B1012106F53060E8
:106DF00000EB451081602946204605F0EBFC08F0C9
:106E00000800082809D1082106F5306000EB45107C
:106E100081602946204605F0ABFC08F010001028E0
:106E200005D1102106F5306000EB4510816008F0B7
:106E30000200022824D1DBF8140000F08000802832
:106E400007D140F60400805940F4806140F6040008
:106E5000815105EBC50104F5157000EB810A9AF824
:106E60000300012806D100208AF80300E9B2204679
:106E700000F0D1FA022106F5306000EB4510816088
:106E800008F02000202805D1202106F5306000EB15
:106E90004510816008F40050B0F5005F06D14FF452
:106EA000005106F5306000EB451081606D1C0298C2
:106EB00040080290029800288AD120680BF0F9FA65
:106EC00000F48020B0F5802F7DD120680BF0B7FA58
:106ED000029000259AE0029800F00100002873D08B
:106EE000E9B220680BF0BFFA804608F00100F0B369
:106EF00005F00F0101208840019040F634008159CF
:106F0000019821EA000040F634018851012106F57C
:106F1000106000EB45108160A079012824D105EBB9
:106F2000C50104F1140000EB810005EBC502C16846
:106F300004F1140000EB82008068014405EBC502F7
:106F400004F1140000EB8200C1606DB905EBC501CE
:106F500004F1140000EB8100006928B904F29C429E
:106F6000012120680AF094FEE9B2204600E001E029
:106F7000FFF714FD08F00800082805D1082106F5E0
:106F8000106000EB4510816008F01000102805D15A
:106F9000102106F5106000EB4510816008F04000FC
:106FA000402805D1402106F5106000EB45108160B6
:106FB00008F0020002281DD1294658460BF0FDF9C1
:106FC00005EBC50101E025E01CE004F1140000EB35
:106FD000810A9AF80300012806D100208AF80300EC
:106FE000E9B2204600F00EFA022106F5106000EB2F
:106FF0004510816008F08000802803D12946204692
:1070000005F08AFC6D1C0298400802900298002846
:107010007FF461AF20680BF04CFA00F00040B0F153
:10702000004F1CD140F60400805920F0010140F6C9
:107030000400815194F8CC04012807D1002084F881
:10704000CC0400212046FFF775FC02E0204600F04A
:10705000F9FA2068406900F0004021684861206822
:107060000BF027FA00F40060B0F5006F0ED140F687
:107070000800805900F0010010B1204600F03AFBF2
:107080002068406900F400602168486120680BF0C6
:1070900010FA00F00060B0F1006F19D1206840696B
:1070A00000F000602168486194F8CC0468B90120C0
:1070B00084F8CC042068406DC0F38300C4F8D00489
:1070C00001212046FFF736FC02E0204600F012FBCB
:1070D00020680BF0EEF900F48050B0F5805F7ED1AF
:1070E00040F60400805920F0010140F6040081516F
:1070F000102120680BF061F9002732E04FF67F3154
:1071000006F5106000EB4710816006F5106000EB9B
:107110004710006820F4001106F5106000EB4710DE
:1071200001604FF67F3106F5306000EB471081605B
:1071300006F5306000EB4710006820F4001106F5FA
:10714000306000EB4710016006F5306000EB47103F
:10715000006840F0006106F5306000EB4710016008
:107160007F1C2079B842C9D840F61C00805940F0F5
:10717000011140F61C008151E07B70B1D6F8840803
:1071800040F00B01C6F8841840F64400805940F0E6
:107190000B0140F6440081510FE040F61400805985
:1071A00042F22B01084340F614018851081F805910
:1071B00040F00B014FF401608151D6F8000820F433
:1071C000FE60C6F80008A17904F29C4220680AF02B
:1071D0005FFD2068406900F48050216800E000E015
:1071E000486120680BF065F900F40050B0F5005FCD
:1071F00017D120680AF0F0FA20680BF008F9E07166
:1072000001F038FD0090E279206800990BF0D8F980
:10721000204600F0FFF92068406900F40050216822
:10722000486120680BF045F900F00800082808D1F3
:10723000204600F00EFA2068406900F0080021683E
:10724000486120680BF035F900F0800080282CD1CF
:10725000DBF8180020F08000CBF81800012521E0B1
:1072600005EBC50104F5157000EB8100C07801281D
:1072700017D106F5306000EB4510006840F0006162
:1072800006F5306000EB4510016006F5306000EB5C
:107290004510006840F0804106F5306000EB451075
:1072A00001606D1C2079A842DAD820680BF001F942
:1072B00000F48010B0F5801F2DD1012522E006F5E5
:1072C000106000EB4510D0F8009005EBC50104F10B
:1072D000140000EB81000079012812D109F0004070
:1072E000B0F1004F0DD1012105EBC50204F11400EE
:1072F00000EB8200C170E8B240F080012046FFF749
:1073000074FB6D1C2079A842D9D82068406900F42C
:1073100080102168486120680BF0CBF800F4001061
:10732000B0F5001F44D1012538E006F5306000EBD0
:107330004510D0F8009005EBC50104F5157000EB81
:1073400081000079012828D109F00040B0F1004FF8
:1073500023D194F8D40400F00100C9F3004188421D
:107360001BD1012105EBC50204F5157000EB82006D
:10737000C170DBF8180040F08000CBF81800DBF893
:10738000140000F0800040B940F60400805940F439
:10739000007140F60400815103E06D1C2079A84281
:1073A000C3D800BF2068406900F40010216848611C
:1073B00020680BF07EF800F08040B0F1804F08D1DB
:1073C0002046FFF7E4FA2068406900F08040216819
:1073D000486120680BF06DF800F0040004280FD11C
:1073E0002068D0F8049009F00400042802D1204657
:1073F000FFF7F4FA2068406840EA09002168486015
:1074000000BF73E470B504460D462946D4F8E00485
:1074100009F0F6FC70BD70B504460D462946D4F857
:10742000E00409F011FD70BD38B504460CB9012027
:1074300038BD94F8950428B9002084F894042046B7
:1074400000F0A2F8032084F8950420680AF018FCE4
:10745000207C8DF8000094E80F000AF0D1F920B1EB
:10746000022084F895040120E2E7002120680BF057
:1074700055F820B1022084F895040120D8E70025B2
:1074800031E0012105EBC50204F1140000EB82009C
:10749000417005EBC50104F1140000F8215005EB23
:1074A000C50100EB81004583002105EBC50204F115
:1074B000140000EB8200017105EBC50204F1140019
:1074C00000EB8200816005EBC50204F1140000EBC3
:1074D0008200C16005EBC50204F1140000EB8200DC
:1074E0000161681CC5B22079A842CADC00252AE0E7
:1074F000002105EBC50204F5157000EB8200417018
:1075000005EBC50104F5157000F82150002105EBCD
:10751000C50200EB8200017105EBC50204F5157090
:1075200000EB8200816005EBC50204F5157000EBED
:107530008200C16005EBC50204F5157000EB820006
:107540000161681CC5B22079A842D1DC207C8DF88D
:10755000000094E80F000AF0A3FA20B1022084F89A
:107560009504012064E700206074012084F89504EC
:10757000207B012802D12046FFF7C8F920680AF0D5
:107580007DFA002054E7000010B5B0B00446B821E1
:1075900002A8F8F765FF1D492068884234D11C48CD
:1075A000006840F480501A49086000BF184800681D
:1075B000C0F340300028F9D04FF480210020CDE9FD
:1075C00002104FF44010239002A800F029FB08B1EC
:1075D000FBF791FF00F0D8F800BF0D48D8300068E5
:1075E00040F000700A49D83108600846006800F091
:1075F0000070019000BF00BF002205214D20FFF761
:1076000033F94D20FFF71CF930B010BD00000440E5
:107610000044025870B504460125E07908B90025F8
:1076200006E0E079022801D1012501E0FBF763FFC4
:107630002946D4F8E00409F0B1FCD4F8E00409F0DC
:1076400057FC70BD10B50446D4F8E00409F087FC7F
:1076500010BD10B50446D4F8E00409F08BFC10BD51
:1076600070B504460D4600BF94F89404012801D17A
:10767000022070BD012084F8940400BF657429467F
:1076800020680AF07FFF00BF002084F8940400BF48
:1076900000BFEEE710B5044604F29C41D4F8E004C4
:1076A00009F093FC10BD70B50446256800BF94F83E
:1076B0009404012801D1022070BD012084F89404B3
:1076C00000BFE86800F0400030B1607B012803D1C2
:1076D000A86B40F48030A86320680AF03FFE206861
:1076E0000AF0BAF900BF002084F8940400BF00BF7C
:1076F000E2E7000010B50446D4F8E00409F0C2FC4B
:107700002068D0F8000E40F001002168C1F8000E9A
:10771000E07A28B10348006840F00600014908609B
:1077200010BD000010ED00E070B50446154800687B
:10773000C0F3800048B91348006800F00700A04279
:1077400001D0012070BD0020FCE70E48006820F049
:10775000070020430B490860FEF77CFF054607E061
:10776000FEF778FF401BB0F57A7F01D90120E9E7E9
:10777000044808380068C0F340300028F0D00020EA
:10778000E0E700000C4802580348006840F08070B1
:1077900001490860704700000C48025810B501F01C
:1077A00069FA05490968C1F30211044A515C01F004
:1077B0001F01C84010BD00002044025884AF0108DA
:1077C00070B50146844D2D6805F00303824D2D6888
:1077D000C5F30530804D2D1D2D68C5F300147E4D79
:1077E00014352D68C5F3CC0515FB04F501EE105AD0
:1077F000B8EE411AF0EE410A00286FD023B1012BF8
:107800004ED0022B6BD16BE0734D283D2D68C5F334
:1078100040153DB3704D283D2D68C5F3C1066F4D31
:1078200025FA06F201EE102AF8EE411A01EE100ACE
:10783000B8EE411A81EE812A9FED691AC0EE811AD5
:10784000654D10352D68C5F3080501EE105AB8EEE8
:10785000411A31EE811AF7EE001A31EE211A22EEAA
:10786000010A1CE001EE100AB8EE411ADFED5D1AC4
:1078700081EE812A9FED5A1AC0EE811A564D1035BD
:107880002D68C5F3080501EE105AB8EE411A31EE25
:10789000811AF7EE001A31EE211A22EE010A5BE09E
:1078A00001EE100AB8EE411ADFED4F1A81EE812A7F
:1078B0009FED4B1AC0EE811A474D10352D68C5F368
:1078C000080501EE105AB8EE411A31EE811AF7EEB2
:1078D000001A31EE211A22EE010A3DE077E01DE0A8
:1078E00001EE100AB8EE411A9FED402AC2EE011ACD
:1078F0009FED3B1A80EE812A374D10352D68C5F378
:10790000080501EE105AB8EE411A32EE011AB7EE30
:10791000002A31EE021A21EE810A1DE001EE100A62
:10792000B8EE411ADFED301A81EE812A9FED2C1A54
:10793000C0EE811A284D10352D68C5F3080501EEFB
:10794000105AB8EE411A31EE811AF7EE001A31EEF4
:10795000211A22EE010A00BF00BF1F4D10352D680D
:10796000C5F3462501EE105AB8EE411AF7EE001A9B
:1079700031EE211AC0EE011ABCEEE11A81ED001AB7
:10798000154D10352D68C5F3064501EE105AB8EEB9
:10799000411AF7EE001A31EE211AC0EE011ABCEEC0
:1079A000E11A81ED011A0C4D10352D68C5F30665FD
:1079B00001EE105AB8EE411AF7EE001A31EE211A14
:1079C000C0EE011ABCEEE11A81ED021A03E00025B7
:1079D0000D604D608D6070BD284402580090D0034A
:1079E000000000460024744C0024744A001BB74B6E
:1079F00070B50146844D2D6805F00303824D2D6856
:107A0000C5F30550804D2D1D2D68C5F300247E4D16
:107A10001C352D68C5F3CC0515FB04F501EE105A95
:107A2000B8EE411AF0EE410A00286FD023B1012BC5
:107A30004ED0022B6BD16BE0734D283D2D68C5F302
:107A400040153DB3704D283D2D68C5F3C1066F4DFF
:107A500025FA06F201EE102AF8EE411A01EE100A9C
:107A6000B8EE411A81EE812A9FED691AC0EE811AA3
:107A7000654D18352D68C5F3080501EE105AB8EEAE
:107A8000411A31EE811AF7EE001A31EE211A22EE78
:107A9000010A1CE001EE100AB8EE411ADFED5D1A92
:107AA00081EE812A9FED5A1AC0EE811A564D183583
:107AB0002D68C5F3080501EE105AB8EE411A31EEF3
:107AC000811AF7EE001A31EE211A22EE010A5BE06C
:107AD00001EE100AB8EE411ADFED4F1A81EE812A4D
:107AE0009FED4B1AC0EE811A474D18352D68C5F32E
:107AF000080501EE105AB8EE411A31EE811AF7EE80
:107B0000001A31EE211A22EE010A3DE077E01DE075
:107B100001EE100AB8EE411A9FED402AC2EE011A9A
:107B20009FED3B1A80EE812A374D18352D68C5F33D
:107B3000080501EE105AB8EE411A32EE011AB7EEFE
:107B4000002A31EE021A21EE810A1DE001EE100A30
:107B5000B8EE411ADFED301A81EE812A9FED2C1A22
:107B6000C0EE811A284D18352D68C5F3080501EEC1
:107B7000105AB8EE411A31EE811AF7EE001A31EEC2
:107B8000211A22EE010A00BF00BF1F4D18352D68D3
:107B9000C5F3462501EE105AB8EE411AF7EE001A69
:107BA00031EE211AC0EE011ABCEEE11A81ED001A85
:107BB000154D18352D68C5F3064501EE105AB8EE7F
:107BC000411AF7EE001A31EE211AC0EE011ABCEE8E
:107BD000E11A81ED011A0C4D18352D68C5F30665C3
:107BE00001EE105AB8EE411AF7EE001A31EE211AE2
:107BF000C0EE011ABCEEE11A81ED021A03E0002585
:107C00000D604D608D6070BD284402580090D00317
:107C1000000000460024744C0024744A001BB74B3B
:107C20002DE9F04104460025A8464FF00062D4E952
:107C3000001011400020134659404040014331D10B
:107C4000606E48B1B0F5801F0DD0B0F5001F11D0A7
:107C5000B0F5401F16D114E0FE48006840F4003033
:107C6000FC49086010E0022104F1080006F004F865
:107C7000054609E0022104F1280006F0AFF80546A8
:107C800002E001E0012500BF00BF55B9F1482430F2
:107C9000006820F44010616E0843EE49243108600A
:107CA00000E0A8464FF48072D4E900101140002093
:107CB00013465940404001432ED1A06D05281BD2E8
:107CC000DFE800F0030A11181900E248006840F4E8
:107CD0000030E049086011E0002104F1080005F0DF
:107CE000CBFF05460AE0002104F1280006F076F8F3
:107CF000054603E002E001E0012500BF00BF55B9E1
:107D0000D4482430006820F00700A16D0843D14911
:107D10002431086000E0A8464FF48062D4E90010E6
:107D20001140002013465940404001433DD1D4F852
:107D3000A400B0F5C00F24D007DC68B1B0F5001F77
:107D400011D0B0F5800F1FD114E0B0F5000F19D09D
:107D5000B0F5200F18D116E0BE48006840F400309E
:107D6000BC49086012E0002104F1080005F084FF1E
:107D700005460BE0002104F1280006F02FF8054627
:107D800004E003E002E001E0012500BF00BF5DB9AF
:107D9000B0482C30006820F46000D4F8A4100843E8
:107DA000AC492C31086000E0A8464FF40062D4E9E9
:107DB00000011040002113465840494008433DD17E
:107DC000D4F8A800B0F1407F24D007DC68B1B0F14E
:107DD000807F11D0B0F1007F1FD114E0B0F1806F2F
:107DE00019D0B0F1A06F18D116E09A48006840F49D
:107DF00000309849086012E0002104F1080005F005
:107E00003BFF05460BE0002104F1280005F0E6FFEA
:107E1000054604E003E002E001E0012500BF00BFE9
:107E20005DB98C482C30006820F0E060D4F8A810D0
:107E3000084388492C31086000E0A8464FF00073E1
:107E4000D4E900101940002059404040014328D196
:107E5000E06CA8B1102804D0202809D0302810D117
:107E60000DE07C48006840F400307A4908600AE080
:107E7000022104F1080005F0FFFE054603E002E0E0
:107E800001E0012500BF00BF55B9724820300068ED
:107E900020F03000E16C08436E492031086000E0BA
:107EA000A8464FF48053D4E90010194000205940EF
:107EB0004040014337D1E06DB0F5005F1AD004DCDB
:107EC00050B1B0F5805F1ED10DE0B0F5405F18D025
:107ED000B0F5804F17D115E05E48006840F40030DF
:107EE0005C49086011E0002104F1080005F0C4FEBF
:107EF00005460AE0002104F1280005F06FFF054661
:107F000003E002E001E0012500BF00BF55B9514880
:107F10002430006820F4E040E16D08434D492431ED
:107F2000086000E0A8464FF40053D4E9001019405F
:107F3000002059404040014335D1206EB0F5403F0C
:107F40001ED007DC68B1B0F5803F0BD0B0F5003F24
:107F500019D10EE0B0F5802F13D0B0F5A02F12D1BB
:107F600010E012E0012104F1080005F085FE05464D
:107F70000BE0012104F1280005F030FF054604E084
:107F800003E002E001E0012500BF00BF55B9314820
:107F90002430006820F4E020216E08432D4924316C
:107FA000086000E0A8464FF48042D4E90001104088
:107FB0000021134658404940084337D1D4F8AC005B
:107FC000B0F1405F1ED007DC68B1B0F1805F0BD02C
:107FD000B0F1005F19D10EE0B0F1804F13D0B0F1D5
:107FE000A04F12D110E012E0012104F1080005F0C9
:107FF00043FE05460BE0012104F1280005F0EEFEEA
:10800000054604E003E002E001E0012500BF00BFF7
:108010005DB910482C30006820F0E040D4F8AC1076
:1080200008430C492C31086000E0A8464FF4004397
:10803000D4E90001184000215840494008432AD1A2
:10804000E06EB8B1B0F1805F06D0B0F1005F12D140
:1080500009E000002C440258F948006840F4003060
:10806000F749086009E0012104F1080005F004FE69
:10807000054602E001E0012500BF00BF55B9F04808
:108080002430006820F04050E16E0843EC49243170
:10809000086000E0A8464FF08073D4E90010194052
:1080A000002059404040014328D1A06CA8B10128CC
:1080B00004D0022809D0032810D10DE0E048006860
:1080C00040F40030DE4908600AE0022104F10800B3
:1080D00005F0D2FD054603E002E001E0012500BF06
:1080E00000BF55B9D6482030006820F00300A16CCD
:1080F0000843D3492031086000E0A8464FF48003CC
:10810000D4E90010194000205940404001437DD17E
:10811000CC48006840F48070CA490860FEF79AFABB
:10812000064606E0FEF796FA801B642801D903256F
:1081300005E0C448006800F480700028F2D000BF59
:1081400085BBBF484430006800F44070B4F8B010FC
:1081500001F44071884213D0B9484430006820F4DB
:108160004077B7484430006840F48030B449443127
:1081700008600846006820F4803008600846076000
:10818000D4F8B000B0F5807F15D1FEF763FA06464B
:1081900009E0FEF75FFA801B41F28831884202D97C
:1081A000032507E038E0A64844300068C0F34000EB
:1081B0000028EED000BF55BB00BFB4F8B00000F4FB
:1081C0004070B0F5407F0ED19D481C38006820F407
:1081D0007C519D4AD4F8B000104041EA10109849F3
:1081E0001C39086007E096481C38006820F47C5071
:1081F00093491C390860924844300068B4F8B010C4
:10820000C1F30B0108438E49443101E005E001E070
:10821000086002E0A84600E0A8460122D4E9000177
:1082200010400021134658404940084330D1A06F08
:1082300018281AD005DC48B1082808D0102817D112
:108240000CE0202812D0282812D110E012E00121E1
:1082500004F1080005F010FD05460BE0012104F1D2
:10826000280005F0BBFD054604E003E002E001E064
:10827000012500BF00BF55B971482830006820F0C3
:108280003800A16F08436E492831086000E0A84615
:108290000223D4E900101940002059404040014316
:1082A00029D1606F062816D2DFE800F003040B1214
:1082B000131412E0012104F1080005F0DDFC05466D
:1082C0000BE0012104F1280005F088FD054604E0DB
:1082D00003E002E001E0012500BF00BF55B95848A6
:1082E0002830006820F00700616F084354492831A6
:1082F000086000E0A8460422D4E9001011400020E4
:1083000013465940404001432BD1D4F89000062831
:1083100016D2DFE800F003040B12131412E001215F
:1083200004F1080005F0A8FC05460BE0012104F16A
:10833000280005F053FD054604E003E002E001E0FB
:10834000012500BF00BF5DB93D482C30006820F01A
:108350000700D4F89010084339492C31086000E038
:10836000A8462023D4E90001184000215840494084
:10837000084337D1D4F88C00B0F1405F1ED007DC41
:1083800068B1B0F1805F0BD0B0F1005F19D10EE0A1
:10839000B0F1804F13D0B0F1A04F12D110E012E035
:1083A000002104F1080005F067FC05460BE00221FE
:1083B00004F1280005F012FD054604E003E002E0A8
:1083C00001E0012500BF00BF5DB91D4828300068ED
:1083D00020F0E040D4F88C10084319492831086097
:1083E00000E0A8464023D4E900101940002059407D
:1083F000404001433CD1D4F89800B0F5406F25D0FF
:1084000007DC68B1B0F5806F0BD0B0F5006F20D1FC
:108410000EE0B0F5805F1AD0B0F5A05F19D117E07B
:1084200019E0002104F1080005F026FC054612E0E1
:10843000022104F1280005F0D1FC05460BE0000004
:108440002C44025800480258FFFCFF0F03E002E0F2
:1084500001E0012500BF00BF4DB9FE48006820F4CF
:10846000E050D4F898100843FA49086000E0A846A4
:108470008023D4E9001019400020594040400143B6
:1084800035D1D4F89C00B0F5C04F1ED007DC68B1E0
:10849000B0F5005F0BD0B0F5804F19D10EE0B0F50C
:1084A000004F13D0B0F5204F12D110E012E00021A0
:1084B00004F1080005F0E0FB05460BE0022104F1A1
:1084C000280005F08BFC054604E003E002E001E033
:1084D000012500BF00BF4DB9DE48006820F46040B0
:1084E000D4F89C100843DB49086000E0A846082344
:1084F000D4E900011840002158404940084317D1F1
:10850000D4F88000B0F5805F07D1022104F1280083
:1085100005F064FC08B14FF00108CE48001F006868
:1085200020F44050D4F880100843CA49091F08605D
:108530001023D4E900011840002158404940084365
:1085400015D1D4F89400B0F5807F07D1022104F151
:10855000280005F043FC08B14FF00108BD48006851
:1085600020F44070D4F894100843BA4908604FF4DE
:108570000023D4E900011840002158404940084335
:1085800027D1D4F8A00030B1B0F5803F0AD0B0F5C3
:10859000003F0FD10DE0002104F1080005F06CFB55
:1085A000054609E0022104F1280005F017FC054604
:1085B00002E001E0012500BF00BF4DB9A5480068F9
:1085C00020F44030D4F8A0100843A249086000E02D
:1085D000A8464FF48023D4E90001184000215840F8
:1085E000494008432DD1D4F88400B0F5801F06D04F
:1085F000B0F5001F0CD0B0F5401F11D10FE0954829
:108600002C38006840F4003092492C39086009E0A9
:10861000012104F1280005F0E1FB054602E001E03C
:10862000012500BF00BF5DB98A48001F006820F423
:108630004010D4F8841008438649091F086000E000
:10864000A8464FF48032D4E90001104000211346BF
:1086500058404940084325D1206D18B1B0F5803FFE
:1086600010D108E07B482C38006840F4003079498C
:108670002C39086008E0022104F1080005F0FCFA3A
:10868000054601E0012500BF00BF55B971480C380F
:10869000006820F48030216D08436E490C39086071
:1086A00000E0A8464FF00053D4E900101940002024
:1086B00059404040014307D1022104F1280005F050
:1086C0008DFB08B14FF001084FF40032D4E90001EE
:1086D00010400021134658404940084327D1E06F1D
:1086E000A0B1B0F5807F06D0B0F5007F0CD0B0F51A
:1086F000407F0CD109E057482C38006840F4003026
:1087000054492C39086004E003E002E001E001254F
:1087100000BF00BF55B94F48001F006820F44070EB
:10872000E16F08434B49091F086000E0A8464FF479
:108730008012D4E9001011400020134659404040F7
:10874000014309D143480838006820F00040216FF8
:1087500008434049083908604FF40013D4E9000188
:108760001840002158404940084309D13948083889
:10877000006820F08070A16E08433649083908600F
:108780004FF08043D4E90010194000205940404088
:10879000014311D100BF2F484838006820F4004041
:1087A0002C494839086008460068D4F8B4100843DA
:1087B00028494839086000BF4FF00042D4E9000161
:1087C00010400021134658404940084309D1214830
:1087D0000C38006820F04050616D08431D490C3989
:1087E00008604FF40002D4E9001011400020134645
:1087F0005940404001430AD11648001F006820F448
:108800004000D4F8881008431249091F086001226B
:1088100000216068104049405040014306D104F1F6
:10882000080005F029FA054605B1A84602220021F4
:108830006068104049405040014307D1012104F1D4
:10884000080005F019FA054605B1A84604230020E2
:10885000616801E0584402581940042240405140E8
:10886000084307D1022104F1080005F005FA054686
:1088700005B1A8460823002061681940082240403D
:108880005140084307D1002104F1280005F0A6FA61
:10889000054605B1A8461023002061681940102242
:1088A00040405140084307D1012104F1280005F060
:1088B00095FA054605B1A8462022002160681040BF
:1088C00049405040014307D1022104F1280005F03E
:1088D00085FA054605B1A846B8F1000F02D100207F
:1088E000BDE8F0810120FBE72DE9F04104460D468B
:1088F00014B90120BDE8F081BD48006800F00F0008
:10890000A8420ED2BA48006820F00F002843B849A8
:1089100008600846006800F00F00A84201D001205E
:10892000E8E7207800F0040004280ED1B14920695E
:10893000096801F07001884207D9AE48006820F04C
:10894000700021690843AB490860207800F00800F6
:10895000082811D1A749091D6069096801F0700153
:10896000884209D9A348001D006820F070006169A1
:108970000843A049091D0860207800F01000102865
:1089800011D19C49091DA069096801F4E061884280
:1089900009D99848001D006820F4E060A1690843E7
:1089A0009449091D0860207800F02000202811D18A
:1089B00090490831E069096801F07001884209D9DD
:1089C0008C480830006820F07000E169084389494C
:1089D00008310860207800F0020002280ED1854995
:1089E000E068096801F00F01884207D981480068F2
:1089F00020F00F00E16808437E490860207800F00D
:108A00000100002850D07B48006820F47060A16805
:108A10000843784908606068022807D1754818380B
:108A20000068C0F34040F8B9012063E7606803289C
:108A300007D1704818380068C0F34060A0B9012021
:108A400058E76068012807D16A4818380068C0F301
:108A5000002048B901204DE7664818380068C0F387
:108A6000800008B9012045E762480838006820F016
:108A70000700616808435F4908390860FDF7EAFDAF
:108A8000064608E0FDF7E6FD801B41F2883188428A
:108A900001D903202EE757480838006800F0380055
:108AA0006168B0EBC10FEDD1207800F00200022820
:108AB0000ED15049E068096801F00F01884207D2E1
:108AC0004C48006820F00F00E168084349490860FD
:108AD0004748006800F00F00A8420ED944480068DB
:108AE00020F00F002843424908600846006800F063
:108AF0000F00A84201D00120FCE6207800F004001D
:108B000004280ED13B492069096801F070018842B0
:108B100007D23848006820F07000216908433549C1
:108B20000860207800F00800082811D13149091D9B
:108B30006069096801F07001884209D22D48001D62
:108B4000006820F07000616908432A49091D086027
:108B5000207800F01000102811D12649091DA069C5
:108B6000096801F4E061884209D22248001D0068CA
:108B700020F4E060A16908431E49091D08602078BF
:108B800000F02000202811D11A490831E069096855
:108B900001F07001884209D216480830006820F0C0
:108BA0007000E169084313490831086000F0ACF82F
:108BB00010490968C1F303210F4A515C01F01F01FC
:108BC00020FA01F70B48006800F00F001146085C1E
:108BD00000F01F0027FA00F0084908600848076005
:108BE00008480068FDF778FD8046404682E60000B0
:108BF000002000521844025884AF010824000024C9
:108C000020000024180000243F220260174A126846
:108C100002F007024260154A0832126802F47062DC
:108C20008260124A0832126802F00F02C2600F4AD4
:108C30000832126802F0700202610C4A0C321268AB
:108C400002F070024261094A0C32126802F4E062DA
:108C50008261064A1032126802F07002C261044A50
:108C6000126802F00F020A607047000010440258B8
:108C70000020005210B500F047F80D490968C1F313
:108C800003210C4A515C01F01F0120FA01F408484D
:108C9000006800F00F001146085C00F01F0024FA85
:108CA00000F005490860054804600846006810BDEA
:108CB0001844025884AF0108240000242000002436
:108CC00000B5FFF7D7FF05490968C1F30211044A4F
:108CD000515C01F01F01C84000BD00001C44025857
:108CE00084AF010800B5FFF7C5FF05490968C1F366
:108CF0000221044A515C01F01F01C84000BD000080
:108D00001C44025884AF0108F0B5824E366806F064
:108D1000380636B1082E15D0102E15D0182E7DD15C
:108D200014E07C4E103E3668C6F3401646B1794ECC
:108D3000103E3668C6F3C107774E26FA07F000E00A
:108D40007548E5E07548E3E07548E1E0714E183696
:108D5000366806F003046F4E18363668C6F3051100
:108D60006C4E1C36366806F001056A4E24363668AD
:108D7000C6F3CC0616FB05F601EE106AB8EE410A02
:108D8000002971D024B1012C50D0022C6DD16DE09E
:108D9000604E103E3668C6F340163EB35D4E103E40
:108DA0003668C6F3C1075C4E26FA07F301EE103AA7
:108DB000F8EE411A01EE101AB8EE411A81EE812A3E
:108DC0009FED581AC0EE011A524E20363668C6F38F
:108DD000080601EE106AB8EE411A31EE811AF7EE7C
:108DE000001A31EE211A62EE010A1EE001EE101A9D
:108DF000B8EE411ADFED4C1A81EE812A9FED491A37
:108E0000C0EE011A434E20363668C6F3080601EE5E
:108E1000106AB8EE411A31EE811A00E076E0F7EE02
:108E2000001A31EE211A62EE010A5BE001EE101A1F
:108E3000B8EE411A9FED3D2AC2EE011A9FED391A94
:108E400080EE012A334E20363668C6F3080601EE5E
:108E5000106AB8EE411A32EE011AB7EE002A31EE6E
:108E6000021A61EE810A3DE04EE01DE001EE101AAB
:108E7000B8EE411ADFED2E1A81EE812A9FED291AF4
:108E8000C0EE011A234E20363668C6F3080601EEFE
:108E9000106AB8EE411A31EE811AF7EE001A31EE7F
:108EA000211A62EE010A1DE001EE101AB8EE411A15
:108EB0009FED1E2AC2EE011A9FED1A1A80EE012ABA
:108EC000144E20363668C6F3080601EE106AB8EE76
:108ED000411A32EE011AB7EE002A31EE021A61EEA3
:108EE000810A00BF00BF0B4E20363668C6F3462607
:108EF000721C01EE102AB8EE411AC0EE811ABCEEC7
:108F0000E11A11EE100A00E0002001E0034800BF62
:108F100000BFF0BD104402580090D00300093D008E
:108F200000366E01000000460024744C0024744A90
:108F3000001BB74B2DE9F047044614B90120BDE8EA
:108F4000F087207800F00100002870D0F948006810
:108F500000F03808F7481830D0F80090B8F1100F3A
:108F600006D0B8F1180F0FD109F0030002280BD179
:108F7000F04810380068C0F3404000286AD06068AC
:108F8000002867D10120DAE700BF6068B0F5803FB4
:108F900008D1E8481038006840F48030E5491039BD
:108FA00008602EE0606868B9E2481038006820F474
:108FB0008030E049103908600846006820F48020BD
:108FC00008601EE06068B0F5A02F0DD1D9481038B8
:108FD000006840F48020D7491039086008460068CE
:108FE00040F4803008600CE0D2481038006820F46B
:108FF0008030D049103908600846006820F480208D
:10900000086000BF606898B1FDF724FB054606E0E4
:10901000FDF720FB401B642801D903208FE7C548DA
:1090200010380068C0F340400028F1D012E012E090
:10903000FDF710FB054606E0FDF70CFB401B64281E
:1090400001D903207BE7BB4810380068C0F34040DB
:109050000028F1D100BF207800F00200022879D169
:10906000B448006800F03808B2481830D0F80090D2
:10907000B8F1000F05D0B8F1180F35D109F0030091
:1090800088BBAC4810380068C0F3800018B1E068B5
:1090900008B9012053E7A7481038006820F01900EC
:1090A000E1680843A34910390860FDF7D3FA054683
:1090B00006E0FDF7CFFA401B022801D903203EE766
:1090C0009C4810380068C0F380000028F1D099480F
:1090D0000C38006820F0FE40217C40EA0160954990
:1090E0000C39086045E0FFE7E06838B39148103874
:1090F000006820F01900E16808438E4910390860C3
:10910000FDF7A8FA054606E0FDF7A4FA401B022881
:1091100001D9032013E7874810380068C0F38000A6
:109120000028F1D083480C38006820F0FE40217CF4
:1091300040EA01607F490C3908601AE07D48103828
:10914000006820F001007B4910390860FDF782FAC1
:10915000054607E00EE0FDF77DFA401B022801D925
:109160000320ECE6734810380068C0F38000002844
:10917000F1D100BF207800F0100010286FD16D48A9
:10918000006800F038086B481830D0F80090B8F14B
:10919000080F06D0B8F1180F1CD109F00300012800
:1091A00018D1644810380068C0F3002020B1E0698D
:1091B000802801D00120C2E600BF5E48001F006881
:1091C00020F07C5094F8201040EA01605949091FB2
:1091D000086043E0E06938B356481038006840F052
:1091E0008000544910390860FDF734FA054606E05E
:1091F000FDF730FA401B022801D903209FE64D48B5
:1092000010380068C0F300200028F1D000BF4948A2
:10921000001F006820F07C5094F8201040EA0160A4
:109220004449091F086019E042481038006820F0DE
:109230008000404910390860FDF70CFA054606E049
:10924000FDF708FA401B022801D9032077E63948C8
:1092500010380068C0F300200028F1D100BF20784A
:1092600000F00800082836D16069D0B13148643078
:10927000006840F001002F4964310860FDF7EAF909
:10928000054606E0FDF7E6F9401B022801D9032058
:1092900055E6284864300068C0F340000028F1D04B
:1092A00019E024486430006820F00100214964314D
:1092B0000860FDF7CFF9054606E0FDF7CBF9401B46
:1092C000022801D903203AE61A4864300068C0F346
:1092D00040000028F1D1207800F02000202838D16B
:1092E000A069D0B113481038006840F4805011498B
:1092F00010390860FDF7AEF9054606E0FDF7AAF95A
:10930000401B022801D9032019E60A4810380068DA
:10931000C0F340300028F1D01BE006481038006848
:1093200020F48050034910390860FDF793F9054691
:1093300009E0000010440258FDF78CF9401B022898
:1093400001D90320FBE5D0480068C0F34030002875
:10935000F2D1207800F0040004287DD1CB480068C9
:1093600040F48070C9490860FDF774F9054606E0CD
:10937000FDF770F9401B642801D90320DFE5C348DD
:10938000006800F480700028F2D000BFA0680128B7
:1093900008D1BD487030006840F00100BA49703112
:1093A00008602DE0A06868B9B7487030006820F008
:1093B0000100B549703108600846006820F00400DB
:1093C00008601DE0A06805280DD1AF487030006826
:1093D00040F00400AC49703108600846006840F075
:1093E000010008600CE0A8487030006820F001001F
:1093F000A549703108600846006820F00400086044
:1094000000BFA068A0B1FDF725F9054608E0FDF70B
:1094100021F9401B41F28831884201D903208EE5B1
:10942000994870300068C0F340000028EFD013E086
:10943000FDF710F9054608E0FDF70CF9401B41F275
:109440008831884201D9032079E58F48703000685F
:10945000C0F340000028EFD1606A00287DD08A4820
:109460001030006800F03800182877D0606A0228B1
:1094700075D18548006820F0807083490860FDF749
:10948000E9F8054606E0FDF7E5F8401B022801D99A
:10949000032054E57C480068C0F340600028F2D106
:1094A00000BFD4E90A1041EA001077492831096861
:1094B00040F2F33291430843734928310860208E0B
:1094C000401EC0F30800616B491E4FF47E4202EA61
:1094D00041210843218F491ED20102EA014108437C
:1094E0003C21095D491E120202EA016108436649F6
:1094F0003031086000BF081F006820F00100091F1C
:1095000008606148343000684FF6F8718843A16CF8
:1095100040EAC1005C49343108605B482C30006887
:1095200020F00C00216C084357492C310860084694
:10953000006820F00200616C084353492C31086038
:109540000846006840F4803008600846006840F42F
:10955000003008600846006802E092E038E01FE052
:1095600040F4802008600846006840F00100086070
:109570004548006840F0807043490860FDF76AF88C
:10958000054606E0FDF766F8401B022801D90320D6
:10959000D5E43D480068C0F340600028F2D070E098
:1095A0003948006820F0807037490860FDF752F8AC
:1095B000054606E0FDF74EF8401B022801D90320BE
:1095C000BDE431480068C0F340600028F2D158E0A3
:1095D0002D48283007682C4830300668606A01281A
:1095E00021D007F00301A06A81421CD1C7F3051105
:1095F000E06A884217D1C6F30801206B401E814201
:1096000011D1606B401EC6F3462188420BD1A06B7E
:10961000401EC6F30641884205D1E06B401EC6F3EA
:109620000661884201D0012089E41748343000687F
:10963000C0F3CC07A06CB84223D013482C3000688C
:1096400020F0010010492C310860FDF703F80546B1
:1096500000BFFCF7FFFF401BFBD00B483430006815
:109660004FF6F8718843A16C40EAC10006493431D5
:10967000086005482C30006840F0010002492C3198
:10968000086000205BE400000044025800480258D3
:109690002DE9F04104460D4616461F4614B9012037
:1096A000BDE8F081D4F8880028B9002084F884004F
:1096B000204601F0FDFB2420C4F8880020680068E3
:1096C00020F0010021680860A06A10B1204605F072
:1096D0009DFA204605F0E2FE012800D1E0E720686F
:1096E000806840F48040216888602068806820F4A9
:1096F00000402843216888604FEA465848EA0748F6
:10970000206800680749084040EA080021680860AE
:109710002068006840F0010021680860204605F0DC
:10972000F1FABDE7FFFF00FC70477047704700008B
:1097300030B502460B4600BF92F83C00012801D12B
:10974000022030BD012082F83C0000BF022082F8D8
:109750003D001068416810688468254D1068A84273
:1097600003D0244D1068A84203D121F47001586839
:10977000014321F0700118680143106841601C4DDD
:109780001068A84223D01068B0F1804F1FD01A4D46
:109790001068A8421BD0194D1068A84217D0184D68
:1097A0001068A84213D0134D1068A8420FD0154D71
:1097B0001068A8420BD0144D1068A84207D0134D72
:1097C0001068A84203D0124D1068A84205D124F0B9
:1097D00080049868044310688460012082F83D008A
:1097E00000BF002082F83C0000BF00BFA9E70000D6
:1097F0000000014000040140000400400008004057
:10980000000C0040001800400040014000E0004013
:1098100000E4004010B504460CB9012010BD94F8D6
:109820003D0028B9002084F83C00204600F02AF8CA
:10983000022084F83D00211D206804F099FE0120DB
:1098400084F8480000BF84F83E0001213F20015504
:10985000402001554120015542200155432001552A
:1098600000BF00BF012084F8440045200155462078
:1098700001554720015500BF012084F83D0000201C
:10988000CCE7000038B504460D492068884215D160
:1098900000BF0C48006840F004000A490860084610
:1098A000006800F00400009000BF00BF0022052106
:1098B0001E20FCF7D9FF1E20FCF7C2FF38BD0000B8
:1098C00000080040E8440258014691F83D00012894
:1098D00001D001207047022081F83D00204B08682C
:1098E000984223D00868B0F1804F1FD01D4B086804
:1098F00098421BD01C4B0868984217D01B4B086835
:10990000984213D01A4B086898420FD0194B086838
:1099100098420BD0184B0868984207D0174B08683C
:10992000984203D0164B0868984210D108688068A6
:10993000144B00EA0302062A0FD0B2F5803F0CD088
:109940000868006840F001000B68186005E00868CE
:10995000006840F001000B6818600020BAE70000C2
:10996000000001400004004000080040000C0040DE
:1099700000040140001800400040014000E00040A9
:1099800000E4004007000100014691F83D00012875
:1099900001D001207047022081F83D000868C068AE
:1099A00040F001000B68D860204B0868984223D033
:1099B0000868B0F1804F1FD01D4B086898421BD03B
:1099C0001C4B0868984217D01B4B0868984213D06C
:1099D0001A4B086898420FD0194B086898420BD070
:1099E000184B0868984207D0174B0868984203D074
:1099F000164B0868984210D108688068144B00EA3A
:109A00000302062A0FD0B2F5803F0CD00868006828
:109A100040F001000B68186005E00868006840F03D
:109A200001000B6818600020B4E70000000001404E
:109A30000004004000080040000C00400004014009
:109A4000001800400040014000E0004000E40040F9
:109A5000070001002DE9F04104460D46002700BF34
:109A600094F83C00012802D10220BDE8F0810120D9
:109A700084F83C0000BF022084F83D00206886681E
:109A80004048064026F47F46206886602868702893
:109A900026D00CDC00F00F01002966D10011072848
:109AA00063D2DFE800F0555657584B374100B0F10C
:109AB000101F52D009DCB0F5805F10D0B0F5005F08
:109AC0001BD0B0F5801F50D146E0A0F580102038A3
:109AD000002843D0102842D0202846D140E046E05C
:109AE000D5E902136A68206804F0C7FD206886681B
:109AF00046F077062068866039E0D5E902136A6887
:109B0000206804F0BAFD2068806840F48040216835
:109B100088602CE0EA686968206804F07FFF5021C3
:109B2000206804F0B5FD22E0EA686968206804F066
:109B3000ABFF6021206804F0ABFD18E0EA686968BB
:109B4000206804F06BFF4021206804F0A1FD0EE0C6
:109B500000BF00BF00BF00BF00BF00BF00BF00BF0D
:109B60002968206804F094FD01E0012700BF00BFD0
:109B7000012084F83D0000BF002084F83C0000BFB5
:109B8000384672E788FFCEFF704770B504462068FC
:109B9000C6682068056905F00200022819D106F0A0
:109BA0000200022815D1401F21680861012020779A
:109BB0002068806900F0030018B12046FFF7E4FF39
:109BC00005E0204600F0DAF8204600F0DDF900203C
:109BD000207705F00400042819D106F004000428B9
:109BE00015D1C04321680861022020772068806970
:109BF00000F4407018B12046FFF7C6FF05E020468C
:109C000000F0BCF8204600F0BFF90020207705F0F6
:109C10000800082819D106F00800082815D1C0430B
:109C200021680861042020772068C06900F00300E3
:109C300018B12046FFF7A8FF05E0204600F09EF887
:109C4000204600F0A1F90020207705F01000102830
:109C500019D106F01000102815D1C0432168086101
:109C6000082020772068C06900F4407018B12046B1
:109C7000FFF78AFF05E0204600F080F8204600F05C
:109C800083F90020207705F0010048B106F00100BB
:109C900030B16FF0010021680861204600F034FA0D
:109CA00005F08000802804D005F40050B0F5005F76
:109CB0000AD106F08000802806D16FF40250216896
:109CC00008612046FFF731FD05F48070B0F5807F14
:109CD0000AD106F08000802806D16FF480702168D8
:109CE00008612046FFF720FD05F04000402809D11B
:109CF00006F04000402805D1C04321680861204695
:109D000000F00EFA05F02000202809D106F020000E
:109D1000202805D1C043216808612046FFF706FDD1
:109D200070BD000010B586B00446142101A8F6F7F6
:109D300097FB2068B0F1804F1AD100BF0D48006832
:109D400040F001000B4908600846006800F001007F
:109D5000009000BF00BF052001900220029000206B
:109D6000039004900120059001A90348FCF766FBCD
:109D700006B010BDE04402580000025870472DE9BB
:109D8000F04104460D461646002700BF94F83C00FB
:109D9000012802D10220BDE8F081012084F83C00B6
:109DA00000BF0C2E51D005DC4EB1042E1ED0082E63
:109DB0007AD133E0102E60D0142EF9D175E0294607
:109DC000206804F071FC2068806940F00800216878
:109DD00088612068806920F004002168886120681B
:109DE0008069296908432168886178E029462068EC
:109DF00004F0B2FC2068806940F40060216888614A
:109E00002068806920F4806021688861206880690A
:109E1000296940EA01202168886160E029462068BC
:109E200004F0F6FC2068C06940F008002168C861B1
:109E30002068C06920F004002168C8612068C069FA
:109E4000296908432168C86149E02946206804F06F
:109E50003BFD2068C06940F400602168C86120684B
:109E6000C06920F480602168C8612068C0692969E0
:109E700040EA01202168C86131E02946206804F0E9
:109E80005DFD2068406D40F008002168486520684D
:109E9000406D20F00400216848652068406D296904
:109EA0000843216848651AE017E02946206804F055
:109EB0007DFD2068406D40F40060216848652068A1
:109EC000406D20F48060216848652068406D2969F4
:109ED00040EA01202168486501E0012700BF00BF7A
:109EE00000BF002084F83C0000BF384653E710B59F
:109EF00004460CB9012010BD94F83D0028B900209B
:109F000084F83C00204600F029F8022084F83D0047
:109F1000211D206804F02CFB012084F8480000BFBC
:109F200084F83E0001213F20015540200155412089
:109F30000155422001554320015500BF00BF0120BB
:109F400084F844004520015546200155472001551D
:109F500000BF012084F83D000020CCE708B501686F
:109F6000B1F1804F0DD100BF0649096841F00101F0
:109F7000044A11601146096801F00101009100BF17
:109F800000BF08BDE84402587047000070B50446A1
:109F90000D4615B994F83E0015E0042D02D13F207E
:109FA000005D10E0082D02D14020005D0BE00C2D7B
:109FB00002D14120005D06E0102D02D14220005D5B
:109FC00001E04320005D012801D0012070BD1DB9D2
:109FD000022084F83E001AE0042D03D102213F2024
:109FE000015514E0082D03D10221402001550EE057
:109FF0000C2D03D102214120015508E0102D03D181
:10A0000002214220015502E0022143200155012294
:10A010002946206804F020FB2F49206888420FD091
:10A020002E49206888420BD02D492068884207D0ED
:10A030002C492068884203D02B492068884201D1EE
:10A04000012000E0002028B12068406C40F400406E
:10A050002168486420492068884223D02068B0F1F4
:10A06000804F1FD02149206888421BD0204920689A
:10A07000884217D01F492068884213D017492068AA
:10A0800088420FD01C49206888420BD014492068B0
:10A09000884207D019492068884203D018492068AF
:10A0A000884210D120688068164900EA0106062E11
:10A0B0000FD0B6F5803F0CD02068006840F001005A
:10A0C0002168086005E02068006840F00100216810
:10A0D000086000207AE70000000001400004014011
:10A0E000004001400044014000480140000400409D
:10A0F00000080040000C00400018004000E0004054
:10A1000000E400400700010010B504460349206840
:10A11000884201D1FCF7A4FA10BD00000004014000
:10A120007047014600BF91F88400012801D1022048
:10A130007047012081F8840000BF2420C1F8880006
:10A14000086802680868006820F001000B68186061
:10A1500022F0005200204866086802602020C1F802
:10A16000880000BF002081F8840000BF00BFDFE747
:10A170002DE9F04104460D4616460027D4F88C0020
:10A18000202823D105B116B90120BDE8F0810120B6
:10A19000E0660020206732462946204605F092FC02
:10A1A000E06E01280FD110202168086200BF00BFB7
:10A1B000216851E8001F41F01000226842E80001C8
:10A1C0000029F5D100E001273846DEE70220DCE770
:10A1D00070B504460D46FE4884427CD1D4F8800018
:10A1E0000068006800F40020002875D1D4F88000D1
:10A1F0000068F849884267D0D4F880000068F549C3
:10A200001831884260D0D4F880000068F1493031BC
:10A21000884259D0D4F880000068EE49483188421D
:10A2200052D0D4F880000068EA49603188424BD0AF
:10A23000D4F880000068E7497831884244D0D4F8E7
:10A2400080000068E349903188423DD0D4F8800016
:10A250000068E049A831884236D0D4F88000006810
:10A26000DD49884230D0D4F880000068DA491831DE
:10A27000884229D0D4F880000068D749303188421C
:10A2800022D0D4F880000068D349483188421BD0DE
:10A29000D4F880000068D0496031884214D0D4F8E6
:10A2A00080000068CC49783188420DD0D4F8800015
:10A2B0000068C9499031884206D0D4F8800000680F
:10A2C000C549A83188420DD1D4F8800000680068E3
:10A2D00020F0010001E03BE295E0D4F8801009682D
:10A2E000086009E0D4F880000068006820F00100F0
:10A2F000D4F880100968086054F8800F006800687E
:10A3000040F4002021680968086054F8800900685A
:10A31000B049884267D0D4F880000068AD49183150
:10A32000884260D0D4F880000068AA493031884261
:10A3300059D0D4F880000068A6494831884252D0EC
:10A34000D4F880000068A349603188424BD0D4F82B
:10A35000800000689F497831884244D0D4F880005A
:10A3600000689C49903188423DD0D4F88000006854
:10A370009849A831884236D0D4F8800000689649C0
:10A38000884230D0D4F88000006893491831884260
:10A3900029D0D4F8800000688F493031884222D01B
:10A3A000D4F8800000688C49483188421BD0D4F82A
:10A3B0008000006888496031884214D0D4F8800059
:10A3C00000688549783188420DD0D4F88000006853
:10A3D00081499031884206D0D4F8800000687E49D7
:10A3E000A831884205D13220D4F88010096848602D
:10A3F00004E03220D4F88010096848607749284684
:10A40000F6F73AFC10E1D4F8800000687149884200
:10A4100067D0D4F8800000686E491831884260D057
:10A42000D4F8800000686B493031884259D0D4F8A4
:10A430008000006867494831884252D0D4F88000D3
:10A4400000686449603188424BD0D4F880000068CD
:10A4500060497831884244D0D4F8800000685D4972
:10A46000903188423DD0D4F8800000685949A83125
:10A47000884236D0D4F8800000685749884230D0EE
:10A48000D4F88000006854491831884229D0D4F8A3
:10A490008000006850493031884222D0D4F88000D2
:10A4A00000684D49483188421BD0D4F880000068CC
:10A4B00049496031884214D0D4F880000068464988
:10A4C000783188420DD0D4F880000068424990313C
:10A4D000884206D0D4F8800000683F49A8318842FD
:10A4E0000AD1D4F880000068006820F00100D4F898
:10A4F00080100968086009E0D4F8800000680068EE
:10A5000020F00100D4F880100968086054F8800F2A
:10A510000068006820F4002021680968086054F889
:10A52000800900682B4988426FD0D4F88000006809
:10A5300028491831884268D0D4F88000006825493D
:10A540003031884261D0D4F8800000682149483118
:10A5500088425AD0D4F8800000681E496031884291
:10A5600053D0D4F8800000681A49783188424CD022
:10A57000D4F88000006817499031884245D0D4F85B
:10A58000800000681349A83188423ED0D4F880008A
:10A5900000681149884238D0D4F8800000680E491C
:10A5A0001831884231D0D4F8800000680A4930312F
:10A5B00088422AD0D4F88000006807494831884290
:10A5C00023D0D4F88000006803496031884207E056
:10A5D000CC0C002410000240100402400C71002436
:10A5E00013D0D4F880000068684988420DD0D4F8B0
:10A5F0008000006865491831884206D0D4F8800090
:10A60000006862493031884205D13220D4F8801088
:10A610000968486004E03220D4F880100968486076
:10A620005B492846F6F728FB0120E06600202067FA
:10A630002068006840F01000216808602068806889
:10A6400040F0400021688860D4F8800000685149DB
:10A65000884267D0D4F8800000684E49183188429B
:10A6600060D0D4F8800000684A493031884259D01F
:10A67000D4F88000006847494831884252D0D4F865
:10A68000800000684349603188424BD0D4F8800094
:10A69000006840497831884244D0D4F8800000688E
:10A6A0003C49903188423DD0D4F880000068394957
:10A6B000A831884236D0D4F8800000683349783910
:10A6C00088422FD0D4F88000006830496039884231
:10A6D00028D0D4F8800000682C494839884221D01D
:10A6E000D4F8800000682949303988421AD0D4F85B
:10A6F0008000006825491839884213D0D4F88000BA
:10A700000068224988420DD0D4F8800000681F49B3
:10A710001831884206D0D4F8800000681B493031D7
:10A7200088420AD1D4F880000068006840F0010037
:10A73000D4F880100968086026E0D4F8800000682A
:10A74000006840F00100D4F88010096808601BE040
:10A750001148844218D111480069401C0F49086112
:10A7600008464580012008700B48D0F888004861F1
:10A770000948D0F88C00886107480068C069C86142
:10A780000548D0F89000086270BD000088040240BF
:10A790003E71002410000240F40D0024C059002432
:10A7A000704770B504460D4600BF94F88400012838
:10A7B00001D1022070BD012084F8840000BF242054
:10A7C000C4F88800206806682068006820F001004E
:10A7D000216808602068806820F060602843216854
:10A7E0008860204604F0E6F9206806602020C4F85E
:10A7F000880000BF002084F8840000BF00BFD9E7B4
:10A8000070B504460D4600BF94F88400012801D1BC
:10A81000022070BD012084F8840000BF2420C4F809
:10A820008800206806682068006820F00100216820
:10A8300008602068806820F06040284321688860B4
:10A84000204604F0B7F9206806602020C4F888008C
:10A8500000BF002084F8840000BF00BFD9E7704724
:10A860007047000010B5044600BF00BF216851E8E2
:10A87000001F21F49070226842E800010029F5D100
:10A8800000BF00BF00BF2168083151E8001F2B4AFC
:10A8900001EA02002168083141E80002002AF2D1F1
:10A8A00000BFE06E01280CD100BF00BF216851E855
:10A8B000001F21F01000226842E800010029F5D1B4
:10A8C00000BF2068806800F04000402825D100BF0C
:10A8D00000BF2168083151E8001F21F040002168C5
:10A8E000083141E80002002AF3D100BFD4F880000B
:10A8F00098B10020D4F880100865D4F88000F9F7EA
:10A9000049F950B1D4F88000F9F77EFD202804D130
:10A910001020C4F89000032010BD0F2021680862A9
:10A920002068806940F00800216888612020C4F810
:10A930008C000020E06600BFEEE70000FEFFFFEFA6
:10A9400010B504460948844203D101200849087023
:10A950000AE00848844205D00748844202D00748EC
:10A96000844201D103F0FCF810BD0000CC0C00249F
:10A9700018010024600D0024880E00241C0F002400
:10A980002DE9F04704462068C569206806682068FC
:10A99000876840F60F0005EA0009B9F1000F0FD1F2
:10A9A00005F0200060B106F0200010B907F08050DB
:10A9B00030B1606F10B12046616F8847BDE8F08705
:10A9C000B9F1000F7ED0F848384018B9F748304048
:10A9D0000028F7D005F0010058B106F4807040B1AE
:10A9E000012021680862D4F8900040F00100C4F80A
:10A9F000900005F0020058B107F0010040B10220BC
:10AA000021680862D4F8900040F00400C4F8900077
:10AA100005F0040058B107F0010040B1042021689E
:10AA20000862D4F8900040F00200C4F8900005F0ED
:10AA3000080070B106F0200010B9DB48384040B182
:10AA4000082021680862D4F8900040F00800C4F89B
:10AA5000900005F4006060B106F0806048B14FF4EA
:10AA6000006021680862D4F8900040F02000C4F82B
:10AA70009000D4F89000002852D005F0200050B18A
:10AA800006F0200010B907F0805020B1606F10B1BF
:10AA90002046616F8847D4F890A02068806800F055
:10AAA0004000402802D00AF0280070B3204604F08D
:10AAB000A5F92068806800F04000402826D100BF3A
:10AAC00000BF00E02DE02168083151E8001F21F0AF
:10AAD00040002168083141E80002002AF1D100BF9E
:10AAE000D4F8800068B1B248D4F880100865D4F872
:10AAF0008000F9F7BDFA98B1D4F88000016D88475D
:10AB00000EE02046FFF71CFF0AE003E02046FFF7B7
:10AB100017FF05E02046FFF713FF0020C4F8900060
:10AB20004CE7E06E01287DD105F01000002879D0B7
:10AB300006F010000028FAD0102021680862206872
:10AB4000806800F0400040286DD1D4F88000006893
:10AB5000984988426BD0D4F8800000689549183134
:10AB6000884264D0D4F8800000689249303188422D
:10AB70005DD0D4F8800000688E494831884256D0B4
:10AB8000D4F8800000688B49603188424FD0D4F8F7
:10AB90008000006887497831884248D0D4F8800026
:10ABA000006884499031884241D0D4F88000006820
:10ABB0008049A83188423AD0D4F8800000687E49A4
:10ABC000884234D0D4F8800000687B49183188422C
:10ABD0002DD0D4F88000006877493031884226D0E3
:10ABE000D4F8800000687449483188421FD0D4F8F6
:10ABF0008000006870496031884218D0D4F8800025
:10AC000000686D497831884211D0D4F8800000681E
:10AC10006949903188420AD0D4F8800000686649BA
:10AC2000A83102E0CAE07BE001E0884204D1D4F818
:10AC300080000068406803E0D4F880000068406845
:10AC40001FFA80F8B8F1000F58D0B4F85C00404506
:10AC500054DDA4F85E80D4F88000C069B0F5807F30
:10AC600040D000BF00BF216851E8001F21F4807070
:10AC7000226842E800010029F5D100BF00BF00BFF3
:10AC80002168083151E8001F21F0010021680831D6
:10AC900041E80002002AF3D100BF00BF00BF2168D5
:10ACA000083151E8001F21F040002168083141E8D7
:10ACB0000002002AF3D100BF2020C4F88C0000203D
:10ACC000E06600BF00BF216851E8001F21F01000BE
:10ACD000226842E800010029F5D100BFD4F88000C5
:10ACE000F8F758FF02202067B4F85C00B4F85E2043
:10ACF000801A81B22046FFF76BFA10E0B4F85C00CE
:10AD000040450CD1D4F88000C069B0F5807F06D1F1
:10AD100002202067B4F85C102046FFF759FA4DE690
:10AD200034F85C0F6188401A1FFA80F860885C3C38
:10AD3000C8B3B8F1000F36D000BF00BF216851E89A
:10AD4000001F21F49070226842E800010029F5D12B
:10AD500000BF00BF00BF2168083151E8001F124A40
:10AD6000D24301EA02002168083141E80002002ACA
:10AD7000F1D100BF2020C4F88C000020E06660679D
:10AD800000BF00BF216851E8001F21F010002268B9
:10AD900042E800010029F5D100BF022020674146AA
:10ADA0002046FFF715FA09E6010000102001000413
:10ADB000EFED0008100002401004024005F480107E
:10ADC00050B107F4800038B14FF480102168086258
:10ADD0002046FFF745FDF1E505F0800058B106F08B
:10ADE000800010B907F4000028B1A06F10B1204610
:10ADF000A16F8847E2E505F0400030B106F0400061
:10AE000018B1204604F030F8D8E505F4000030B160
:10AE100006F0804018B12046FFF721FDCEE505F091
:10AE2000807030B106F0004018B12046FFF7B8FC42
:10AE3000C4E500BFC2E510B504460CB9012010BD41
:10AE4000A06900B100E000BFD4F8880028B9002054
:10AE500084F88400204600F02BF82420C4F88800F1
:10AE60002068006820F0010021680860A06A10B125
:10AE7000204603F0CBFE204604F010FB012800D151
:10AE8000DDE72068406820F4904021684860206831
:10AE9000806820F02A00216888602068006840F0FF
:10AEA000010021680860204603F02CFFC7E700007E
:10AEB00010B5B6B00446142130A8F5F7D1FAB82180
:10AEC00002A8F5F7CDFAFC492068884240D102215A
:10AED0000020CDE902101F9002A8FCF7A1FE08B1E6
:10AEE000F8F709FB00BFF548006840F08040F349DF
:10AEF00008600846006800F08040019000BF00BF75
:10AF000000BFEE480838006840F01000EB490839EF
:10AF100008600846006800F01000019000BF00BF04
:10AF20004FF4C07030900220319001203290032005
:10AF300033900720349030A9E148FBF77FFA0022D4
:10AF400005215220FBF790FC5220FBF779FCB0E181
:10AF5000DC492068884263D101210020CDE902103C
:10AF6000209002A8FCF75CFE08B1F8F7C4FA00BF15
:10AF7000D2480830006840F04000D04908310860ED
:10AF80000846006800F04000019000BF00BF00BF0D
:10AF9000CA480838006840F00800C8490839086005
:10AFA0000846006800F00800019000BF00BF4FF4A1
:10AFB00040403090022031900020329033900B209E
:10AFC000349030A9C048FBF739FAC048C04908603E
:10AFD000742048600021BE488160C1604FF48061E8
:10AFE00001610021416181614FF48071C1614FF4C1
:10AFF0004031016200214162F9F786FF08B1F8F79C
:10B000007AFA00BFB248C4F88000846300BF00220F
:10B0100005219B20FBF728FC9B20FBF711FC48E156
:10B02000AC492068884242D101200021CDE90201CB
:10B030000020209002A8FCF7F3FD08B1F8F75BFAB6
:10B0400000BF9E480830006840F010009B4908315E
:10B0500008600846006800F01000019000BF00BFC3
:10B0600000BF96480838006840F00200934908394C
:10B0700008600846006800F00200019000BF00BFB1
:10B080004FF44040309002203190002032903390B5
:10B090000420349030A99048FBF7D0F90022052114
:10B0A0002520FBF7E1FB2520FBF7CAFB01E18B49DB
:10B0B0002068884260D102200021CDE902010020F1
:10B0C0001F9002A8FCF7ACFD08B1F8F714FA00BF16
:10B0D0007A48006840F40030784908600846006803
:10B0E00000F40030019000BF00BF00BF7348083873
:10B0F000006840F008007149083908600846006897
:10B1000000F00800019000BF00BF702030900220C6
:10B1100031900020329033900720349030A96A4853
:10B12000FBF78CF9694830386D4908602B2048607E
:10B1300000216B488160C1604FF480610161002192
:10B14000416181614FF48071C161002101624162FE
:10B15000F9F7DAFE08B1F8F7CEF900BF6048C4F895
:10B160008000846300BF002205212620FBF77CFBC2
:10B170002620FBF765FB9CE05A49206888423FD1B6
:10B1800002210020CDE902101F9002A8FCF748FD23
:10B1900008B1F8F7B0F900BF4848006840F48020D3
:10B1A000464908600846006800F48020019000BF0E
:10B1B00000BF00BF41480838006840F002003F4926
:10B1C000083908600846006800F00200019000BFDE
:10B1D00000BF4FF440603090022031900020329048
:10B1E00033900720349030A93B48FBF727F9002221
:10B1F00005212720FBF738FB2720FBF721FB58E030
:10B2000039492068884254D101210020CDE902103B
:10B21000209002A8FCF704FD08B1F8F76CF900BF14
:10B2200026480830006840F0800024490831086052
:10B230000846006800F08000019000BF00BF00BF1A
:10B240001E480838006840F010001C4908390860A2
:10B250000846006800F01000019000BF00BF042005
:10B2600030900220319000203290339004203490AE
:10B2700030A91348FBF7E2F8082030900220319003
:10B280000020329033900B20349030A90C48FBF70B
:10B29000D5F8002205219C20FBF7E6FA9C20FBF75D
:10B2A000CFFA002205219C20FBF7DEFA9C20FBF759
:10B2B000C7FA36B010BD000000780040E8440258DC
:10B2C0000010025800180140000C025840000240D3
:10B2D000B00F002400100140000402580044004058
:10B2E0002810002400480040001C01402DE9F84FC0
:10B2F00004460E4617469A46D4F88C00202877D18B
:10B3000006B117B90120BDE8F88F00205C346063F6
:10B310002220206300202061FBF79CF983462780D0
:10B3200067805C3C00BFA068B0F5805F0AD12069EF
:10B3300020B940F2FF10A4F8600020E0FF20A4F83C
:10B3400060001CE0A06848B9206918B9FF20A4F883
:10B35000600014E07F20A4F8600010E0A068B0F165
:10B36000805F09D1206918B97F20A4F8600006E049
:10B370003F20A4F8600002E00020A4F8600000BFB5
:10B38000B4F86090A068B0F5805F04D1206910B96E
:10B390000025B04602E035464FF000082BE05B4642
:10B3A000002220212046CDF800A004F039FC20B175
:10B3B0002020C4F88C000320A5E745B92068406A26
:10B3C00000EA0900A8F8000008F1020806E0206879
:10B3D000406A09F0FF01084028706D1CD4F88C0009
:10B3E000222806D1B4F85E00401EA4F85E0002E0F8
:10B3F0000AE0012087E7B4F85E000028CFD12020C2
:10B40000C4F88C0000207EE702207CE770B504467B
:10B410000D461646D4F88C00202821D105B10EB96E
:10B42000012070BD0020E0660E492068884211D0DE
:10B430002068406800F4000060B100BF00BF2168D0
:10B4400051E8001F41F08060226842E800010029B5
:10B45000F5D100BF32462946204604F033FBE0E731
:10B460000220DEE7000C005810B504461348844261
:10B4700009D11348007802F04BFB012210490F4814
:10B48000FFF7C4FF18E00F48844209D10E48007846
:10B4900002F0B2FB01220C490A48FFF7B7FF0BE0AC
:10B4A0000A48844208D10A48007802F0D7FB0122FA
:10B4B00007490648FFF7AAFF10BD00001C0F002433
:10B4C000DA030024600D0024D8030024880E002431
:10B4D000D90300242DE9F84F04460E461746994635
:10B4E000D4F8880020285DD106B117B90120BDE845
:10B4F000F88F00205434E06321206063FBF7AAF842
:10B50000824627806780543CA068B0F5805F04D1F4
:10B51000206910B90025B04602E035464FF000081A
:10B5200029E05346002280212046CDF8009004F007
:10B5300077FB20B12020C4F888000320D7E745B965
:10B54000B8F80000C0F308002168886208F102081A
:10B5500003E02878216888626D1CD4F8880000F028
:10B560002100212805D1B4F85600401EA4F8560049
:10B5700001E00120BBE7B4F856000028D1D15346C2
:10B58000002240212046CDF8009004F049FB20B174
:10B590002020C4F888000320A9E72020C4F88800F0
:10B5A0000020A4E70220A2E7704700BFFEE70000EA
:10B5B0001CB512A103C9CDE900010621684608F0B7
:10B5C000BEFB0446E0B28DF80600200A8DF80700A5
:10B5D0005021684609F0FCF810B94FF0FF301CBD4F
:10B5E0000821084809F018F940F2DC50F9F716FF75
:10B5F0000821054809F010F90020F0E75006000680
:10B60000000000005CB2010864B2010810B52DED25
:10B610000C8B8CB07648007818B175484088352876
:10B6200003D00CB0BDEC0C8B10BD714890F8240019
:10B63000502809D16E4890F82500032804D16C48A1
:10B6400090F82600302803D0002069490870E8E708
:10B65000674C24342079E17840EA012000B20DEEF5
:10B66000900AA079617940EA012000B208EE100A40
:10B67000207AE17940EA012000B208EE900AA07A2F
:10B68000617A40EA012000B209EE100A207BE17ADB
:10B6900040EA012000B209EE900AA07B617B40EAFB
:10B6A000012000B20AEE100A207CE17B40EA012072
:10B6B00000B20AEE900AA07C617C40EA012000B250
:10B6C0000BEE900A207DE17C40EA012000B20CEEF6
:10B6D000100A607D0006A17D40EA0140E17D40EA5C
:10B6E0000120217E08430CEE900A607E0006A17EB8
:10B6F00040EA0140E17E40EA0120217F08430DEE4F
:10B70000100A607F0006A17F40EA0140E17F40EA25
:10B71000012094F8201008430BEE100AB8EEED0A51
:10B72000DFED340A20EE200A8DED000AB8EEC80ADB
:10B73000DFED300A20EE200A8DED010AB8EEE80AAE
:10B74000DFED2C0A20EE200A8DED020AB8EEC90AC0
:10B75000DFED290A20EE200A8DED030AB8EEE90A92
:10B76000DFED250A20EE200A8DED040AB8EECA0AA4
:10B77000DFED210A20EE200A8DED050AB8EEEA0A77
:10B78000DFED1E0A20EE200A8DED060AB8EEEB0A68
:10B79000DFED1A0A20EE200A8DED070AB8EECC0A7A
:10B7A000DFED160A20EE200A8DED080AB8EEEC0A4D
:10B7B000DFED130A20EE200A8DED090AB8EECD0A5E
:10B7C000DFED0F0A20EE200A8DED0A0AB8EECB0A53
:10B7D000DFED0B0A20EE200A8DED0B0A30226946C0
:10B7E0000848F4F724FE00200149087000BF18E75C
:10B7F000C0590024D5FFFF39D6FF793DCAFEF93C78
:10B800006F12833AC470002410B50821024809F071
:10B8100003F8F5F771FA10BD6CB2010870B54FF07E
:10B82000000500BFEFF3058008B101250DE00DF024
:10B83000E7FD0446012C08D000BFEFF3108018B9D3
:10B8400000BFEFF3118000B10125284670BD30B56F
:10B850000B46002100BF16E00A24B4EB107F05D987
:10B86000302404EB107403F8114005E0412404EB8C
:10B8700010740A3C03F81140000100254C00641CC0
:10B880001D554C1CE1B29142E6DB30BD1FB50221D3
:10B89000354802F027FD3448816888473348012144
:10B8A00000220092324BCDE90121039040F20122A7
:10B8B00049023048F7F740F82F4801210022009252
:10B8C0002B4BCDE90121039040F2022249022B4883
:10B8D000F7F732F802200A21294B1022CDE9001097
:10B8E00005212848F7F72CFC02200821204B1022C4
:10B8F000CDE9001004212448F7F722FC022005219D
:10B900001B4B1022CDE900102048F7F719FC164810
:10B910001849426C904714481849426C90471248A5
:10B920001849426C904710481749426C90470E489E
:10B930001649426C904713480021D0F8F8209047F0
:10B940000520F9F76BFD10480021D0F8F82090474A
:10B950000520F9F763FD0D480021D0F8F820904745
:10B960000520F9F75BFD1FBD8C640024D80100247D
:10B97000000B0024DC640024F0010024786600241D
:10B98000600A0024146800241C690024246A00242E
:10B9900008B1002101717047014609B900207047C4
:10B9A000087908B10120FAE70020F8E710B5014650
:10B9B000254A11600022254B1A70254B1A80254B11
:10B9C000DA70254B1A70204A126802B910BD4CF289
:10B9D000503004E01C4A12681268526A401E1A4A2B
:10B9E00012681268D269C2F340120AB10028F1D17C
:10B9F0000F22154B1B681B681A6200BF00BF124B59
:10BA00001B681B6853E8003F43F025020E4B1B6880
:10BA10001C6844E80023002BF1D100BF00BF00BF29
:10BA2000094B1B681B68083353E8003F23F00102F1
:10BA3000054B1B681B68083343E80024002CEFD13A
:10BA400000BF00BFC2E700005808002468080024B7
:10BA500066080024500800245C08002410B5044641
:10BA6000054804774068401C034948600349204664
:10BA70000CF06CFC10BD0000C08E002450080024A7
:10BA80001E49096801B970471C4909680968C969F4
:10BA90001B4A1162194909680968096801F0200107
:10BAA00051BB11468969491C91614CF2503004E048
:10BAB000124909680968496A401E104909680968FD
:10BAC000C969C1F3401109B10028F1D10F210B4A16
:10BAD00012681268116200BF00BF084A126812683B
:10BAE00052E8002F42F02001044A1268136843E82C
:10BAF0000012002AF1D100BF00BFC4E7580800249B
:10BB0000C08E00241FB52548012100220092244B3D
:10BB1000CDE90121039040F2032249022148F6F7C2
:10BB20000BFF21480121002200921D4BCDE901218C
:10BB300003904FF4017249021C48F6F7FDFE032101
:10BB40001B4802F0CFFB1A48816888470220082171
:10BB5000184B1022CDE9001005211748F7F7F0FA2D
:10BB600002200821134B1022CDE9001006211348B2
:10BB7000F7F7E6FA0E481049426C90470C480F4917
:10BB8000426C90470C480021D0F8F82090470B48B1
:10BB90000021D0F8F82090471FBD0000C402002407
:10BBA000600A00248C6D0024DC020024286F00242D
:10BBB0002C6B0024C00900247C6B0024846C0024BE
:10BBC0001FB500200090019002900390FAF7FCFD51
:10BBD00001208DF8000000208DF8010001901F2049
:10BBE0008DF8080087208DF8090000208DF80A00E4
:10BBF0008DF80B0001208DF80C008DF80D00002051
:10BC00008DF80E008DF80F006846FAF7AFFD04209E
:10BC1000FAF7EAFD1FBD000008B500BF0E48006836
:10BC200040F001000C4908600846006800F001007F
:10BC3000009000BF00BF002205210B20FAF714FE80
:10BC40000B20FAF7FDFD002205210D20FAF70CFE6E
:10BC50000D20FAF7F5FD08BDD844025810B51F486D
:10BC60001F4908600020886000211D48C160012133
:10BC70000174002141748174032141610A218161B1
:10BC80001D21C1610A210162032141620A218162F1
:10BC90001D21C1620A2101630021416301218163E9
:10BCA0000021C163102101640421416400218164E9
:10BCB0000421C164002101650421416500218165E1
:10BCC000C165082101660021416604218166F9F7FA
:10BCD000E9FF08B1F7F70FFC10BD000000A000401D
:10BCE000C009002410B51F481F4908600020886063
:10BCF00000211D48C160012101740021417481743B
:10BD0000032141610A2181611D21C1610A21016272
:10BD1000032141620A2181621D21C1620A2101635E
:10BD200040F255314163012181630021C16310213B
:10BD3000016404214164002181640421C164002163
:10BD400001650421416500218165C1650821016605
:10BD50000021416604218166F9F7A4FF08B1F7F7D5
:10BD6000CAFB10BD00A40040600A002410B51F48A3
:10BD70001F4908600020886000211D48C160012122
:10BD80000174002141748174032141610A218161A0
:10BD90001D21C1610A210162032141620A218162E0
:10BDA0001D21C1620A21016340F2AA6141630121A0
:10BDB00081630021C16310210164042141640021D9
:10BDC00081640421C16400210165042141650021D1
:10BDD0008165C165082101660021416604218166F3
:10BDE000F9F760FF08B1F7F786FB10BD00D40040FB
:10BDF000000B002410B50E4A00210E480AF01EFF69
:10BE00000D4908600D4A00210D480AF017FF0D4941
:10BE100008600D4A00210D480AF010FF0C49086027
:10BE20000C4A00210C480AF009FF0C49086010BDBB
:10BE300068AE010841E20008000000248CAE010851
:10BE4000D50E000804000024B0AE0108C1C30008EC
:10BE500008000024D4AE0108E9E100080C00002429
:10BE600000B587B0142102A8F4F7FAFA00BF5248CF
:10BE7000006840F01000504908600846006800F073
:10BE80001000019000BF00BF00BF0846006840F0EE
:10BE9000040008600846006800F00400019000BF3C
:10BEA00000BF00BF0846006840F0800008600846F8
:10BEB000006800F08000019000BF00BF00BF08468E
:10BEC000006840F0010008600846006800F00100CA
:10BED000019000BF00BF00BF0846006840F00200AC
:10BEE00008600846006800F00200019000BF00BF33
:10BEF00000BF0846006840F0080008600846006877
:10BF000000F00800019000BF00BF01224FF4204163
:10BF10002A48FAF799FB002244F202012848FAF76E
:10BF200093FB00224FF4E0512448FAF78DFB0022E6
:10BF30004FF440712348FAF787FB4FF420400290FA
:10BF40000120039004900020059002A91B48FAF7F5
:10BF500075FA4FF40070029000200390049002A93B
:10BF60001748FAF76BFA44F202000290012003909E
:10BF7000022004900020059002A91148FAF75EFA09
:10BF80004FF4E05002900120039002200490002022
:10BF9000059002A90948FAF751FA4FF4407002904F
:10BFA00001200390022004900020059002A905487A
:10BFB000FAF744FA07B000BDE044025800080258FE
:10BFC000001002580004025800B58BB00020089001
:10BFD00009900A901C2101A8F4F742FA4FF0804022
:10BFE0001B490860EF20486000211948816044F631
:10BFF0001F61C1600021016180218161FDF777FF30
:10C0000008B1F7F778FA002008900A9008A91048BC
:10C01000FDF78EFB08B1F7F76EFA60200190002063
:10C02000029003900590002201A90948FDF7A7FEA0
:10C0300008B1F7F760FA082201A90548FDF79FFE4D
:10C0400008B1F7F758FA0248FDF76CFE0BB000BDD7
:10C05000A00B002400B587B0002003900490059049
:10C060000690009001900290184819490860EF204E
:10C07000486000211648816040F2CF71C160002104
:10C0800001618161FDF7C6FB08B1F7F734FA4FF49F
:10C090008050039003A90E48FDF7DCFC08B1F7F7C8
:10C0A0002AFA00200090029069460948FDF740FBFB
:10C0B00008B1F7F720FA06480068C06840F00100B0
:10C0C00003490968C86007B000BD000000080040CF
:10C0D000EC0B002410B51848184908604FF4E13003
:10C0E0004860002115488160C160016104214161FF
:10C0F00000218161C1610162416200200F498862B3
:10C100000846FEF798FE08B1F7F7F5F900210B484D
:10C11000FEF776FB08B1F7F7EEF900210748FEF7C6
:10C1200040FB08B1F7F7E7F90448FDF7FAFF08B15B
:10C13000F7F7E1F910BD000000780040380C00244A
:10C1400010B51A481A4908601A4848604FF48051DF
:10C15000174881604900C160C91001610C2141612B
:10C1600000218161C161016241620220104988623F
:10C17000C1030F480163FEF75EFE08B1F7F7BBF994
:10C1800000210B48FEF73CFB08B1F7F7B4F900219A
:10C190000748FEF706FB08B1F7F7ADF90448FDF7CD
:10C1A000C0FF08B1F7F7A7F910BD00000018014063
:10C1B000CC0C0024A086010010B51848184908606E
:10C1C0004FF416504860002115488160C16001613C
:10C1D0000C21416100218161C16101624162002045
:10C1E0000F4988620846FEF726FE08B1F7F783F983
:10C1F00000210B48FEF704FB08B1F7F77CF900219A
:10C200000748FEF7CEFA08B1F7F775F90448FDF7CD
:10C2100088FF08B1F7F76FF910BD0000001C01405E
:10C220001C0F002410B51848184908604FF4165028
:10C230004860002115488160C16001610C214161A5
:10C2400000218161C1610162416200200F49886261
:10C250000846FEF7F0FD08B1F7F74DF900210B484D
:10C26000FEF7CEFA08B1F7F746F900210748FEF7C6
:10C2700098FA08B1F7F73FF90448FDF752FF08B103
:10C28000F7F739F910BD000000100140600D0024DF
:10C2900010B51948194908604FF4E1304860002191
:10C2A00016488160C16001610C21416100218161FA
:10C2B000C1610162416200201049886200231A4670
:10C2C00019460E48FDF7E4F908B1F7F714F9002113
:10C2D0000A48FEF795FA08B1F7F70DF9002107486B
:10C2E000FEF75FFA08B1F7F706F90448FDF719FF02
:10C2F00008B1F7F700F910BD00440040F40D002428
:10C3000010B51848184908604FF4165048600021CD
:10C3100015488160C16001610C214161002181618A
:10C32000C1610162416200200F4988620846FEF740
:10C3300082FD08B1F7F7DFF800210B48FEF760FA3D
:10C3400008B1F7F7D8F800210748FEF72AFA08B134
:10C35000F7F7D1F80448FDF7E4FE08B1F7F7CBF89A
:10C3600010BD000000480040880E002410B50122D6
:10C370000E490F4804F080FB08B1F7F7BCF80D49EF
:10C380000B4804F0C0FE08B1F7F7B5F80A490848B1
:10C3900003F05EFF08B1F7F7AEF8054804F0B6FF0A
:10C3A00008B1F7F7A8F8FBF7EFF910BDFC0300247C
:10C3B0008C720024840400246004002400BFFEE783
:10C3C00008B500BF704948890BF069FE05466E4903
:10C3D00088890BF064FE044644EA4500C0B2009030
:10C3E0006948C089B0F5FA7F03DA0120674908700F
:10C3F00011E06548C089B0F5FA7F09DD6248C0895F
:10C4000040F2DC51884203DA02206049087002E001
:10C4100000205E4908705D48007820B101282FD0C7
:10C4200002282CD13AE000F0B7FD002058490870EE
:10C430005849087006F036FFF4F78CF9F4F720FA43
:10C44000012D1CD8012C1AD8009830B1012808D031
:10C4500002280AD0032810D10BE001204E490870B1
:10C460000CE002204C49087008E003204A4908709B
:10C4700004E004204849087000E000BF00BF7EE0EF
:10C4800000F08AFD0020424908704249087006F019
:10C4900009FFF4F75FF9F4F7F3F970E03A49088916
:10C4A0000BF0FDFD06460EB9012000E00020074616
:10C4B000012E01D1012000E000208046012C04D192
:10C4C0003648007808B9012000E000208146012D9F
:10C4D00001D1012000E00020834601202E49087090
:10C4E0002C480078022808D106F03CFF06F06EFECA
:10C4F000F8B10020274908703EE02648007803285C
:10C5000002D0F4F757F9A8B122480078032802D0E6
:10C51000032020490870F4F7D7F9F4F74BF940B934
:10C52000F4F74EF910B9F4F751F910B10020194998
:10C53000087021E016480078F0B90BEB0700404482
:10C54000484400F0FF0ABAF1010F15D11FB10320D2
:10C550000F49087010E0B8F1000F03D002200C4919
:10C56000087009E0B9F1000F03D0052008490870F0
:10C5700002E00220074908700848047000BF00BFAD
:10C5800001200AF0F1FA1DE74C03002438030024CF
:10C590003A0300243B030024390300243C03002415
:10C5A0002DE9F04104460E4615461F46DDF8188079
:10C5B000277784F81D80A6771048A0601048E060B7
:10C5C00010482061104860611048A06198222946F7
:10C5D00004F12000F3F72BFF95F8981084F8B810B9
:10C5E0009B21B5F89920BB20A4F8B920495D0155DD
:10C5F000D5F89C10C4F8BC10BDE8F08111C6000845
:10C6000023C60008A50D00088F0D0008850D000841
:10C6100070B5044625462046F4F7BCFB0120207087
:10C6200070BD01467047000070B590B0002501262E
:10C630002822204906A8F3F7FAFE002400BF0EE0E6
:10C6400006A951F8240007F0F2FC00B1012506A963
:10C6500051F8240007F0E2FC00B90026641C0A2C03
:10C66000EED314221349283101A8F3F7E0FE002489
:10C670000EE001A951F8240007F0F1FC00B10125FA
:10C6800001A951F8240007F0DBFC00B90026641C66
:10C69000052CEED31DB101200749087006E00648BD
:10C6A000007818B116B100200349087002480078DC
:10C6B00010B070BD94AF01081C0100240020014996
:10C6C000087070471E01002410B52DED028B044642
:10C6D000B0EE408A607F20B3012802D0022833D117
:10C6E00031E094ED5E0AB8EEC00AF0EE400AB0EE1A
:10C6F000480A04F58A7007F0C1FCF0EE408AB4F9EC
:10C70000640100EE100AB8EEC00AF0EE400AB0EE86
:10C71000680A04F1C40007F0B1FC0F4880ED000A7C
:10C7200012E0B4F9640100EE100AB8EEC00AF0EEAF
:10C73000400AB0EE480A04F1C40007F09FFC064826
:10C7400080ED000A00E000BF00BF034890ED000A42
:10C75000BDEC028B10BD00002001002400BFFEE7ED
:10C7600010B50248FAF7B3FA10BD0000688700243C
:10C770002DE9F04704460D4626683746D6F8408036
:10C7800007F5306000EB4510D0F808901048804560
:10C790000BD909F40040B0F5004F06D14FF4004129
:10C7A00007F5306000EB451081602046FAF772FF14
:10C7B0000748804508D9A079012805D104F29C4298
:10C7C0000121206805F064FA0020BDE8F087000030
:10C7D0000A30544F2DE9F04705460C46D5F8009035
:10C7E0004E46D9F840A006F5306000EB4410D0F872
:10C7F0000880A879012855D108F0080008280FD131
:10C80000434882450BD908F40040B0F5004F7BD176
:10C810004FF4004106F5306000EB4410816073E096
:10C8200008F02000202806D1202106F5306000EB1A
:10C830004410816068E008F02800002864D1344882
:10C8400082450CD908F40040B0F5004F07D14FF4F1
:10C85000004106F5306000EB4410816054E004EBC9
:10C86000C40105F5157000EB810706F5306000EB9B
:10C870004410396A0069C0F31200081A786164B97B
:10C88000386930B905F29C420121286805F000FAA8
:10C8900003E07969F8680844F860E1B22846FAF7DD
:10C8A0008DF831E01B4882451BD108F40040B0F5FB
:10C8B000004F07D14FF4004106F5306000EB441003
:10C8C000816021E008F02000202805D1202106F514
:10C8D000306000EB44108160E1B22846FAF76EF850
:10C8E00012E06CB904EBC40105F5157000EB810092
:10C8F000006928B905F29C420021286805F0C8F9B2
:10C90000E1B22846FAF75AF80020BDE8F0870000A7
:10C910000A30544F0A31544F2DE9F84F07460E465E
:10C92000D7F80090C84606EBC60107F1140000EBEB
:10C930008104D4E90410884202D90120BDE8F88FAF
:10C94000D4E90401451AA068A84200D2A568E81CF1
:10C950004FEA900A17E0D4E90401451AA068A842FA
:10C9600000D2A568E81C4FEA900AB879ABB2F2B2DF
:10C9700000904846E16805F097FEE0682844E060D2
:10C9800060692844606108F5106000EB461080691A
:10C9900080B2504506D3D4E90410884202D22069FF
:10C9A0000028D8D1D4E9040188420ED806F00F013E
:10C9B000012000FA01FB40F6340050F8080020EA9C
:10C9C0000B0040F6340141F808000020B6E70000F3
:10C9D0000021C160016141619FED0A0A80ED060AF4
:10C9E0009FED080A80ED070A9FED060A80ED080A10
:10C9F0009FED040A80ED090A9FED020A80ED0A0A04
:10CA00007047000000000000816A21F00042C2F17E
:10CA1000FF42D20F52B9816A4FF07F42B2EB410F11
:10CA200001D1012200E00022012A02D10222462186
:10CA30000A54704770B504460D46164625700748DF
:10CA4000E0640748A0642046E16C884731462046F0
:10CA5000A26C90474621085570BD0000D1C900085E
:10CA600065CA00080246107800B109B90120704774
:10CA700091ED000A82ED0B0A91ED010A82ED0C0A9C
:10CA800091ED020A82ED0D0A91ED030A82ED0E0A84
:10CA900091ED040A82ED0F0A91ED050A82ED100A6C
:10CAA0000020A2F8440000BFE1E7000070B52DEDC2
:10CAB000028BA94890ED0A0AF0EEC00AB0EE608A37
:10CAC000A64C256805B96568A54800780C287DD274
:10CAD000DFE800F0062C69C07C7CFDDB7C7C7CFC04
:10CAE000A048FEF755FF01209F4908700AF062F93F
:10CAF00001209E49087000209D4908709D48D0ED96
:10CB0000030AB0EE600A0AF041F99B4880ED008A02
:10CB10009A4880ED008A0020994908700AF033F89D
:10CB20009849086001208E49087011E19148D0EDC4
:10CB3000030AB0EE600A0AF029F9904890ED000A65
:10CB4000B4EEC08AF1EE10FA01DD80ED008A8A4869
:10CB500090ED000A38EE400A8648D0ED040AB4EEA3
:10CB6000E00AF1EE10FA0ADB0020854908700AF0AD
:10CB70000AF88449086002207949087012E00AF036
:10CB800002F880490968401AB0F5FA6F0AD39FEDA0
:10CB90007E0A0AF0FBF809F0F6FF7A4908600B20DC
:10CBA0006F490870D4E07348D0ED030AB0EE600A14
:10CBB0000AF0ECF8714890ED000AB4EEC08AF1EE8C
:10CBC00010FA07DD80ED008A002000E0B7E06C4934
:10CBD000087019E0694890ED000A30EE480A65488F
:10CBE000D0ED050AB4EEE00AF1EE10FA09DB644874
:10CBF0000078FF2808D262480078401C604908701D
:10CC000002E000205E4908705A48007E5C490978BD
:10CC100088420BDC9FED5C0A0AF0B8F809F0B3FF1C
:10CC20005849086003204E49087012E009F0ABFF34
:10CC300054490968401AB0F5FA6F0AD39FED520AB9
:10CC40000AF0A4F809F09FFF4E4908600B20444900
:10CC500008707DE09FED4C0A0AF098F809F093FF08
:10CC600048490968401A4349C96988420CD3D4ED40
:10CC7000070AB0EE600A0AF089F809F084FF41491A
:10CC8000086007203649087062E03648FEF784FEE7
:10CC90000646D4ED070AB0EE600A0AF077F816B13E
:10CCA0003048FEF775FE36B909F06DFF3549096861
:10CCB000401AA8420DD39FED340A0AF067F809F034
:10CCC00062FF304908600B20254901E002E01EE0C8
:10CCD00008703DE09FED2C0A0AF058F809F053FF68
:10CCE00028490968401A616988420FD300200AF078
:10CCF00061F801201E49087000201C49087009F0E5
:10CD000042FF2049086006201549087020E09FED89
:10CD10001E0A0AF03BF809F036FF1A490968401A62
:10CD200014498968884209D30020184908700E49BF
:10CD3000087000F063F800200949087008E000203E
:10CD40000949087000F05AF800200549087000BF32
:10CD500000BFBDEC028B70BDC4700024BC07002472
:10CD6000D30600245008002439070024B10200240F
:10CD7000B0020024980700243C0700244007002448
:10CD8000440700243C080024000000003A0300246B
:10CD9000014800787047000039070024024602F07D
:10CDA000010050B11448007800F0010028B1124889
:10CDB0008078884201DD0020704702F0020050B107
:10CDC0000D48007800F0020028B10B48C078884276
:10CDD00001DD0020F0E702F0040050B106480078C1
:10CDE00000F0040028B104480079884201DD0020E9
:10CDF000E2E70120E0E70000AC8E002410B5072038
:10CE000000F001F810BD10B504460121204600F0E5
:10CE100001F810BD70B505460C4605F00100A8B13B
:10CE20002548007800F0010018B123488078A0421E
:10CE30000CDC2148007800F0FE001F49087000203B
:10CE400088709FED1E0A084680ED020A05F0020078
:10CE5000A8B11948007800F0020018B11648C0784F
:10CE6000A0420CDC1448007800F0FD001249087064
:10CE70000020C8709FED110A084680ED030A05F0F6
:10CE80000400A8B10C48007800F0040018B10A486A
:10CE90000079A0420CDC0848007800F0FB0006494D
:10CEA0000870002008719FED050A084680ED040A0D
:10CEB00009F08AFF70BD0000AC8E00240000000065
:10CEC00010B52848006800B910BD26484068401CCD
:10CED0002449486009F057FE2249886022480078BA
:10CEE000C8602248007808612148007848612148DC
:10CEF0000078C8612048007848622048007888623D
:10CF00001F480078C8621F48007808631E480078F0
:10CF100048631E48006888631D480078C8631D4840
:10CF2000007808641B48407848641A488078886410
:10CF30001848C078C864174800790865154890ED0E
:10CF4000020A084680ED150A124890ED030A0846C9
:10CF500080ED160A0F4890ED040A084680ED170A86
:10CF600000BFB1E7D8060024D2060024D30600246F
:10CF7000D4060024D506002420080024A902002499
:10CF8000A8020024B1020024B0020024AC02002454
:10CF9000AA020024AC8E002410B509F0CBF8FFF7EC
:10CFA0002DFF00201B4908701B4908701B490870A1
:10CFB0001B4908701B4908609FED1B0A1B4880ED48
:10CFC000000A9FED190A1A4880ED000A002019494D
:10CFD00008701949087019490870194908601949F9
:10CFE0000870194908709FED100A184880ED000A72
:10CFF0009FED0D0A164880ED000A002015490870C3
:10D0000015490870154908701549087015490870C8
:10D0100010BD0000D2060024D3060024D40600244C
:10D020002008002424080024000000002808002410
:10D030002C08002430080024310800243208002481
:10D040003408002438070024390700243C07002452
:10D050004007002444070024450700244607002415
:10D06000D6060024D506002470B52DED048B0446A9
:10D070000D46B0EE408AB0EE609AF0EE418A294645
:10D080002046FFF78BFE10B9BDEC048B70BD04F099
:10D09000010048B11348007840F0010011490870C0
:10D0A0000846857080ED028A04F0020048B10D4800
:10D0B000007840F002000B4908700846C57080ED0A
:10D0C000039A04F0040048B10648007840F00400D8
:10D0D0000449087008460571C0ED048A09F074FE21
:10D0E00000BFD1E7AC8E002410B504469F480078FD
:10D0F000082878D2DFE800F0045878AEC2DCF5F3F7
:10D1000001209B49087000209A4908709A48FEF750
:10D110003FFC9FED9A0A07F025FA9948007810B96C
:10D1200000209849087097480078974908701CB902
:10D1300000209649087008E0022C03D1042093498E
:10D14000087002E00320914908708F48007828B9E0
:10D1500001208F4908708F4908701DE08A480078C7
:10D16000012804D18A4908708B49087014E0864868
:10D170000078022805D10120854908708749087088
:10D180000AE081480078032806D10120814908700F
:10D19000814908708149087009F0F5FC80490860F0
:10D1A000012072490870DAE09FED740A07F0DAF99D
:10D1B00009F0E9FC7A490968401A7A490968884205
:10D1C00010D37848D0ED060AB0EE600A09F0DEFD13
:10D1D00009F0D9FC724908600120734908700220E7
:10D1E00062490870BBE0AEE06E48D0ED060AB0EED2
:10D1F000600A09F0CBFD09F0C6FC69490968401ACC
:10D2000068494968884203D25B48FEF7C5FB00B312
:10D210005948FEF7C1FB10B15748FEF7B9FB022091
:10D22000FFF7F1FD0020604908702CB1204609F09D
:10D23000F3FD5649087002E00320544908700120AC
:10D240004C49087009F09FFC554908600320474984
:10D25000087084E009F097FC51490968401A514967
:10D260008968884209D300204949087009F08BFC7D
:10D270004B49086004203D49087070E009F083FCC8
:10D2800047490968401A4749C96888420FD30120B5
:10D290004549087024B1204609F0BEFD3B4908709D
:10D2A00009F071FC3E49086005203049087056E0DD
:10D2B00024B1204609F0B0FD3449087009F063FC40
:10D2C00037490968401A37490969884206D309F085
:10D2D0005AFC334908600620244908703FE023E0E7
:10D2E000FFE709F050FC2E490968401A2D494969A9
:10D2F000884218D32448007818B9012021490870C1
:10D300000EE021480078012803D102201D49087051
:10D3100006E01D480078022802D103201949087050
:10D320000720124908701AE0FFF768FD00201F4926
:10D3300008700F4908700F4908700C4908700120E7
:10D340000F4908700BE0FFF759FD002017490870DE
:10D3500007490870074908700449087000BF00BFFA
:10D36000074800781249886110BD0000D4060024E7
:10D370004507002446070024500800240000000050
:10D3800044080024C601002445080024C8010024E4
:10D3900012030024130300241403002415030024A3
:10D3A0004008002404080024C70100243A03002494
:10D3B000D806002401480078704700004507002483
:10D3C0000448007820B10448007808B10120704773
:10D3D0000020FCE7450700244607002410B54F480D
:10D3E000007830B1022824D0032852D0042870D10C
:10D3F00074E001204A49087004204A4908704A49EB
:10D4000008704A48007840B949480078002804DD8F
:10D4100047480078401E464908704548007845490D
:10D42000087009F0B0FB4449086002203B490870CD
:10D430006AE03E48007810B94048006801E03F4883
:10D440004068044609F09FFB3B490968401AA04226
:10D450001ED33848007818B90120394908700DE00A
:10D4600034480078012802D13649087006E0314876
:10D470000078022802D10120334908700420334982
:10D48000087009F080FB2C490860032023490870CC
:10D490003AE009F078FB28490968401A2749896869
:10D4A00088421AD302202949087001201F490870B8
:10D4B00009F069FB204908601D480078002809DD53
:10D4C0001B480078401E1A49087001201349087053
:10D4D00003E00FE004201149087015E0FFF78EFC0F
:10D4E0000020104908700E4908700C4908700F4957
:10D4F000087009E0FFF782FC00200A49087008491B
:10D5000008700649087000BF00BF04480078104941
:10D51000C86106480078086210BD0000D5060024E6
:10D52000D60600243A030024C80100244C08002435
:10D53000C60100244D080024480800248C0700245C
:10D5400012030024130300241403002453020024B4
:10D55000D80600240148007870470000D606002451
:10D5600070B52DED028B09F00EFB04469C4890ED42
:10D570000A0AF0EEC00AB0EE608A9A480078A0B1BC
:10D5800098480078062810D097480068201A9749D4
:10D59000096A884209D9FFF731FC002091490870D7
:10D5A00093490870BDEC028B70BD8E480078072847
:10D5B00074D2DFE800F004197481A1C5F1008D4830
:10D5C00080ED008A8C4880ED008A00208B4908702D
:10D5D0008B4908708B4908708B4908608248046049
:10D5E000012080490870F7E0012088490870032075
:10D5F0008749087082480078B8B97C4890ED011AD4
:10D60000F0EE410A90ED001AB0EE410A09F0B2F9CD
:10D61000804880687C49086001207949087005F0DD
:10D620002FF9012077490870D6E008F0B3FD0546D0
:10D630007848806874490968884200D00625DDB9B9
:10D6400005F076F890B9FFF7D9FB6A4880ED008ABB
:10D65000694880ED008A00206849087069490870AF
:10D660006148046004205F49087016E0FFF7C6FBBC
:10D6700003205C49087010E0052D05D0042D03D06F
:10D68000032D01D0062D08D1FFF7B8FB08F052FD9D
:10D69000002054490870564908709DE094E05248B3
:10D6A0000068201A51490969884204D34E48046031
:10D6B00003204C4908708FE05248007830B90120AF
:10D6C00005F0DEF801204F49087085E005F030F8DC
:10D6D00088B9FFF793FB474880ED008A464880ED04
:10D6E000008A002045490870464908703E48046099
:10D6F00004203C4908706FE03C48D0ED030AB0EECE
:10D70000600A09F043FB3C4890ED000AB4EEC08A81
:10D71000F1EE10FA01DD80ED008A364890ED000A46
:10D7200038EE400A3148D0ED050AB4EEE00AF1EED9
:10D7300010FA04DB2C48046005202A4908704BE0ED
:10D740002A48D0ED030AB0EE600A09F01FFB2A4810
:10D7500090ED000AB4EEC08AF1EE10FA05DD80ED1E
:10D76000008A0020254908701AE0234890ED000A3D
:10D7700030EE480A1D48D0ED060AB4EEE00AF1EE9C
:10D7800010FA0ADB1D480078FF2809D21B480078F0
:10D79000401C1A49087003E010E000201749087087
:10D7A0001248007F15490978884206DCFFF726FBFE
:10D7B0000D48046006200B4908700DE000200C495C
:10D7C00008700849087007E0FFF718FB00200849B7
:10D7D00008700449087000BF00BF00BFE2E6000007
:10D7E000C4700024200800242408002448070024D2
:10D7F0003A030024280800242C08002430080024C0
:10D80000310800243208002434080024C801002410
:10D81000C6010024848E00240548007828B10448FD
:10D820000078062801D0012070470020FCE70000A6
:10D830002008002400200C4908700C4908609FED66
:10D840000C0A0C4880ED000A9FED090A0A4880ED99
:10D85000000A002009490870094908700949087040
:10D8600009490860704700002008002424080024AB
:10D8700000000000280800242C08002430080024A0
:10D8800031080024320800243408002410B566480A
:10D89000007808287CD2DFE800F004162E3D597C81
:10D8A0008D9C0120614908706148D0ED010AB0EEFD
:10D8B000600A09F06BFA09F066F95E490860012018
:10D8C00059490870ADE05A48D0ED010AB0EE600A3F
:10D8D00009F05CFA09F057F956490968401A5449A9
:10D8E0000968884206D39FED540A09F04FFA0220D6
:10D8F0004D49087095E09FED500A09F047FA012064
:10D9000009F058FA03204849087009F03CF94949E0
:10D91000086086E09FED480A09F038FA09F033F90B
:10D9200044490968401A4249896888420DD34048F1
:10D93000D0ED050AB0EE600A09F028FA09F023F9E3
:10D940003C4908600420384908706AE03848D0ED46
:10D95000050AB0EE600A09F019FA09F014F9354920
:10D960000968401A3249C968884210D39FED320ACB
:10D9700009F00CFA002009F01DFA01202F49087067
:10D9800005202949087009F0FEF82A49086048E096
:10D990003EE09FED290A09F0F9F909F0F4F825496C
:10D9A0000968401A22490969884202D306201E49A3
:10D9B000087036E01E48D0ED070AB0EE600A09F0A4
:10D9C000E5F909F0E0F81B490860072016490870DE
:10D9D00027E01748D0ED070AB0EE600A09F0D6F943
:10D9E00009F0D1F813490968401A11498969884238
:10D9F0000DD39FED110A09F0C9F9002010490870F4
:10DA00000A490870FFF7FAF900200749087008E092
:10DA1000002006490870FFF7F1F90020024908705C
:10DA200000BF00BF10BD0000D2060024380700244C
:10DA30006C0700243808002400000000B002002415
:10DA40003A0300240148007870470000380700249A
:10DA500010B505480AF09AF904480AF07FF804481E
:10DA60000AF0D6FA10BD00007003002478030024E9
:10DA70007D03002410B516480AF088F915480AF00D
:10DA80006DF815480AF0C4FA1E211448F2F7E8FCB4
:10DA9000134800210160818081714B211148F2F708
:10DAA000DFFC002010490870104908701049087008
:10DAB0001049087010490860104908601049086052
:10DAC00010490860104908601049086010BD000046
:10DAD00070030024780300247D030024CB7100240C
:10DAE0008503002480710024820300248403002421
:10DAF000830300248C030024900300249403002457
:10DB0000980300249C030024A0030024A403002401
:10DB10001FB5044602AA21460E480AF005F918B1BD
:10DB200002A809F037FF1FBD01AA21460A4809F0E3
:10DB3000E7FF18B101A809F077FFF4E76A4621462C
:10DB400006480AF037FA10B1684609F095FF00BFA1
:10DB5000E9E7000070030024780300247D0300241B
:10DB600010B5FFF775FF00F01FF800F053F800F054
:10DB700001F810BD10B5064906480AF010F906492B
:10DB800006480AF00CF9064906480AF008F910BDE3
:10DB9000D8030024600D0024D9030024880E00243B
:10DBA000DA0300241C0F002410B502480AF09CF987
:10DBB00010BD0000AF03002410B509480AF094F925
:10DBC00008480021017008480160818081710020AF
:10DBD00006490870064908600649086010BD000043
:10DBE000AF030024B4030024A8030024B5030024D9
:10DBF000B8030024BC03002438B504466A46214615
:10DC000003480AF043F910B168460AF005F938BD37
:10DC1000AF03002410B502480AF0FAF910BD000065
:10DC2000C703002410B508480AF0F2F9074800219C
:10DC300001608180817100200549087005490860F4
:10DC40000549086010BD0000C7030024C00300247C
:10DC5000CD030024D0030024D403002438B50446A7
:10DC60006A46214603480AF0A5F910B168460AF051
:10DC700069F938BDC70300242DE9F04104460E467A
:10DC800000275548006800F00300032802D1012056
:10DC9000BDE8F08150482838006820F080604E4987
:10DCA00028390860F8F7D6FC054606E0F8F7D2FCFC
:10DCB000401B022801D90320EAE7474828380068BA
:10DCC000C0F3C0600028F1D100BF4348006820F4D1
:10DCD0007C30216840EA01303F490860A088401E3E
:10DCE000C0F30800A168491E4FF47E4202EA4121B8
:10DCF0000843A189491ED20102EA01410843217C5F
:10DD0000491E120202EA01610843334910310860DA
:10DD100000BF3148001D006820F0C0006169084361
:10DD20002D49091D08600846006820F02000A169FF
:10DD300008432949091D08600846006820F01000C2
:10DD400008602548143000684FF6F8718843E1698F
:10DD500040EAC1002049143108601F48001D0068D6
:10DD600040F010001C49091D08602EB908460068E3
:10DD700040F40020086012E0012E08D11648001D72
:10DD8000006840F480101449091D086007E012483B
:10DD9000001D006840F400100F49091D08600E487E
:10DDA0002838006840F080600B4928390860F8F78F
:10DDB00051FC054606E0F8F74DFC401B022801D94E
:10DDC000032065E7044828380068C0F3C0600028D5
:10DDD000F1D038465CE70000284402582DE9F041B4
:10DDE00004460E4600275548006800F0030003284B
:10DDF00002D10120BDE8F08150482838006820F0A9
:10DE000080504E4928390860F8F724FC054606E0A2
:10DE1000F8F720FC401B022801D90320EAE7474815
:10DE200028380068C0F340700028F1D100BF434893
:10DE3000006820F07C70218840EA01503F4908606A
:10DE4000A088401EC0F30800A168491E4FF47E421E
:10DE500002EA41210843A189491ED20102EA014197
:10DE60000843217C491E120202EA0161084333493A
:10DE70001831086000BF3148001D006820F4406080
:10DE8000616908432D49091D08600846006820F4AF
:10DE90000070A16908432949091D08600846006807
:10DEA00020F48070086025481C3000684FF6F87137
:10DEB0008843E16940EAC10020491C3108601F48DD
:10DEC000001D006840F480701C49091D08602EB9CF
:10DED0000846006840F48000086012E0012E08D176
:10DEE0001648001D006840F400001449091D086030
:10DEF00007E01248001D006840F080700F49091DBE
:10DF000008600E482838006840F080500B492839D6
:10DF10000860F8F79FFB054606E0F8F79BFB401BFF
:10DF2000022801D9032065E7044828380068C0F3B7
:10DF300040700028F1D038465CE7000028440258C1
:10DF400000B970470021024A117000BFF9E70000D4
:10DF50006F03002401460748007808B90120704784
:10DF600005480068081AB0F5C87F01D20120F6E71D
:10DF70000020F4E74A0300244003002410B5F8F71A
:10DF800069FB04460A48046000200A4908600A49FF
:10DF900008700A49087001200949087000200949E1
:10DFA0000870094981F82100012081F8200010BD86
:10DFB00040030024440300244803002449030024B0
:10DFC0004A0300244B0300244C03002470B504468C
:10DFD0000D46F8F73FFB064604B970BD3046FFF723
:10DFE000B9FFC8B105F00C00A8B92B4806602B4852
:10DFF0000078FF2804D229480078401C274908707F
:10E000002648007884F8210024480078052802D3A7
:10E01000002084F82000E0E705F00C00D0B1204893
:10E020008068401C1E4988601E480078FF2804D282
:10E030001C480078401C1B490870002017490870D4
:10E0400084F82100174800780C2802D3012084F8B6
:10E050002000C2E700201349087010480078FF280C
:10E0600004D20E480078401C0C4908700A4806602B
:10E0700000200D4908700948007884F8210094F8C0
:10E08000200018B105480078052802D3002084F844
:10E09000200000BFA1E7000044030024490300243E
:10E0A00070710024480300244B03002470B504461B
:10E0B0000D46002604B105B970BD6078A17840EA2C
:10E0C0000120C0F30A002880A078C010E17840EA5F
:10E0D0004110C0F30A006880E0788011217940EA9D
:10E0E0008100617940EA8120C0F30A00A88060794C
:10E0F0004010A17940EAC110C0F30A00E880A0797D
:10E100000011E17940EA0110C0F30A002881E079AA
:10E11000C011217A40EA4100617A40EA4120C0F30F
:10E120000A006881607A8010A17A40EA8110C0F309
:10E130000A00A881A07A4011E17A40EAC100E88192
:10E14000207B617B40EA0120C0F30A002882607BCB
:10E15000C010A17B40EA4110C0F30A006882A07B96
:10E160008011E17B40EA8100217C40EA8120C0F3FC
:10E170000A00A882207C4010617C40EAC110C0F3F4
:10E180000A00E882607C0011A17C40EA0110C0F323
:10E190000A002883A07CC011E17C40EA4100217D77
:10E1A00040EA4120C0F30A006883207D8010617D31
:10E1B00040EA8110C0F30A00A883607D4011A17D70
:10E1C00040EAC100E883E67D31462846FFF7FEFEBF
:10E1D00000BF71E730B501460A461378521C147827
:10E1E00043EA042030BD0000002400BFF8F732FAF3
:10E1F000001BC82804D3F8F72DFA0446FDF704FBEA
:10E20000FDF704FAFDF73CFC09F0C4FF05461822AF
:10E2100029460A48F2F70BF90848303890ED0F0A02
:10E2200080ED090A90ED100A80ED0A0A90ED110ABE
:10E2300080ED0B0A022008F097FCD7E7F470002469
:10E2400000BF012008F090FCFBE710B5F4F7D0F90F
:10E250000520F7F7E3F8FDF719FB0520F7F7DEF8DF
:10E26000FDF750FC0520F7F7D9F804F041FA052036
:10E27000F7F7D4F810BD70B504460D4604B115B9D2
:10E280000120606070BD607F062802DB02206060B4
:10E29000F8E7002010E004F1200151F82010A94215
:10E2A00005D004F13801095CAA7F914202D1032113
:10E2B0006160E7E7411CC8B2617F8142EBDC617FAE
:10E2C00004F1200040F82150A97F627F183081546A
:10E2D000607F401C60772846A968884700206060FE
:10E2E00000BFCFE710B50A4602770E4981600E499C
:10E2F000C1600E4901610E4941610E4981610E49BB
:10E300004164002108E0002400F1200343F821408B
:10E3100018335C544B1CD9B20629F4DB0021417739
:10E3200010BD00003DE300084FE30008A50D000804
:10E330008F0D0008850D000877E2000870B50446CF
:10E3400025462046F2F726FD0020207070BD70B5EE
:10E35000044625462046F2F722FD70BD10B54FF069
:10E36000E02000690BF04CF8012801D00AF0DEFD36
:10E3700010BD000000B59DB04C210AA8F2F770F85E
:10E38000202102A8F2F76CF80220F9F7CDF900BFBE
:10E39000002001902548006820F44040234908608F
:10E3A0000846006800F44040019000BF00BF00BF75
:10E3B0001E48006800F40050B0F5005FF8D121203D
:10E3C0000A904FF480300B9001201090022013909F
:10E3D00002211491159128211691012117910421F0
:10E3E0001891022119910C211A9100211B911C9165
:10E3F0000AA8FAF79FFD08B1F5F77DF83F200290D3
:10E4000003200390002004900820059040200690EF
:10E4100007900001089040200990032102A8FAF714
:10E4200063FA08B1F5F767F81DB000BD1848025847
:10E430003A48006840F4700038490860384800687D
:10E4400000F00F00072806D23548006820F00F00C2
:10E45000C01D334908603348006840F0010031496D
:10E46000086000202F49103108602E4800682E49AE
:10E4700008402C4908602A48006800F00F0007286F
:10E4800006D92748006820F00F00C01D2449086005
:10E490000020244918310860091D0860091D086022
:10E4A00022482049283108602148091D0860214878
:10E4B000091D08600020091D08601E48091D08602C
:10E4C0000020091D08601B48091D08600020091D67
:10E4D00008601448006820F4802012490860002079
:10E4E0001049603108600F48D430006800F4805053
:10E4F00098B90C48D430006840F480500949D431B0
:10E50000086043F2D2000C4908600648D430006825
:10E5100020F480500349D4310860704788ED00E052
:10E5200000200052004402587FEDF6EA0002020289
:10E530000000FF01800201010040005210B50748B1
:10E540000068006900F0010020B16FF0010003498C
:10E55000096808610148FBF718FB10BDEC0B0024AB
:10E5600010B50248FBF711FB10BD0000A0100024FD
:10E5700010B502682E4B98420ED0B0F1804F0BD0F0
:10E580002C4B984208D02C4B984205D02B4B9842EC
:10E5900002D02B4B984203D122F070024B681A43F1
:10E5A000234B98421DD0B0F1804F1AD0214B984296
:10E5B00017D0214B984214D0204B984211D0204BB9
:10E5C00098420ED01F4B98420BD01F4B984208D058
:10E5D0001E4B984205D01E4B984202D01D4B9842CC
:10E5E00003D122F44072CB681A4322F080034C69B5
:10E5F00043EA04028B68C3620B6883620C4B984247
:10E600000BD00F4B984208D00E4B984205D00E4BC2
:10E61000984202D00D4B984201D10B690363036805
:10E6200043F00403036001234361026010BD000056
:10E63000000001400004004000080040000C0040C1
:10E6400000040140004001400044014000480140F6
:10E6500000E0004000E4004030B501F01F05012457
:10E6600004FA05F3046A9C430462046A01F01F057E
:10E6700002FA05F52C43046230BD30B50C468168C2
:10E6800021F47F4142EA032525432943816030BDBF
:10E690000A468168034B194042F007031943816021
:10E6A000704700008FFFCFFF30B5026A056A25F082
:10E6B0000105056243688469214D2C4024F0030460
:10E6C0000D682C4322F002028D682A431D4DA8429A
:10E6D00000D10FE01C4DA84200D10BE01B4DA84219
:10E6E00000D107E01A4DA84200D103E0194DA8421D
:10E6F00008D100BF056A25F00405056222F0080272
:10E70000CD682A430F4DA8420BD00F4DA84208D028
:10E710000E4DA84205D00E4DA84202D00D4DA84284
:10E7200007D123F4807323F400734D692B438D6963
:10E730002B43436084614D684563026230BD000035
:10E740008FFFFEFF00000140000401400040014037
:10E75000004401400048014030B5026A056A25F0D6
:10E760001005056243688469234D2C4024F44074ED
:10E770000D6844EA052422F020028D6842EA051261
:10E780001E4DA84200D10FE01D4DA84200D10BE064
:10E790001C4DA84200D100BF1B4DA84200D100BFB4
:10E7A0001A4DA84209D108E0056A25F04005056226
:10E7B00022F08002CD6842EA0512104DA8420BD02B
:10E7C0000F4DA84208D00F4DA84205D00E4DA842CB
:10E7D00002D00E4DA84209D123F4806323F40063D4
:10E7E0004D6943EA85038D6943EA8503436084618B
:10E7F0004D688563026230BDFF8FFFFE000001405F
:10E800000004014000400140004401400048014034
:10E8100030B5026A056A25F4807505624368C469EB
:10E82000234D2C4024F003040D682C4322F4007285
:10E830008D6842EA05221F4DA84200D10FE01E4D0F
:10E84000A84200D10BE01D4DA84200D100BF1C4DD5
:10E85000A84200D100BF1B4DA84209D108E0056ABB
:10E8600025F48065056222F40062CD6842EA052243
:10E87000104DA8420BD0104DA84208D00F4DA84211
:10E8800005D00F4DA84202D00E4DA84209D123F465
:10E89000805323F400534D6943EA05138D6943EA1D
:10E8A00005134360C4614D68C563026230BD00005A
:10E8B0008FFFFEFF000001400004014000400140C6
:10E8C000004401400048014030B5036A056A25F460
:10E8D000805505624468C269124D2A4022F4407294
:10E8E0000D6842EA052223F400538D6843EA05339C
:10E8F0000D4DA8420BD00D4DA84208D00C4DA8429A
:10E9000005D00C4DA84202D00B4DA84204D124F4EE
:10E9100080444D6944EA85144460C2614D680564D1
:10E92000036230BDFF8FFFFE000001400004014084
:10E9300000400140004401400048014030B5026AF7
:10E94000056A25F4803505624368446D114D2C40FD
:10E950000D682C4322F400320D8942EA05420E4D27
:10E96000A8420BD00D4DA84208D00D4DA84205D0AD
:10E970000C4DA84202D00C4DA84204D123F48033A0
:10E980004D6943EA0523436044654D68856502622D
:10E9900030BD00008FFFFEFF000001400004014079
:10E9A00000400140004401400048014030B5026A87
:10E9B000056A25F4801505624368446D114D2C40AD
:10E9C0000D6844EA052422F400120D8942EA05523A
:10E9D0000D4DA8420BD00D4DA84208D00C4DA842B9
:10E9E00005D00C4DA84202D00B4DA84204D123F40F
:10E9F00080234D6943EA8523436044654D68C565BE
:10EA0000026230BDFF8FFFFE0000014000040140A4
:10EA100000400140004401400048014030B50B4631
:10EA20001446026A056A25F001050562114DA842E7
:10EA300000D10FE0104DA84200D10BE00F4DA842CD
:10EA400000D107E00E4DA84200D103E00D4DA842D1
:10EA500004D100BF056A25F004050562816921F033
:10EA6000F00141EA041122F00A021A4381610262B4
:10EA700030BD0000000001400004014000400140A2
:10EA8000004401400048014030B50B461446026A7C
:10EA9000056A25F010050562114DA84200D10FE06E
:10EAA000104DA84200D10BE00F4DA84200D100BF8D
:10EAB0000E4DA84200D100BF0D4DA84204D103E085
:10EAC000056A25F040050562816921F4704141EA3B
:10EAD000043122F0A00242EA03128161026230BDD9
:10EAE000000001400004014000400140004401409A
:10EAF0000048014070B529480068401C274908605B
:10EB000000BF27480068C46904F02E0000B93DE04A
:10EB100004F0080040B121480069401C1F49086109
:10EB200008201F490968086204F02000D0B11C4881
:10EB30000068406AC5B204F0020040B1174840695D
:10EB4000401C16494861022015490968086204F012
:10EB5000040018B104201249096808622846FCF72D
:10EB60007DFFCEE704F0020040B10C484069401C34
:10EB70000A49486102200A490968086204F0040051
:10EB800018B10420064909680862BAE700BF0448C2
:10EB90000068C0690149086270BD0000C08E002491
:10EBA000380C002410B50248FBF7EAFE10BD000047
:10EBB000CC0C002470B5456E2DB90125A0F86A5023
:10EBC000A0F868501CE0102310240568AD68C5F358
:10EBD00042610568AD686A0F0A4DAD5C15FB04F52E
:10EBE000094EB65C95FBF6F5A0F86A50054D6D5CD4
:10EBF00015FB03F5044E765C95FBF6F5A0F868501E
:10EC000070BD000074AF01087CAF010890F82810B7
:10EC100001F00801082907D10168496821F4004181
:10EC2000826B11430268516090F8281001F00101D5
:10EC300039B10168496821F40031C26A11430268A0
:10EC4000516090F8281001F00201022907D10168F3
:10EC5000496821F48031026B11430268516090F8D9
:10EC6000281001F00401042907D10168496821F442
:10EC70008021426B11430268516090F8281001F026
:10EC80001001102907D10168896821F48051C26BF5
:10EC900011430268916090F8281001F020012029AA
:10ECA00007D10168896821F40051026C11430268A0
:10ECB000916090F8281001F04001402913D10168BB
:10ECC000496821F48011426C114302685160416C23
:10ECD000B1F5801F07D10168496821F4C001826C39
:10ECE00011430268516090F8281001F080018029DA
:10ECF00007D10168496821F40021C26C1143026800
:10ED00005160704738B504460020C4F89000F7F70A
:10ED1000A1FC05462068006800F00800082821D101
:10ED20006FF07E402B4600224FF4001100902046E9
:10ED300000F076FFB0B100BF00BF216851E8001FAE
:10ED400021F08000226842E800010029F5D100BFCF
:10ED50002020C4F8880000BF002084F8840000BF91
:10ED6000032038BD2068006800F00400042830D17A
:10ED70006FF07E402B4600224FF480010090204629
:10ED800000F04EFF28B300BF00BF216851E8001F0C
:10ED900021F49070226842E800010029F5D100BFFB
:10EDA00000BF00BF2168083151E8001F21F00100B9
:10EDB0002168083141E80002002AF3D100BF202079
:10EDC000C4F88C0000BF002084F8840000BF03203A
:10EDD000C7E72020C4F88800C4F88C000020E06653
:10EDE000206700BF84F8840000BF00BFB9E770B59A
:10EDF0000446A56B2846FBF7A3FD70BD00BF00BF0E
:10EE0000026852E8002F22F49071036843E8001270
:10EE1000002AF5D100BF00BF00BF0268083252E8E7
:10EE2000002F104B02EA03010268083242E8001387
:10EE3000002BF2D100BFC16E01290CD100BF00BF71
:10EE4000026852E8002F22F01001036843E8001224
:10EE5000002AF5D100BF2021C0F88C100021C16626
:10EE600041677047FEFFFFEF10B5044600BF00BFCB
:10EE7000216851E8001F21F04000226842E80001AB
:10EE80000029F5D100BF2020C4F888000020A06729
:10EE90002046FCF789FB10BD2DE9F0410446B4F88B
:10EEA0006070D4F88C0022286ED12068406A86B247
:10EEB000A56D06EA07002880A06D801CA065B4F847
:10EEC0005E00401EA4F85E00B4F85E00002861D128
:10EED00000BF00BF216851E8001F21F49070226834
:10EEE00042E800010029F5D100BF00BF00BF216842
:10EEF000083151E8001F21F001002168083141E884
:10EF00000002002AF3D100BF2020C4F88C000020AA
:10EF10006067206720492068884211D020684068D7
:10EF200000F4000060B100BF00BF216851E8001F7D
:10EF300021F08060226842E800010029F5D100BF7D
:10EF4000E06E01281CD10020E06600BF00BF2168F0
:10EF500051E8001F21F01000226842E8000100295A
:10EF6000F5D100BF2068C069C0F3001010B11020B7
:10EF700021680862B4F85C102046FBF729F909E023
:10EF80002046FCF771FA05E02068806940F008002F
:10EF900021688861BDE8F081000C00582DE9F84F28
:10EFA0000446B4F860B02068C56920680068009025
:10EFB0002068D0F808A0D4F88C0022287ED1B4F8BC
:10EFC0006890AEE02068406A1FFA80F8A76D08EAF2
:10EFD0000B003880A06D801CA065B4F85E00401E58
:10EFE000A4F85E002068C56905F00700B0B305F01D
:10EFF000010060B1009800F4807040B101202168E8
:10F000000862D4F8900040F00100C4F8900005F0C8
:10F01000020058B10AF0010040B1022021680862E4
:10F02000D4F8900040F00400C4F8900005F004000B
:10F0300058B10AF0010040B1042021680862D4F8F8
:10F04000900040F00200C4F89000D4F8900028B17D
:10F050002046FBF775FC0020C4F89000B4F85E0071
:10F0600000285ED100BF00BF216851E8001F21F4D5
:10F070008070226842E800010029F5D100BF00BF7E
:10F0800000BF2168083151E8001F414A01EA02002F
:10F090002168083141E80002002AF2D100BF202097
:10F0A000C4F88C000020606720673A4920688842D5
:10F0B00013D02068406800F4000000E05FE060B119
:10F0C00000BF00BF216851E8001F21F08060226866
:10F0D00042E800010029F5D100BFE06E01281CD1F3
:10F0E0000020E06600BF00BF216851E8001F21F04A
:10F0F0001000226842E800010029F5D100BF206815
:10F10000C069C0F3001010B1102021680862B4F883
:10F110005C102046FBF75CF802E02046FCF7A4F9FF
:10F1200007E0B9F1000F04D005F0200000287FF4BB
:10F1300049AF00BFB4F85E6006B3B4F86800B042EF
:10F1400023DD00BF00BF2168083151E8001F21F016
:10F1500080502168083141E80002002AF3D100BF45
:10F160000D48606700BF00BF216851E8001F41F0F3
:10F170002000226842E800010029F5D105E020685E
:10F18000806940F0080021688861BDE8F88F0000C0
:10F19000FEFFFFEF000C005899EE000870B5044622
:10F1A000B4F86060D4F88C0022286FD12068406ADF
:10F1B00085B2F0B22840A16D0870A06D401CA0651A
:10F1C000B4F85E00401EA4F85E00B4F85E000028AB
:10F1D00062D100BF00BF216851E8001F21F4907088
:10F1E000226842E800010029F5D100BF00BF00BF3E
:10F1F0002168083151E8001F21F001002168083121
:10F2000041E80002002AF3D100BF2020C4F88C009E
:10F2100000206067206721492068884211D020685B
:10F22000406800F4000060B100BF00BF216851E8F1
:10F23000001F21F08060226842E800010029F5D11A
:10F2400000BFE06E01281CD10020E06600BF00BFB7
:10F25000216851E8001F21F01000226842E80001F7
:10F260000029F5D100BF2068C069C0F3001010B1BB
:10F27000102021680862B4F85C102046FAF7A8FF55
:10F280000AE02046FCF7F0F806E0FFE72068806916
:10F2900040F008002168886170BD0000000C005833
:10F2A0002DE9F05F0446B4F860A02068C5692068C5
:10F2B000D0F800B02068D0F80890D4F88C0022284C
:10F2C0007ED1B4F86880ADE02068406A87B20AF069
:10F2D000FF003840A16D0870A06D401CA065B4F817
:10F2E0005E00401EA4F85E002068C56905F00700B6
:10F2F000A8B305F0010058B10BF4807040B10120B3
:10F3000021680862D4F8900040F00100C4F8900031
:10F3100005F0020058B109F0010040B10220216857
:10F320000862D4F8900040F00400C4F8900005F0A2
:10F33000040058B109F0010040B1042021680862BE
:10F34000D4F8900040F00200C4F89000D4F8900087
:10F3500028B12046FBF7F4FA0020C4F89000B4F876
:10F360005E0000285ED100BF00BF216851E8001F89
:10F3700021F48070226842E800010029F5D100BF25
:10F3800000BF00BF2168083151E8001F404A01EA70
:10F3900002002168083141E80002002AF2D100BFD2
:10F3A0002020C4F88C00002060672067394920685D
:10F3B000884213D02068406800F4000070B100E07B
:10F3C0005EE000BF00BF216851E8001F21F08060AF
:10F3D000226842E800010029F5D100BFE06E012853
:10F3E0001CD10020E06600BF00BF216851E8001F6B
:10F3F00021F01000226842E800010029F5D100BF89
:10F400002068C069C0F3001010B1102021680862A4
:10F41000B4F85C102046FAF7DBFE02E02046FCF769
:10F4200023F807E0B8F1000F04D005F02000002811
:10F430007FF44AAF00BFB4F85E6006B3B4F868006A
:10F44000B04223DD00BF00BF2168083151E8001F32
:10F4500021F080502168083141E80002002AF3D1F0
:10F4600000BF0D48606700BF00BF216851E8001F62
:10F4700041F02000226842E800010029F5D105E0B2
:10F480002068806940F0080021688861BDE8F09F2D
:10F49000FEFFFFEF000C00589DF100082DE9F04F32
:10F4A00089B0054600200890F8492868884200D1B4
:10F4B00000E000BF2969A868084369690843E96951
:10F4C00040EA010828680068F149084040EA08005D
:10F4D000296808602868406820F44050E9680843BB
:10F4E00029684860D5F81880E8492868884202D021
:10F4F000286A40EA080828688068E649084040EA27
:10F500000800296888602868C06A20F00F00696ACE
:10F5100008432968C86200BFDF492868884220D1B3
:10F52000DE48006800F03800182811D005DC48B12A
:10F53000082809D0102811D108E020280AD028284E
:10F540000CD109E001240BE0042409E0082407E0C1
:10F55000102405E0202403E0402401E0802400BFC3
:10F5600042E1CF492868884219D1CC48006800F0B0
:10F570000700062810D2DFE800F0030507090B0D8D
:10F5800000240BE0042409E0082407E0102405E02F
:10F59000202403E0402401E0802400BF24E1C1498D
:10F5A0002868884219D1BD48006800F00700062885
:10F5B00010D2DFE800F0030507090B0D00240BE073
:10F5C000042409E0082407E0102405E0202403E0D7
:10F5D000402401E0802400BF06E1B3492868884246
:10F5E00019D1AE48006800F00700062810D2DFE805
:10F5F00000F0030507090B0D00240BE0042409E0CB
:10F60000082407E0102405E0202403E0402401E062
:10F61000802400BFE8E0A5492868884219D19F48A6
:10F62000006800F00700062810D2DFE800F00305AC
:10F6300007090B0D00240BE0042409E0082407E06F
:10F64000102405E0202403E0402401E0802400BFD2
:10F65000CAE097492868884220D19048006800F0A5
:10F660003800182811D005DC48B1082809D0102826
:10F6700011D108E020280AD028280CD109E0012463
:10F680000BE0042409E0082407E0102405E020240E
:10F6900003E0402401E0802400BFA5E085492868FC
:10F6A000884219D17D48006800F00700062810D272
:10F6B000DFE800F0030507090B0D00240BE004242C
:10F6C00009E0082407E0102405E0202403E040249A
:10F6D00001E0802400BF87E077492868884219D17B
:10F6E0006E48006800F00700062810D2DFE800F03E
:10F6F000030507090B0D00240BE0042409E008248E
:10F7000007E0102405E0202403E0402401E08024E9
:10F7100000BF69E069492868884220D15F480068D5
:10F7200000F03800182811D005DC48B1082809D0AD
:10F73000102811D108E020280AD028280CD109E08F
:10F7400001240BE0042409E0082407E0102405E06C
:10F75000202403E0402401E0802400BF44E0584915
:10F760002868884220D14D48006800F038001828E9
:10F7700011D005DC48B1082809D0102811D108E0C3
:10F7800020280AD028280CD109E001240BE0042409
:10F7900009E0082407E0102405E0202403E04024C9
:10F7A00001E0802400BF1FE03849286888421AD150
:10F7B0003A48001D006800F00700062810D2DFE874
:10F7C00000F0030507090B0D02240BE0042409E0F7
:10F7D000082407E0102405E0202403E0402401E091
:10F7E000802400BF00E0802400BF284928688842A8
:10F7F0004BD1102C1AD006DC022C09D0042C0BD0D3
:10F80000082C29D10DE0202C21D0402C24D120E03F
:10F81000F7F7C4FF064623E005A8F7F7D1FF069ED9
:10F820001EE002A8F8F7E4F8039E19E01B485438DC
:10F830000068C0F3401040B1184854380068C0F365
:10F84000C101204820FA01F600E01E4E08E01E4EDD
:10F8500006E04FF4004603E000260120089000BFB8
:10F8600000BF002E10D01949686A31F81000B6FBAD
:10F87000F0F9686800EB4000484503D86868000369
:10F88000484525D20120089007E153E0000C0058BC
:10F89000F369FFCFFFF4FF110010014054440258F8
:10F8A0000044004000480040004C00400050004030
:10F8B0000014014000780040007C00400018014026
:10F8C000001C01400090D00300093D005CAF01081E
:10F8D0007849686A31F810C06246002330461946FC
:10F8E000F0F774FD4FF4807C00220346A3FB0C0B61
:10F8F00001FB0CB103FB02136968490884461CEB49
:10F90000010143EB0200CDE90010D5F804C06246C6
:10F91000002308460199F0F759FD0746B7F5407FE7
:10F9200005D3B7F5801F02D22868C760B5E0012073
:10F930000890B2E0E869B0F5004F5BD1082C1AD00E
:10F9400005DC5CB1012C0DD0042C2DD10EE0102C67
:10F9500016D0202C23D0402C26D122E0F9F7B0F984
:10F96000064625E0F9F7BEF9064621E005A8F7F7B7
:10F9700027FF069E1CE002A8F8F73AF8039E17E05E
:10F980004D480068C0F3401038B14B480068C0F3E0
:10F99000C1014A4820FA01F600E0484E08E0484E0E
:10F9A00006E04FF4004603E000260120089000BF67
:10F9B00000BF7EB33F49686A31F81000B6FBF0F033
:10F9C0004000696800EB5100B0FBF1F7102F0ED337
:10F9D000B7F5803F0BD24FF6F07007EA000AC7F385
:10F9E00042004AEA000A2868C0F80CA055E001204D
:10F9F000089052E0082C1BD005DC64B1012C0ED01D
:10FA0000042C2ED10FE0102C17D0202C24D0402C09
:10FA100027D123E041E0F9F753F9064625E0F9F74D
:10FA200061F9064621E005A8F7F7CAFE069E1CE02C
:10FA300002A8F7F7DDFF039E17E01F480068C0F338
:10FA4000401038B11C480068C0F3C1011B4820FABF
:10FA500001F600E0194E08E0194E06E04FF40046AA
:10FA600003E000260120089000BF00BFAEB111499D
:10FA7000686A31F81000B6FBF0F0696800EB5100DD
:10FA8000B0FBF1F7102F06D3B7F5803F03D2B8B221
:10FA90002968C86001E0012008900120A5F86A00EB
:10FAA000A5F8680000206867A867089809B0BDE855
:10FAB000F08F00005CAF0108004402580090D003B2
:10FAC00000093D0030B503469965A3F85C20A3F812
:10FAD0005E200020586700BF9868B0F5805F0AD1AB
:10FAE000186920B940F2FF10A3F8600020E0FF2061
:10FAF000A3F860001CE0986848B9186918B9FF209D
:10FB0000A3F8600014E07F20A3F8600010E098687C
:10FB1000B0F1805F09D1186918B97F20A3F860009F
:10FB200006E03F20A3F8600002E00020A3F8600098
:10FB300000BF0020C3F890002220C3F88C0000BF53
:10FB400000BF1C68083454E8004F44F001001C68F2
:10FB5000083444E80005002DF3D100BF586EB0F121
:10FB6000005F2CD1B3F86800904228DC9868B0F5AB
:10FB7000805F04D1186910B92548586701E025480D
:10FB80005867186960B100BF00BF1C6854E8004F97
:10FB900044F480701D6845E80004002CF5D100BFD6
:10FBA00000BF00BF1C68083454E8004F44F0805088
:10FBB0001C68083444E80005002DF3D126E098685D
:10FBC000B0F5805F04D1186910B91348586701E097
:10FBD00012485867186960B100BF00BF1C6854E83C
:10FBE000004F44F490701D6845E80004002CF5D1E6
:10FBF0000CE000BF00BF1C6854E8004F44F0200038
:10FC00001D6845E80004002CF5D100BF002030BD80
:10FC10009DEF0008A1F2000899EE00089DF1000890
:10FC20002DE9F04104460D4617469846069E41E0F0
:10FC3000701C00283ED0F6F70DFDA0EB0800B04286
:10FC400000D816B90320BDE8F0812068006800F0F4
:10FC5000040070B3802D2DD0402D2BD02068C069BA
:10FC6000C0F3C00078B10820216808622046FFF781
:10FC7000C5F80820C4F8900000BF002084F8840074
:10FC800000BF0120DFE72068C069C0F3C02080B159
:10FC90004FF40060216808622046FFF7AFF820208B
:10FCA000C4F8900000BF002084F8840000BF032047
:10FCB000C9E7FFE72068C0692840A84201D10120B8
:10FCC00000E00020B842B3D00020BCE710B50248E5
:10FCD000FAF756FE10BD00001C0F002410B50248B4
:10FCE000FAF74EFE10BD0000600D002410B502486A
:10FCF000FAF746FE10BD0000F40D002410B50248CE
:10FD0000FAF73EFE10BD0000880E00242DE9F843EE
:10FD100004460E4617469846089D0120E0660020DE
:10FD20002067A4F85C502068806840F0400021689B
:10FD300088602068006840F0100021680860434631
:10FD40003A46314602480095F3F794FDBDE8F88342
:10FD5000B00F00242DE9F04104460D46D4F8C872D6
:10FD600004F53070D4F8D41250F8210010B90320F3
:10FD7000BDE8F08104F53070D4F8D41250F8216059
:10FD800005F00F0000EB800104F1140050F8210091
:10FD900028B305F00F0000EB800104F1140050F8C7
:10FDA000211005F00F0000EBC00207F1140000EB7A
:10FDB00082008068B1FBF0F200FB121078B90021DC
:10FDC00005F00F0000EB800204F1140040F822104F
:10FDD00000231A462946204601F062F917E0002068
:10FDE000C6F8140204F53170D4F8D41250F821008A
:10FDF000006960B1D6F8080204F53171D4F8D42254
:10FE000051F822102A460B6906F504719847002024
:10FE1000AEE770B504460E4604F53070D4F8D4123F
:10FE200050F82150D4F8D41250F8210008B903201A
:10FE300070BD3146204600F085FFC5F80C02D5F8AC
:10FE4000040204F53171D4F8D43251F82310CA6891
:10FE500005F5037190470020EAE7000070B50446FD
:10FE60000D4630480178204600F036FE00212D482E
:10FE7000007800F00F0000EB800204F1140000EBAA
:10FE80008200C17328480178204600F025FE002139
:10FE90002548007800F00F0000EB800204F5AA70FE
:10FEA00000EB8200C17321480178204600F014FE67
:10FEB00000211E48007800F00F0000EB800204F1E2
:10FEC000140000EB8200C1731848007800F00F00A6
:10FED00000EB800204F1140000EB8200816004F565
:10FEE0003070D4F8D41250F82100C8B104F5317143
:10FEF000D4F8D42251F822104868804704F53071B4
:10FF0000D4F8D42251F8220001F0F6FB002104F5C8
:10FF10003070D4F8D42240F822100020C4F8BC027B
:10FF2000002070BDFF04002400050024010500240A
:10FF300070B5044604F53070D4F8D41250F821504E
:10FF40000DB9032070BD04F53170D4F8D41250F807
:10FF5000210098B195F80002FF280FD095F80122F2
:10FF600095F8000204F53171D4F8D46251F82610E6
:10FF70008B6829469847FF2085F800020020E1E7BA
:10FF800001460A20088001487047000078040024D8
:10FF90002DE9F041044682210D4800F031FC054670
:10FFA00001210B4800F02CFC06468121084800F096
:10FFB00027FC07460DB11020A8710EB14020B0807B
:10FFC0000FB14020B880432020800148BDE8F08177
:10FFD000BC0400242DE9F041044682210E4800F0C3
:10FFE0000FFC054601210C4800F00AFC0646812161
:10FFF000094800F005FC07460DB11020A87116B1A4
:020000040801F1
:100000004FF40070B08017B14FF40070B8804320F7
:1000100020800148BDE8F081BC0400242DE9F041B6
:10002000044682210D4800F0EBFB054601210B48F8
:1000300000F0E6FB06468121084800F0E1FB074698
:100040000DB11020A8710EB14020B0800FB140203A
:10005000B880432020800148BDE8F081BC04002422
:1000600070B504460E464FF4077001F047FB054695
:1000700045B9002104F53070D4F8D42240F822109C
:10008000022070BD4FF407712846F0F7E9F904F536
:100090003070D4F8D41240F82150D4F8D41250F86B
:1000A0002100C4F8BC02207C98BB4FF400730222EC
:1000B00050480178204600F0EBFE01214D480078C1
:1000C00000F00F0000EB800204F1140000EB82004E
:1000D000C1734B02022248480178204600F0D8FE46
:1000E00001214548007800F00F0000EB800204F584
:1000F000AA7000EB8200C17310214048007800F024
:100100000F0000EB800204F1140000EB820081601C
:1001100032E0FFE74023022236480178204600F013
:10012000B7FE01213348007800F00F0000EB800299
:1001300004F1140000EB8200C173402302222E4818
:100140000178204600F0A4FE01212B48007800F041
:100150000F0000EB800204F5AA7000EB8200C1736F
:1001600010212648007800F00F0000EB800204F117
:10017000140000EB82008160082303221F480178ED
:10018000204600F085FE01211C48007800F00F0099
:1001900000EB800204F1140000EB8200C173002028
:1001A000C5F8040204F53171D4F8D42251F82210B4
:1001B000086880470020C5F81402C5F81802D5F871
:1001C000040208B902205CE7207C48B94FF40073B0
:1001D000094801782046D5F8042200F071FE07E0B6
:1001E0004023054801782046D5F8042200F068FE37
:1001F000002046E7FF040024000500240105002438
:1002000070B5044604F53070D4F8D41250F821507B
:10021000D4F8D41250F8210008B9032070BD207C16
:1002200048B94FF40073094801782046D5F80422F4
:1002300000F046FE07E04023044801782046D5F848
:10024000042200F03DFE0020E8E700000005002445
:10025000024609B90320704702F53170D2F8D43252
:1002600040F823100020F6E710B5024602F5307082
:10027000D2F8D44250F824300BB9032010BDC3F893
:1002800004120020FAE730B503460C4603F530703F
:10029000D3F8D45250F8251009B9032030BDC1F865
:1002A0000842C1F810220020F8E72DE9FC4105467C
:1002B0000C4605F53070D5F8D41250F821600020B6
:1002C00001900090804616B90320BDE8FC8120789B
:1002D00000F0600000283DD020287CD1E08868B381
:1002E000207800F08000B8B1E288607805F53171BF
:1002F000D5F8D4C251F82C108B6831469847E08865
:10030000072801D9072000E0E08807463A46314631
:10031000284600F012F91CE0607886F80002E088B8
:10032000402801D2E08800E0402086F8010296F8DB
:1003300001223146284600F0DCF80AE0607805F535
:100340003171D5F8D42251F8221000228B68214651
:10035000984747E0607830B1012832D00A2813D09E
:100360000B282FD121E095F89C02032805D1022209
:100370006946284600F0E1F805E02146284600F0ED
:10038000ACF84FF0030824E095F89C02032805D14F
:10039000012201A9284600F0D0F805E021462846B0
:1003A00000F09BF84FF0030813E095F89C02032837
:1003B00005D02146284600F090F84FF0030808E0E9
:1003C00009E006E02146284600F087F84FF00308D0
:1003D00000BF00BF06E02146284600F07EF84FF03F
:1003E000030800BF00BF40466FE7000070B5054638
:1003F00005F53070D5F8D41250F8214001260CB91B
:10040000032070BDD4F81402C0B90120C4F814024E
:100410000B48007800F00F0000EB800205F114009B
:10042000D4F8101240F82210054801782846D4F874
:100430001032D4F8082200F033FE00263046E0E700
:10044000FF04002470B504460D460026D4F8B80217
:10045000294642682046904700B10326304670BDC9
:1004600070B504460D4694F89C02012804D0022879
:1004700003D003280CD101E000BF00BF6888012829
:1004800005D10020C4F8A402204600F068F804E07A
:100490002946204600F021F800BF00BF70BD02468B
:1004A0000020704702460020704770B506460C4693
:1004B00015462B4622460021304600F001FD002063
:1004C00070BD70B506460C4615462B4622460021E7
:1004D000304600F0E5FD002070BD70B504460D46C5
:1004E0008021204600F0ACFD0021204600F0A8FD50
:1004F00070BD70B504460E4615460320C4F894023C
:10050000C4F854514FF4B27006514FF4AC70055119
:100510002B4632460021204600F0D2FC002070BD60
:1005200010B504460520C4F8940200231A46194663
:10053000204600F0C5FC002010BD70B504460E46F4
:1005400015460220C4F8940265616662A5612B46D7
:1005500032460021204600F0A3FD002070BD10B5FA
:1005600004460420C4F8940200231A461946204683
:1005700000F096FD002010BD70B504460D46E888D9
:10058000012804D029462046FFF7A7FF1EE094F873
:100590009C02012804D0022803D0032810D109E0CE
:1005A00000BF0020A060012204F108012046FFF7EF
:1005B000C4FF0AE00122211D2046FFF7BEFF04E030
:1005C00029462046FFF789FF00BF00BF70BDF8B580
:1005D00004460E4600200090002700257088001277
:1005E000062874D006DC01281BD0022821D003285D
:1005F0006ED132E007286CD00F28F9D1D4F8B402BC
:10060000C06938B1207CD4F8B412CA6969469047F1
:10061000074605E031462046FFF75FFF681CC5B27C
:10062000CBE0207CD4F8B4120A68694690470746AC
:10063000C3E0207C40B9D4F8B802816A6846884794
:1006400007460220787007E0D4F8B802C16A68460D
:100650008847074602207870AFE0B07806287AD243
:10066000DFE800F00316293F5265D4F8B402406871
:1006700038B1207CD4F8B4124A68694690470746DE
:1006800005E031462046FFF728FF681CC5B269E047
:10069000D4F8B402806838B1207CD4F8B4128A68E7
:1006A00069469047074605E031462046FFF715FFAB
:1006B000681CC5B256E0D4F8B402C06850B1207CC2
:1006C000D4F8B412CA6869469047074608E04BE080
:1006D0006CE059E031462046FFF7FFFE681CC5B2CA
:1006E00040E0D4F8B402006938B1207CD4F8B412E8
:1006F0000A6969469047074605E031462046FFF7FC
:10070000ECFE681CC5B22DE0D4F8B402406938B1E3
:10071000207CD4F8B4124A6969469047074605E040
:1007200031462046FFF7D9FE681CC5B21AE0D4F85E
:10073000B402806940B1207CD4F8B4128A69694659
:100740009047074606E006E031462046FFF7C5FE23
:10075000681CC5B206E031462046FFF7BEFE681CA5
:10076000C5B200BF00BF28E0207C30B9D4F8B80281
:10077000416B68468847074605E031462046FFF74B
:10078000ACFE681CC5B218E0207C40B9D4F8B802B1
:10079000016B6846884707460720787005E03146B8
:1007A0002046FFF79AFE681CC5B206E03146204697
:1007B000FFF793FE681CC5B200BF00BF05B1F8BDCE
:1007C000F088C0B1BDF8000080B1F088BDF800101D
:1007D000884202DDBDF8000000E0F0880090BDF81E
:1007E000002039462046FFF7A8FE07E031462046A4
:1007F000FFF773FE02E02046FFF7B1FE00BFDEE721
:100800002DE9F84105460F462C462E464FF00008CC
:1008100070883178884218DD307800900FE06946A2
:10082000204600F020F804466078052807D1A0464D
:1008300098F80200B84200D106E04FF00008708836
:10084000BDF800108842EADC00BF4046BDE8F881F0
:10085000014600200A4602E0431CD8B2521C13781D
:10086000002BF9D1704710B5024610460B8804786A
:1008700023440B800378981810BD70B504460D46CC
:1008800094F89C02012804D0022803D003281AD12E
:1008900001E000BF00BFE888022804D029462046B6
:1008A000FFF71BFE14E00120E060D4F8A40218B1A9
:1008B000E06840F00200E060022204F10C012046F2
:1008C000FFF73BFE04E029462046FFF706FE00BF87
:1008D00000BF70BD2DE9F04107460D46904600244B
:1008E0000FB9BDE8F0813E463046FFF7B1FF022167
:1008F00001EB4000B0F5007F01D9080204E030466A
:10090000FFF7A6FF4000801CA8F8000098F8000040
:100910002855601CC4B203202855601CC4B208E0EE
:1009200030782855761C601CC4B200202855601C05
:10093000C4B230780028F3D100BFD2E701460020CE
:1009400031B1012906D0022906D0032908D105E0DA
:10095000002007E0032005E0012003E0032001E080
:10096000032000BF00BF704770B505460C462DB987
:100970002246064906A0FFF7ADFF04E022460349E0
:1009800003A0FFF7A7FF014870BD000068750024B1
:1009900043444320436F6E6669670000024612209D
:1009A00008800148704700001C04002470B505460B
:1009B0000C462DB92246064906A0FFF78BFF04E03E
:1009C0002246034903A0FFF785FF014870BD0000E0
:1009D0006875002443444320496E74657266616300
:1009E00065000000024604200880014870470000AE
:1009F0003C04002470B505460C462246024903A07B
:100A0000FFF768FF004870BD6875002453544D69B6
:100A100063726F656C656374726F6E6963730000F7
:100A200070B505460C462DB92246064906A0FFF7CB
:100A300051FF04E02246034903A0FFF74BFF0148A2
:100A400070BD00006875002453544D333220566940
:100A5000727475616C20436F6D506F72740000008A
:100A600070B505460C461A202080F2F7E9FE0148D1
:100A700070BD0000400400242DE9F04104460D46FD
:100A8000164614B90320BDE8F0810020C4F8B8026E
:100A9000C4F8C402C4F8D0020DB1C4F8B4520120A5
:100AA00084F89C022670204600F056F90746384626
:100AB000E9E72DE9F04104460D46002600272946C6
:100AC000D4F8C802F5F7E7FF06463046FFF736FFD1
:100AD00007463846BDE8F0812DE9F04104460D4651
:100AE000002600272946D4F8C802F5F79FFF0646DE
:100AF0003046FFF723FF07463846BDE8F0812DE971
:100B0000F04705460F469146002F5AD105F11404CF
:100B1000D5F8940202284AD1A1896068884213D985
:100B2000A1896068401A6060A18920690844206139
:100B3000284662682169FFF7C4FC00231A4619465B
:100B4000284600F0BDF932E0A0896168884217D1DB
:100B5000A1892068884213D32068D5F8981288426A
:100B60000ED2002211462846FFF7ABFC0020C5F844
:100B7000980200231A461946284600F0A1F916E00B
:100B800095F89C0203280BD1D5F8B802C06838B19B
:100B90000020C5F8D402D5F8B802C16828468847B5
:100BA0008021284600F04CFA2846FFF7B9FC95F85A
:100BB000A00250B3284600F0CAFA002085F8A0022F
:100BC00023E047F080012846FFF769FC0646FF2E28
:100BD0001BD0D6B995F89C02032816D105F52E70C6
:100BE00050F82600406980B1C5F8D46205F52E7032
:100BF00050F8260039464269284690478046B8F1A9
:100C0000000F02D04046BDE8F0870020FBE72DE949
:100C1000F04705460F4691464FF00008002F55D18A
:100C200005F5AA76D5F89402032873D1B1897068C6
:100C3000884214D9B1897068401A7060B1893069EE
:100C400008443061B3897068984201D9706800E047
:100C5000B089024628463169FFF727FC5AE095F82B
:100C6000AA0200F01F0020B1012804D0022812D1EE
:100C700009E0002411E040F2AE20415D2846FFF774
:100C800011FC044609E040F2AE20415D2846FFF722
:100C900006FC044601E0002400BF00BF94B995F8AB
:100CA0009C0203280ED105F52E7050F8240000692F
:100CB00040B1C5F8D44205F52E7050F82400016902
:100CC000284688472846FFF74AFC23E007F07F01C3
:100CD0002846FFF7E4FB0446FF2C1BD0D4B995F857
:100CE0009C02032810D105F52E7050F8240080696D
:100CF00050B1C5F8D44205F52E7050F8240039469D
:100D00008269284690478046B8F1000F02D04046DD
:100D1000BDE8F0870020FBE701460020704770B572
:100D200004460025012084F89C02D4F8B80238B1AA
:100D30002179D4F8B80242682046904700B10325D3
:100D4000284670BD70B504460D462946D4F8C80241
:100D5000F5F7DFFE70BD000010B5044620780128CD
:100D60002CD11748C0F8E044C4F8C802154814490B
:100D700008600920087102211148C17100218171A8
:100D80000221417200218172C17201738173C173AA
:100D90000174F6F749FB08B1F2F7ADFB4FF40071AF
:100DA0000748F5F7C8FD802200210548F5F7C8FD82
:100DB0004FF4BA7201210248F5F7C2FD002010BDC0
:100DC000688700240000044010B50246D2F8C832FB
:100DD00001F08000802809D101F07F0000EBC00401
:100DE00003F1140000EB8400807810BD01F07F0057
:100DF00000EBC00403F5157000EB84008078F4E785
:100E000070B504460D4604F52E70D4F8D41250F88F
:100E1000210008B9032070BD94F89C02032811D169
:100E200004F52E70D4F8D41250F82100006A48B1AD
:100E300004F52E70D4F8D41250F821002946026A25
:100E4000204690470020E6E770B504460D4604F5BD
:100E50002E70D4F8D41250F8210008B9032070BDC8
:100E600094F89C02032811D104F52E70D4F8D41202
:100E700050F82100406A48B104F52E70D4F8D4121D
:100E800050F821002946426A204690470020E6E7B4
:100E90002DE9F04704460F4615461E464FF0000860
:100EA000C1462B4632463946D4F8C802F5F73CFE17
:100EB00080464046FFF742FD81464846BDE8F08740
:100EC0002DE9F04704460D4616461F464FF0000830
:100ED000C1463B4632462946D4F8C802F5F76BFEB8
:100EE00080464046FFF72AFD81464846BDE8F08728
:100EF00070B504460025012084F89C020020C4F847
:100F000094026060C4F8A40284F8A002D4F8B80285
:100F100058B1D4F8B802406838B12179D4F8B80291
:100F200042682046904700B1032540230022114625
:100F30002046FFF7ADFF012140F26310015540212B
:100F4000C01E01534023002280212046FFF7A0FF4E
:100F500001212320015540212184284670BD0146EE
:100F600091F89C02042803D191F89D0281F89C021B
:100F70000020704710B5044694F89C0203280BD15A
:100F8000D4F8B80240B1D4F8B802C06920B1D4F89E
:100F9000B802C16920468847002010BD024611747E
:100FA000002070472DE9F04104460D460026002739
:100FB0002946D4F8C802F6F753FB06463046FFF739
:100FC000BDFC07463846BDE8F08170B504460D46C5
:100FD000294604F2AA2000F07BF80120C4F894020C
:100FE0004FF42C70005BC4F8980294F8AA0200F049
:100FF0001F0020B1012809D0022815D10DE004F20C
:10100000AA21204600F088F9064616E004F2AA213B
:10101000204600F01AFB06460FE004F2AA21204603
:1010200000F0D1F9064608E094F8AA0200F0800129
:10103000204600F005F8064600BF00BF304670BDF0
:101040002DE9F04104460D46002600272946D4F834
:10105000C802F5F7D3FD06463046FFF76FFC07469A
:101060003846BDE8F08170B5044600250026D4F866
:10107000C802F6F718FB05462846FFF75FFC064650
:10108000304670BD014691F89C02042803D091F8C7
:101090009C0281F89D02042081F89C020020704788
:1010A0002DE9F04704460D4616461F464FF000084E
:1010B000C1463B4632462946D4F8C802F5F7E3FD5F
:1010C00080464046FFF73AFC81464846BDE8F08737
:1010D00070B505460E46344620782870641C20788A
:1010E0006870641C2046FDF775F86880641C641CF9
:1010F0002046FDF76FF8A880641C641C2046FDF7AD
:1011000069F8E88070BD38B504460D4600200090AF
:101110000DB9032038BDC4F8B85204F52E70D4F8C8
:10112000D41250F82100C06A50B104F52E70D4F8E2
:10113000D42250F82200C16A68468847C4F8D00219
:10114000D4F8D802401CC4F8D8020020E2E70146D7
:101150000020704770B504460D46A88810BBE8888B
:1011600000BB688880281DD2A87800F07F0694F81C
:101170009C02032804D129462046FFF7AEF915E06A
:1011800084F89E6231462046FFF70CFF2046FFF7A9
:10119000E6F91EB1022084F89C0207E0012084F8E1
:1011A0009C0203E029462046FFF797F970BD70B511
:1011B00004460D460026D4F8B80230B1D4F8B8027F
:1011C00029460268204690470646304670BD00001A
:1011D00070B504460E460025B0783D4908700846B3
:1011E0000078012805D931462046FFF776F903201B
:1011F00070BD94F89C02022802D0032859D11FE048
:1012000033480078C0B132480078606030480178D7
:101210002046FFF7CCFF05463DB131462046FFF79B
:101220005CF9022084F89C0209E02046FFF797F958
:10123000032084F89C0202E02046FFF790F943E087
:101240002348007870B9022084F89C022048007876
:1012500060601F4801782046FFF7F4F82046FFF74A
:101260007EF925E01A490978606888421DD0217905
:101270002046FFF7E7F816480078606014480178C8
:101280002046FFF794FF05465DB131462046FFF743
:1012900024F921792046FFF7D5F8022084F89C0232
:1012A00006E02046FFF75BF902E02046FFF757F91A
:1012B0000AE031462046FFF710F90548017820463C
:1012C000FFF7C0F8032500BF00BF284690E70000E5
:1012D0007504002470B505460C466088012805D1C8
:1012E000C5F8A4022846FFF73AF90EE06088022804
:1012F00007D1A088001285F8A0022846FFF72FF931
:1013000003E021462846FFF7E8F870BD10B5044613
:101310002046FFF7A8FE10BD70B504460D46002616
:10132000287800F0600088B1202802D0402842D1FF
:1013300000E000BF04F52E70D4F8D41250F821005C
:101340002946826820469047064639E068780A2890
:101350002AD2DFE800F01A24291F290A0529150FCF
:1013600029462046FFF733F923E029462046FFF7B8
:10137000F1FE1EE029462046FFF72AFF064618E048
:1013800029462046FFF7F8F813E029462046FFF7E4
:1013900074FA0EE029462046FFF79CFF09E0294633
:1013A0002046FFF75DF804E029462046FFF795F850
:1013B00000BF00BF04E029462046FFF78EF800BFBB
:1013C00000BF304670BD2DE9F04705460F464FF08F
:1013D00000093C79387800F06000F8B1202802D08C
:1013E00040287DD100E000BF21462846FFF757F88E
:1013F0000646FF2E11D086B9C5F8D46205F52E70C9
:1014000050F82600806840B105F52E7050F826008F
:101410003946826828469047814612E1787800284C
:101420007AD001282FD003286ED195F89C0202288B
:1014300002D0032820D110E054B1802C08D02146DE
:101440002846FFF7FDFD80212846FFF7F9FD03E060
:1014500039462846FFF741F813E0788840B93CB197
:10146000802C05D0F88818B921462846FFF7E8FDFA
:101470002846FFF774F804E039462846FFF72DF8B0
:1014800000BF00BFD6E095F89C02022802D00328D6
:101490003BD110E054B1802C08D021462846FFF7FC
:1014A000CFFD80212846FFF7CBFD03E039462846D3
:1014B000FFF713F82EE0788820BB04F07F0018B106
:1014C00021462846FFF7F5FA2846FFF748F8214657
:1014D0002846FEF7E4FF0646FF2E13D096B900E03B
:1014E000AAE0C5F8D46205F52E7050F82600806891
:1014F00040B105F52E7050F826003946826828461E
:101500009047814606E007E08FE039462846FEF71F
:10151000E4FF00BF00BF8DE095F89C02022802D0D6
:1015200003287BD127E034B1802C04D039462846EB
:10153000FEF7D3FF77E004F08000802808D104F0A4
:101540007F0000EB800105F1140000EB810007E053
:1015500004F07F0000EB800105F5AA7000EB81002C
:101560008046002088F80E00022208F10E0128466D
:10157000FEF7E3FF57E004F0800080280ED104F06E
:101580000F0000EB800105F1140000EB8100C07B2F
:1015900098B939462846FEF7A0FF44E004F00F0052
:1015A00000EB800105F5AA7000EB8100C07B20B93B
:1015B00039462846FEF791FF35E004F08000802888
:1015C00008D104F07F0000EB800105F1140000EB6E
:1015D000810007E004F07F0000EB800105F5AA70B0
:1015E00000EB810080460CB1802C03D1002088F8EC
:1015F0000E000CE021462846FFF7E6FB20B1012053
:1016000088F80E0003E009E0002088F80E000222AE
:1016100008F10E012846FEF790FF04E039462846FF
:10162000FEF75BFF00BF00BF04E039462846FEF727
:1016300054FF00BF00BF04E039462846FEF74DFFC7
:1016400000BF00BF4846BDE8F0872DE9F0410546E0
:101650000E460027307800F0600030B1202802D01C
:10166000402840D100E000BF00BF95F89C0201284F
:1016700004D0022803D003282ED101E000BF00BF10
:101680003079012823D831792846FEF70BFF04462C
:10169000FF2C14D09CB905F52E7050F824008068FA
:1016A00058B1C5F8D44205F52E7050F824003146E3
:1016B000826828469047074602E0032700E0032798
:1016C000F08840B93FB92846FEF749FF03E03146AC
:1016D0002846FEF702FF04E031462846FEF7FDFEED
:1016E00000BF00BF04E031462846FEF7F6FE00BF0B
:1016F00000BF3846BDE8F081704700000146014850
:10170000704700004C8C002470B504460B462246FE
:101710001978587801282CD140F61C0080581D7883
:1017200005F00F060125B540ADB2284340F61C0573
:10173000A85002F5106000EB4110006800F4004072
:10174000F0BB1889C0F30A001D7940EA854040EAE1
:10175000815040F0805040F4004002F5106505EBE8
:1017600041152D68284302F5106505EB41152860E9
:101770002DE040F61C0080581D7805F00F0601256D
:10178000B540144E06EA0545284340F61C05A8500E
:1017900002F5306000EB4110006800F4004078B9B9
:1017A0001889C0F30A001D7940EA854040F0805056
:1017B00040F4004002F5306505EB41152D6800E06E
:1017C00005E0284302F5306505EB4115286000204F
:1017D00070BD00000000FFFF01460A464FF4106094
:1017E0008058C30ADB024FF41060835040F60400B7
:1017F000805840F4807340F6040083500020704706
:101800000FB470B504469DF81900012818D1A06BDB
:1018100020F48030A063E06821490840E060E0687F
:1018200020F44010E0609DF82000012803D1E0681A
:1018300040F48010E060204600F036F8054613E0E2
:10184000E06840F04000E060204600F02DF80546DA
:101850009DF81D0020B9A06B40F48030A06303E028
:10186000A06B20F48030A0639DF81600012812D1EF
:10187000E06D80B2E065E06D0A490843E065A0686C
:1018800020F01E00A060A06840F00600A060A068E4
:1018900040F02000A060284670BC5DF814FB0000FA
:1018A000BFFFBDFF0000EE0308B501460020009019
:1018B00000BF0098401C00900098B0F1706F01D9F3
:1018C000032008BD086900F000400028F1D00A207C
:1018D000009002E00098401E009000980028F9D186
:1018E000086940F00100086100BF0098401C0090AA
:1018F0000098B0F1706F01D90320E2E7086900F0A9
:1019000001000028F1D100BFDBE7000070B50446FC
:101910000B46224619785878012848D102F5106004
:1019200000EB4110006800F00040B0F1004F17D10B
:1019300002F5106000EB4110006840F0006502F510
:10194000106000EB4110056002F5106000EB4110E3
:10195000006840F0804502F5106000EB4110056022
:1019600040F63C0080581D7805F00F060125B54073
:10197000ADB2A84340F63C05A85040F61C00805884
:101980001D7805F00F060125B540ADB2A84340F61D
:101990001C05A85002F5106000EB411000682B4DAB
:1019A000284002F5106505EB411528604BE002F573
:1019B000306000EB4110006800F00040B0F1004FD3
:1019C00017D102F5306000EB4110006840F000656F
:1019D00002F5306000EB4110056002F5306000EB6D
:1019E0004110006840F0804502F5306000EB411086
:1019F000056040F63C0080581D7805F00F06012573
:101A0000B540134E06EA0545A84340F63C05A850EC
:101A100040F61C008558187800F00F060120B040F1
:101A20000B4E06EA0040854340F61C00855002F547
:101A3000306000EB41100068064D284002F530652B
:101A400005EB41152860002070BD0000007833ECE4
:101A50000000FFFF0078F3EF01460A46D2F8000EBF
:101A600020F00300C2F8000E40F60400805820F079
:101A7000020340F6040083500020704701460A46E6
:101A8000D2F8000E20F00300C2F8000E40F6040069
:101A9000805840F0020340F6040083500020704755
:101AA0000FB4F0B5054600272E46002405E00021BE
:101AB00005F5827040F82410641C0F2CF7D39DF8B4
:101AC0002200A0B940F60400805940F0020140F61F
:101AD00004008151A86B20F40010A863286840F02E
:101AE00040002860286840F08000286003E0A86B70
:101AF00040F40010A8630020C6F8000E9DF81D00F9
:101B000001280CD19DF81B0020B90021284600F0C7
:101B10004EFD08E00121284600F049FD03E00321C5
:101B2000284600F044FD1021284600F046FC00B194
:101B30000127284600F019FC00B1012700214FF4CD
:101B400001608151001D815140F61C00815100242B
:101B50002EE006F5106000EB4410006800F0004035
:101B6000B0F1004F10D13CB94FF0006106F51060A4
:101B700000EB441001600DE04FF0904106F510605D
:101B800000EB4410016005E0002106F5106000EB59
:101B900044100160002106F5106000EB4410016163
:101BA0004FF67F3106F5106000EB44108160641C35
:101BB0009DF81800A042CCD800242EE006F5306035
:101BC00000EB4410006800F00040B0F1004F10D16D
:101BD0003CB94FF0006106F5306000EB4410016045
:101BE0000DE04FF0904106F5306000EB44100160CD
:101BF00005E0002106F5306000EB44100160002193
:101C000006F5306000EB441001614FF67F3106F5B8
:101C1000306000EB44108160641C9DF81800A04205
:101C2000CCD84FF40160805920F480714FF40160EA
:101C300081510020A8616FF0804068619DF81A0012
:101C400018B9A86940F01000A861A8690A490843BA
:101C5000A8619DF81E0018B1A86940F00800A861AD
:101C60009DF82200012803D1A86904490843A8610E
:101C70003846F0BC5DF814FB00383C80040000409E
:101C80000146886820F0010088600020704700004D
:101C900070B503460C4619461D6C1848854209D993
:101CA0004FF43060405800F00040B0F1004F01D1D7
:101CB000002070BD0026C1F8106BD1F8100B40F465
:101CC0000026C1F8106BD1F8100B40F01806C1F8CF
:101CD000106BD1F8100B40F0C046C1F8106B012C0E
:101CE00009D1C1F8142B4FF43060405840F08026E1
:101CF0004FF4306046500020DBE700000A30544FBC
:101D000030B504460B4622461978587801281ED172
:101D100002F5106000EB4110006820F4001502F598
:101D2000106000EB411005601879032802D0187983
:101D300002282AD102F5106000EB4110006840F043
:101D4000805502F5106000EB411005601DE002F5C2
:101D5000306000EB4110006820F4001502F530609F
:101D600000EB411005601879032802D01879022889
:101D70000BD102F5306000EB4110006840F0805557
:101D800002F5306000EB41100560002030BD30B539
:101D900004460B46224619785878012821D102F5CD
:101DA000106000EB4110006800F0004060B959B1CC
:101DB00002F5106000EB4110006820F0804502F54C
:101DC000106000EB4110056002F5106000EB41105F
:101DD000006840F4001502F5106000EB411005604A
:101DE00020E002F5306000EB4110006800F0004098
:101DF00060B959B102F5306000EB4110006820F085
:101E0000804502F5306000EB4110056002F530605E
:101E100000EB4110006840F4001502F5306000EB63
:101E200041100560002030BD2DE9F84381460E4683
:101E300090464D463478707801287DD1306920BBBA
:101E400005F5106000EB44100069E649084005F50F
:101E5000106101EB4411086105F5106000EB4410BE
:101E6000006940F4002105F5106000EB44100161A9
:101E700005F5106000EB44100069C10CC90405F5BC
:101E8000106000EB441001616FE005F5106000EB9D
:101E900044100069C10CC90405F5106000EB441042
:101EA000016105F5106000EB44100069CD49084060
:101EB00005F5106101EB4411086194B9B16830690E
:101EC000884201D9B068306105F5106000EB44101C
:101ED000006940F4002105F5106000EB4410016139
:101EE00035E0B16830690844401EB0FBF1F087B2BC
:101EF00005F5106000EB44100069BA49C94301EAD6
:101F0000C741084305F5106101EB441108613079C0
:101F100001281CD105F5106000EB4410006920F089
:101F2000C04105F5106000EB4410016105F510603B
:101F300000EB4410006900E099E04FF0C04101EA75
:101F40004771084305F5106101EB4411086105F57F
:101F5000106000EB441000693169C1F312010843BD
:101F600005F5106101EB44110861B8F1010F36D19C
:101F7000F06928B105F5106000EB4410F16941618A
:101F8000307901281ED140F60800405900F48070D5
:101F900060B905F5106000EB4410006840F0005196
:101FA00005F5106000EB441001600BE005F51060D2
:101FB00000EB4410006840F0805105F5106000EB24
:101FC0004410016005F5106000EB4410006840F01B
:101FD000044105F5106000EB44100160FEE005F5DA
:101FE000106000EB4410006840F0044105F51060FB
:101FF00000EB44100160307901280FD030690028CF
:10200000ECD040F634004059317801F00F02012144
:102010009140084340F634014851DFE040F60800A3
:10202000405900F4807060B905F5106000EB441071
:10203000006840F0005105F5106000EB44100160AD
:102040000BE005F5106000EB4410006840F0805193
:1020500005F5106000EB44100160CDF80080308A77
:1020600083B232784846F16800F01EFBB6E005F511
:10207000306000EB44100069C10CC90405F5306004
:1020800000EB4410016105F5306000EB441000697D
:102090005449084005F5306101EB4411086104BB67
:1020A000306908B1B0683061B068306205F5306001
:1020B00000EB44100069316AC1F31201084305F5D1
:1020C000306101EB4411086105F5306000EB44100C
:1020D000006940F4002105F5306000EB4410016117
:1020E00043E03069D0B905F5306000EB4410006979
:1020F000B168C1F31201084305F5306101EB4411E9
:10210000086105F5306000EB4410006940F40021DF
:1021100005F5306000EB4410016126E0B1683069DC
:102120000844401EB0FBF1F087B2B06878433062DB
:1021300005F5306000EB441000692A49C94301EA03
:10214000C741084305F5306101EB4411086105F50D
:10215000306000EB44100069316AC1F3120108439A
:1021600005F5306101EB44110861B8F1010F07D1A9
:10217000F06828B105F5306000EB4410F16841616A
:10218000307901281ED140F60800405900F48070D3
:1021900060B905F5306000EB4410006840F0005174
:1021A00005F5306000EB441001600BE005F5306090
:1021B00000EB4410006840F0805105F5306000EB02
:1021C0004410016005F5306000EB4410006840F0F9
:1021D000044105F5306000EB441001600020BDE8CB
:1021E000F8830000FFFF07E0FCB503460A46002520
:1021F0000195002019469D68C5F340145578012DBE
:1022000034D1157801F5106606EB45152D6805F0FB
:102210000045B5F1004F28D1157806EB45152D681E
:1022200045F00067157806EB45152F60157806EB2D
:1022300045152D6845F08047157806EB45152F604C
:1022400000BF019D6D1C0195019DB5F5702F01D951
:1022500001200AE0157801F5106606EB45152D689A
:1022600005F00045B5F1004FEBD076E09D6925F013
:1022700080059D615D6905F080053DB940F6040566
:102280006D5845F4007640F604056E5094B900BFD1
:10229000019D6D1C0195019DB5F5702F01D901209F
:1022A00004E05D6905F01005102DF1D100BF1D6A35
:1022B000009500BF0025019500BF019D6D1C019593
:1022C000019DB5F5702F01D9012004E05D6905F08D
:1022D0008005802DF1D100BF157801F5306606EB41
:1022E00045152D6845F00067157806EB45152F60FC
:1022F000157806EB45152D6845F08047157806EBF7
:1023000045152F600025019500BF019D6D1C0195AD
:10231000019DB5F5702F01D9012009E0157801F56F
:10232000306606EB4515AD6805F00205022DECD1CF
:1023300000BF157801F5306606EB4515AD6845F030
:102340000207157806EB4515AF6040F604056D5899
:1023500045F4806640F604056E50FCBD0146886871
:1023600040F0010088600020704708B50146002059
:10237000009000BF0098401C00900098B0F1706F72
:1023800001D9032008BD086900F000400028F1D001
:10239000002000901020086100BF0098401C0090B1
:1023A0000098B0F1706F01D90320EBE7086900F0E5
:1023B00010001028F1D00020E4E708B50246002004
:1023C000009000BF0098401C00900098B0F1706F22
:1023D00001D9032008BD106900F000400028F1D0A9
:1023E00000200090202040EA8110106100BF00987A
:1023F000401C00900098B0F1706F01D90320E9E70C
:10240000106900F020002028F1D00020E2E710B58C
:1024100001460B4640F60804E45804F006020AB9E7
:10242000002006E0022A01D0062A01D1022000E0A5
:102430000F2010BD0146486900F0010070470146B9
:102440000B4640F61800C258001DC058024090B21A
:10245000704701460B4640F61800C258001DC05890
:102460000240100C704770B5024613464FF40166E7
:10247000F45840F63406F55801F00F0625FA06F632
:1024800006F0010644EAC61403F5106606EB411691
:10249000B66806EA040070BD10B50246134603F59F
:1024A000306404EB4114A06840F61404E458204062
:1024B00010BD014648698A69104070472DE9F04116
:1024C00004460D46274628464FEA920C02F00303C5
:1024D00000210AE04FF4805858F80780C0F80080C7
:1024E000401C401C401C401C491C6145F2D39BB160
:1024F00000214FF4805858F8076000BF4FEAC10828
:1025000026FA08F880F80080491C401CA3F1010855
:102510001FFA88F3002BF1D1BDE8F08170B50446B5
:102520000E460025E06820F0C040E060012E10D18A
:10253000E06840F00050E06000BF0A20F2F76EFF54
:102540000A352046FFF776FF012815D0C82DF4D3B1
:1025500012E07EB9E06840F08040E06000BF0A20F1
:10256000F2F75CFF0A352046FFF764FF20B1C82D63
:10257000F5D301E0012070BDC82D01D10120FAE79B
:102580000020F8E710B502460B461146D1F80008C6
:1025900020F4FE60C1F80008D1F800084FF4FE6492
:1025A00004EA03142043C1F80008002010BD0246CD
:1025B0001346D3F800080843C3F80008002070470A
:1025C00030B503461446022C49D12D48814204D32C
:1025D0002C48814201D20F2245E02A48814204D38F
:1025E0002948814201D20E223DE02748814204D38E
:1025F0002648814201D20D2235E02448814204D38D
:102600002348814201D20C222DE02148814204D38B
:102610002048814201D20B2225E01E48814204D38A
:102620001D48814201D20A221DE01B48814204D389
:102630001A48814201D2092215E01848814204D388
:102640001748814201D208220DE01548814204D387
:102650001448814201D2072205E0062203E00CB9AA
:10266000092200E00922D86820F47050D860D868A8
:102670004FF4705505EA82252843D860002030BD0C
:10268000C0ACD800C0E1E4000024F400807306016F
:10269000A0491A01002D310140A44C0100366E0101
:1026A00020ABA6010048E8012DE9F04304460D46A1
:1026B0001E46DDF81CC0A0462946BCF1000F12D111
:1026C000F01C870800230CE0D1F8009008F580503A
:1026D00000EB0230C0F80090491C491C491C491C01
:1026E0005B1CBB42F0D30020BDE8F08300BFFEE7D7
:1026F0007047000010B501200B4908700020487099
:10270000887007F081F9084880ED010A9FED070AFB
:1027100080ED020A9FED050A80ED030A00200249C0
:102720000874FAF76BFB10BDE48E00240000000073
:102730000748007808B9002070470548407810B96C
:102740000348007C08B10120F6E70020F4E7000010
:10275000E48E002430B52DED048B87B0434800781B
:1027600018B907B0BDEC048B30BD4048007C30B1D7
:102770003E49087C07F0A0F900203C49087407F0A6
:102780002DF9B0EE408A3A4890ED059A37484478E2
:10279000ECB1D0ED020A70EEC80AB0EE600A07F0A4
:1027A000C1F9324880ED030A90ED030AF0EEC00A49
:1027B000304890ED030AF4EEC00AF1EE10FA06D2AA
:1027C00000202A4948700120FAF71DFB00241CB3A1
:1027D000284890ED000A2548D0ED030A20EE200A93
:1027E0002448D0ED010A00EEC90AF0EE408A90EDCF
:1027F000020AB0EE401A90ED020AB1EE400AF0EE85
:10280000400AB0EE680A07F0B3F8F0EE408AB1EE85
:10281000680A07F099F801E0DFED178A01F08BFAFA
:10282000054616480068281A14281CD3134805606A
:102830000E4890ED020A8DED010A8DED028A14B169
:1028400090ED030A01E09FED0C0A8DED030A9FED68
:102850000A0A8DED040ACDED058A8DED069A01A8D0
:1028600005F0D0FC00BF00BF7BE70000E48E002431
:10287000C47000247C080024000000008C080024A0
:1028800010B52DED028B04461248007810B9BDEC4E
:10289000028B10BD00200F49087424B94870012034
:1028A000FAF7B1FAF3E7204607F078F8B0EE408A7D
:1028B0000848D0ED010A78EE600AB0EE600A07F031
:1028C00031F9044880ED020A01200249487000BF36
:1028D000DDE70000E48E00244100080218BF042058
:1028E0000A0E18BF40F001004FF07F4232EA0101AA
:1028F00008BF40F00200012808BF05207047000013
:1029000002480068C0F30220704700000CED00E0B0
:1029100010B5002804DB0A07130E054A135406E01D
:102920000A07140E034A00F00F031B1FD45410BDF6
:1029300000E400E018ED00E010EE101A08B5434A7C
:102940006846B2EB410F26D94FF0E640B0EB410F9D
:1029500094BF00204FF0FF3000900098DFED3C0A5C
:10296000002860DB10F0010F46D060EE000ADFEDBA
:10297000391A9FED391A10F0020F00EEE11ADFED5F
:10298000371A40EE811A21EEA01AF0EE400A40EE0E
:10299000010A2ED041E0324B21F0004293423FD950
:1029A00011F0004FDFED2F0A20EE201ADFED2E0A86
:1029B00019BF31EE601A71EE200A31EE201A71EE65
:1029C000600ABDEEE01A11EE100A9FED281A00F021
:1029D000030000EEC10A9FED261A009000EEC10A26
:1029E0009FED241A00EEC10A9FED231A00EEC10AE2
:1029F000B3E7F1EE600A10E020EE000A9FED1F1A27
:102A0000DFED1F1A10F0020F40EE011A9FED1D1AA4
:102A100000EE211A40EE010AEBD1B0EE600A08BDCB
:102A200000F012FA99E710EE100A4000B0F17F4F63
:102A3000F3D307D14FF0010000F0C0FABDE8084021
:102A400000F0F2B9BDE8084000F0EAB9B61F927E86
:102A50000000803F336D4C39DA82083CA0AA2ABEC0
:102A6000490E494683F9223F0000004B0000C93F50
:102A700000A0FD390020A2331A61342CB93AB2BA51
:102A8000CA9F2A3DDDFFFFBE10B52DED040B86B0B9
:102A90009DED060B10EE101A10EE900A8DED000B56
:102AA000002918BF0121084320F00040C0F17F60D9
:102AB00000F1E040C00F21D19DED080B10EE101A7F
:102AC00010EE900A8DED000B002918BF012108437C
:102AD00020F00040C0F17F6000F1E040C00F0DD158
:102AE00027490798B1EB400F04BF069800283ED055
:102AF0000998400004BF0898002838D09DED080BC5
:102B000053EC102B9DED060B51EC100BEDF708FD6F
:102B1000CDE902019DED020B40F2FF7110EE900A2B
:102B20008DED000B31EA10501DD00798039900F08D
:102B3000004001F00041884215D09DED080B8DED5D
:102B4000040B9DED020B8DED000B10EE900A059924
:102B500061F31E0005909DED040B9DED021B31EE0F
:102B6000400B8DED020B9DED020B0AB010BD012054
:102B700000F024FA0AB0BDE8104000F045B90000AA
:102B80000000E0FF10B52DED028BF0EE408A18EE4C
:102B9000900AB0EE608A20F00040C0F1FF40C00F04
:102BA00007D118EE100A20F00040C0F1FF40C00F1E
:102BB0002BD018EE101A18EE900AEDF788FC00EEF4
:102BC000100A10EE100A6FEAD05010F0FF0F04BF89
:102BD000BDEC028B10BD18EE900A00F0004110EE23
:102BE000100A00F00040814204BFBDEC028B10BD12
:102BF00018EE101A10EE100ABDEC028B61F31E00E5
:102C000000EE900A30EE600A10BD18EE900A4FF008
:102C10007F41B1EB400F1CBF18EE100A5FEA400085
:102C2000C7D1012000F0CAF9BDEC028BBDE810400D
:102C300000F0FAB800B510EE101A2DED028B81B03D
:102C4000524A6846B2EB410F2ED94FF0E640B0EB46
:102C5000410F94BF00204FF0FF3000900098B0EE7D
:102C6000408A00286ADB10F0010F4BD068EE080A9A
:102C70009FED471A9FED470A00EE810A9FED461A25
:102C800000EE801A9FED450A10F0020F00EE810A57
:102C900002BF01B0BDEC028B00BD00BF01B0B1EEC0
:102CA000400ABDEC028B00BD3D4B21F00042934237
:102CB00041D911F0004FDFED3B0A20EE201ADFED85
:102CC0003A0A19BF31EE601A71EE200A31EE201A6D
:102CD00071EE600ABDEEE01A11EE100A9FED331A94
:102CE00000F0030000EEC10A9FED311A009000EEE3
:102CF000C10A9FED301A00EEC10A9FED2F1A00EEB7
:102D0000C10AABE728EE080A9FED2C1ADFED2C0A6A
:102D100010F0020F40EE410A9FED2A1A00EE201A31
:102D200061EE000AB0EE480A08EE200AB6D101B002
:102D3000BDEC028B00BD00F087F88FE718EE100A9B
:102D40004000B0F17F4F0DD218EE100AFFF7C4FD1E
:102D5000042808BF00F070F8B0EE480A01B0BDECDE
:102D6000028B00BD09D1012000F028F901B0BDECB3
:102D7000028B5DF804EB00F057B801B0B0EE480AE2
:102D8000BDEC028B5DF804EB00F04AB8B61F927EF2
:102D9000B93AB2BACA9F2A3DDDFFFFBE0000803FAC
:102DA000490E494683F9223F0000004B0000C93F0D
:102DB00000A0FD390020A2331A61342C336D4C3948
:102DC000DA82083CA0AA2ABE10B52DED028BB1EE26
:102DD000C08A18EE100A20F00040C0F1FF40C00F7A
:102DE0000AD010EE100A20F00040C0F1FF40C00FE2
:102DF00004BF012000F0E2F8B0EE480ABDEC028BFF
:102E000010BD0000000000009FED031B81EE010BD0
:102E100070470000000000000000000000000000FB
:102E200030EE000A70470000DFED020A80EEA00AD3
:102E300070470000000000009FED020A20EE000A2B
:102E400070470000000000102DE9F0014FF07F42B4
:102E5000B2EB410F9FBF4FF0FF310160BDE8F001C1
:102E600070474FF0004242EA0123C1F3C752783A5B
:102E7000551112F01F0C434CCCF120067C44C1F3D9
:102E8000C752A2F178024FEA621204EB820254F8B0
:102E9000254008BFD2E9015612D0556804FA0CF457
:102EA00025FA06F73C43976805FA0CF527FA06F869
:102EB000D26807FA0CFCF24045EA08054CEA020623
:102EC000A4FB034CA5FB0352A6FB03631D449D42D8
:102ED00034BF012600261319334416B1934202D998
:102EE00003E0934201D2012200E00022624402F199
:102EF000200C9206DC0C42EA443200EE102A5B03FE
:102F0000DFED210AF8EEC01A00EE103A4FEA9C1CE1
:102F100011F0004FB8EE400AC0F800C020EE201AB1
:102F200000EE105ADFED190AB8EE400A20EE200A32
:102F300071EE810A70EE800A10EE902A02F50062AE
:102F40006FF30B0200EE902A70EEE11A31EEC11A17
:102F5000DFED101A30EE411A9FED0D0A20EE800AC7
:102F600001EE210A9FED0C1A00EE810A04BFBDE8B4
:102F7000F0017047CCF180510160BDE8F001B1EE85
:102F8000400A70470C840000000000360000802CCE
:102F900022AAFD29DB0FC92F0000C92F02E008C8B3
:102FA000121F08C1002AFAD170477047002001E0C3
:102FB00001C1121F002AFBD17047000001490860BF
:102FC00070470000BC0900242DE9F04105460DB909
:102FD000BDE8F0811E212846EDF742FA05270326B9
:102FE000052F00DD00BF032E00DD03262F706E705D
:102FF000002405E00A48015DA81C0155601CC4B20C
:10300000BC42F7DB002406E00648015D05F1120032
:103010000155601CC4B2B442F6DB00BFD8E7000023
:1030200084B2010889B2010810B504460248446020
:1030300000F010F810BD00001809002410B5034876
:1030400000780349086000F005F810BDE00800248E
:103050001809002470B503F0A7F804460025FAF714
:10306000F1FC08B145F00105F9F792FE08B145F011
:103070000205FAF79FF908B145F0040533480068E6
:103080003349886033480068C86033488068C86244
:1030900003F07AF82E4908613048007848613048DA
:1030A000007808652E48407848652D488078886506
:1030B0002B48C078C8652A48007908660846056725
:1030C0002848007808632848006848632748007843
:1030D000886327480078C863264800780864264833
:1030E000007848642548B0F90000886424480078D6
:1030F000C864194890ED000A084680ED060A164893
:1031000090ED010A084680ED070A154890ED020A85
:10311000084680ED190A124890ED030A084680ED32
:103120001A0A0F4890ED040A084680ED1B0A5CB1AC
:1031300094ED000A80ED080A94ED010A80ED090A79
:1031400094ED020A80ED0A0A70BD0000F408002424
:1031500018090024F0080024848E0024EE080024BE
:10316000AC8E0024FE080024000900240409002479
:103170000509002406090024070900240809002481
:103180000A0900242DE9F04107460C46384605F0AF
:1031900012FB804603F0BDFD0546204605F00BFB03
:1031A000804603F0B6FD0646B54202DD0020BDE8CC
:1031B000F081B54201DA0120F9E70020F7E7014686
:1031C000022901D1012070470220FCE70448007861
:1031D00020B104480078012800D170470020FCE7A6
:1031E000DE080024E008002410B5044600201C4935
:1031F00008701E2221461B48EDF719F901201A49D3
:1032000008700020194908701949088006F012FF5B
:1032100000201849087018490870184908701849A2
:10322000087018490870FF201749087000201749D6
:1032300008701749086017490870401E1649086051
:1032400000201649087006F083FF07F0A5FD06F080
:103250009BFD022012490870FFF7F0FE10BD000030
:1032600014090024F88E0024DE080024E10800245C
:10327000E2080024E7080024E9080024EA08002402
:10328000EB080024EC080024F9080024ED080024D1
:10329000F0080024EE080024F4080024FC080024B0
:1032A000E008002410B51E211C48EDF7D9F80020D5
:1032B0001B4908701B4908701B4908701B4908808E
:1032C00006F0B8FE00201A4908701A4908701A4919
:1032D00008701A4908701A490870FF2019490870C7
:1032E0000020194908701949086019490870401EE2
:1032F000184908600020184908701849087006F03D
:1033000027FF07F049FD01201549087000F062F819
:1033100006F03AFDFFF792FE10BD0000F88E002483
:10332000DE080024E0080024E1080024E20800246C
:10333000E7080024E9080024EA080024EB08002438
:10334000EC080024F9080024ED080024F00800240B
:10335000EE080024F4080024FB080024FC080024E4
:103360001409002410B500F001F810BD00B589B0B3
:103370001448007860B91448007848B101A8FFF7F4
:1033800023FE01A8FFF730FF00200F49087000BF9F
:103390004FF0FF300D494860FFF750FE09480078B4
:1033A00008B909B000BD00F01BF800F011F800B931
:1033B000F7E706F06FFE07F0A3FCFFF73FFE00BF44
:1033C000EFE70000DE080024140900241809002497
:1033D00001207047FF200149087070470F09002441
:1033E00010B50748007807490978884207D0054892
:1033F000007803490870F3F72DF90349086010BD00
:103400000F090024E00800241009002470B52DEDF8
:10341000028BB0EE408B04460D4600F041F8F0EE12
:10342000680AB0EE480A03F0A5FA084880ED028A5F
:10343000C0ED038A06488068044908612946204691
:1034400000F0AAF8BDEC028B70BD0000508F002484
:10345000848E002410B50446F9F79EFD00F026F88E
:1034600001200C49487500208875C875087504202E
:103470004870002008490870084890ED011AF0EEE5
:10348000410A90ED001AB0EE410A21460B20FFF7E9
:10349000BDFF10BD508F00243A0300249009002482
:1034A00010B5F9F7ABFC02F045FE10BD10B500F009
:1034B000B6F80446002005490876487608460021FB
:1034C00041830177204600F0A5F810BD508F0024FD
:1034D00010B50446204600F007F808B9062C01D1C3
:1034E000012010BD0020FCE70146012903D002297C
:1034F00001D0032901D1012070470020FCE7000022
:103500007CB504460D4604B97CBD012020494875B0
:1035100000208875C875207848702078072833D235
:10352000DFE800F03208090A04202A002846FFF7E5
:1035300091FF2AE000BF00BF1548007D20B1294659
:103540000A2000F029F80CE020786A4601A900F072
:1035500029F829460320DDED000A9DED010AFFF759
:1035600055FF12E0FFF79CFF00200A49087029462A
:10357000062000F011F808E00548007D18B1294642
:103580000A2000F009F800E000BF00BF00BFBBE761
:10359000508F00243A030024014A10705160704794
:1035A000508F002401B102B97047012804D00228CD
:1035B0000CD003281ED113E0154B93ED020A81EDC8
:1035C000000A93ED030A82ED000A1DE0104B93ED13
:1035D000040A81ED000A93ED050A82ED000A13E06A
:1035E0000B4B93ED060A81ED000A93ED070A82ED7D
:1035F000000A09E0064B93ED000A81ED000A93ED05
:10360000010A82ED000A00BF00BF00BFCCE7000046
:103610009009002400BF80F3108800BF704700BFEE
:10362000EFF31081084672B67047000070B504468B
:103630000D46052C0CD0042C0AD0032C08D0062CE7
:1036400006D00C484068281A0B49496A88420FD9AD
:10365000FFF726FF00200949087001200549C875B9
:103660000020487529460D20FFF796FF012070BD08
:103670000020FCE7508F0024900900243A03002426
:1036800010B502F087FD04460448006904498968C2
:10369000884201D0062010BD2046FCE7508F002450
:1036A000848E002470B504460D46F9F797FEEDF7B9
:1036B000E3F880B113484068201A1349896A8842A8
:1036C00008D901200F49C8750020487521460D20F2
:1036D000FFF762FF70BD052D0DD10B4890ED011A6B
:1036E000F0EE410A90ED001AB0EE410A21460520A5
:1036F000FFF78CFE03E021462846FFF74DFF00BF91
:10370000E8E70000508F00249009002470B50446BB
:103710000D460DB1FFF7CAFEF9F73EFC01200D4939
:10372000487500208875C8750875487008610A4991
:103730000870032009490870094890ED011AF0EE5D
:10374000410A90ED001AB0EE410A21460120FFF730
:103750005DFE70BD508F00243A0300243B0300241B
:1037600090090024014639B1012905D0022903D06E
:10377000052901D0092901D1012070470020FCE76B
:1037800070B504460CB9002070BDFFF748FF054630
:103790000A48007E20B92846FFF73CFF0020F3E7E7
:1037A0000648418B2180007FA070002003490876E5
:1037B0002846FFF72FFF0120E6E70000508F002486
:1037C00070B504460CB9002070BDFFF728FF054610
:1037D0000A48407E20B92846FFF71CFF0020F3E787
:1037E0000648418B2180007FA07000200349487665
:1037F00008762846FFF70EFF0120E5E7508F0024EA
:1038000070B504460D46052C03D129460148EFF753
:1038100067FB70BD1468002470B504460D46042C87
:1038200002D0052C0AD104E029460648EFF758FBE0
:1038300005E029460448EFF753FB00E000BF00BF56
:1038400070BD00001C690024246A002470B5044681
:103850000D46052C02D0062C0AD104E02946064864
:10386000EFF73EFB05E029460448EFF739FB00E09F
:1038700000BF00BF70BD00007C6B0024846C00247E
:1038800030B503460C461846D1B2484080EA1220B3
:10389000002103E0655C68404D1CA9B29142F9DB50
:1038A00030BD000070B52DED028B05460C4605B10C
:1038B00014B9BDEC028B70BD5F48007818B95F4841
:1038C0000078012807D05C48007802287DD15B4849
:1038D0000078012879D15A498888DFED5A0A9FED8E
:1038E0005A0A4FF4E062C02100F04AFA00EE100AD2
:1038F000B8EEC00A85ED170A51498888DFED510AF4
:103900009FED510A4FF4E062C02100F039FA00EE59
:10391000100AB8EEC00AB0EE408A49498888DFED47
:10392000490A9FED490A4FF4E062C02100F028FAED
:10393000404200EE100AB8EEC00AF0EE408A40495C
:103940000888F0EE480A4FF4E062C02100F018FA4F
:1039500000EE100AB8EEC00A84ED020A38498888E1
:10396000DFED380A9FED380A4FF4E062C02100F025
:1039700007FA00EE100AB8EEC00AB0EE408A3049ED
:103980008888DFED300A9FED300A4FF4E062C021F5
:1039900000F0F6F9404200EE100AB8EEC00AF0EE70
:1039A000408A27494888F0EE480A4FF4E062C02177
:1039B00000F0E6F900EE100AB8EEC00A84ED010A44
:1039C0001F49C888F1EE040A00E010E0B9EE040ACD
:1039D0004FF4E062C02100F0D3F900EE100AB8EE17
:1039E000C00ADFED1A0A20EE200A84ED000A124810
:1039F000007802281DD11648007800F0010020B19F
:103A0000134890ED020A84ED000A1148007800F096
:103A1000020020B10E4890ED030A84ED010A0C4823
:103A2000007800F0040020B1094890ED040A84ED0C
:103A3000020A00BF3DE700003803002439030024D8
:103A40004C0300240000C842000000002720214150
:103A5000AC8E00241F4AB2F9642102EE102AB8EE9F
:103A6000C22AB0EE420A1C4AB2F9642102EE102AC0
:103A7000B8EEC22AF0EE420A184AB2F9642102EE08
:103A8000102AB8EEC22AB0EE421A154AB2F96421E1
:103A900002EE102AB8EEC22AF0EE421A58B130EE09
:103AA000602A32EE012A32EE612AF5EE002A22EE79
:103AB000222A80ED002A59B130EE202A32EE412A26
:103AC00032EE612AF5EE002A22EE222A81ED002A4A
:103AD00070470000945A0024305C0024CC5D002420
:103AE000685F002410B52DED028BF0EE408AB0EE39
:103AF000680A05F043F9B0EE408A9FED1C0AB4EE67
:103B0000C08AF1EE10FA0BDB9FED190AB4EEC08A01
:103B1000F1EE10FA04D29FED170ABDEC028B10BD36
:103B20009FED150AB4EEC08AF1EE10FA09D89FEDA8
:103B3000130AB4EEC08AF1EE10FA02DD9FED100A0E
:103B4000EBE79FED0B0AB4EEC08AF1EE10FA06DA4D
:103B50009FED0A0AB4EEC08AF1EE10FA02D89FED8A
:103B6000090ADAE79FED080AD7E7000000003442AF
:103B7000000007430000B442000034C2000007C345
:103B80000000B4C2000034430000000010B5012062
:103B90000249087000F082F810BD000011030024F3
:103BA00010B500200249087000F078F810BD000040
:103BB0001103002410B500200249087004F0AAFC8B
:103BC00010BD00001003002410B501200249087048
:103BD00004F0A0FC10BD00001003002401464FF4C7
:103BE000967232B909480078012800D17047002048
:103BF000FCE706480078012806D105480068081A45
:103C0000904201D30120F1E70020EFE7740800247F
:103C1000780800240146142232B90948007808B90E
:103C2000012070470020FCE70548007830B90548BE
:103C30000068081A904201D30120F2E70020F0E763
:103C4000740800247808002410B5044600F01CF81D
:103C5000024908700248046010BD00007408002486
:103C60007808002470B5044600F00EF805460448B4
:103C70000078854203D0024805700248046070BD98
:103C8000740800247808002410B54FF4007102482D
:103C9000F2F7D2FC10BD00000010025810B5164813
:103CA0000078B0B915480089C0280BD114480078B5
:103CB00040B91448007880F00100124908700120D2
:103CC0000F4908700D480089C02802D000200C4917
:103CD00008700C48007800F0010028B90122910218
:103CE0000948F2F7B1FC05E000224FF48061064874
:103CF000F2F7AAFC10BD0000380300244C03002496
:103D0000160300241103002400080258F0EE401AA4
:103D1000F4EEE01AF1EE10FA02D2B0EE600A70474B
:103D2000F4EEC11AF1EE10FA02DDB0EE410AF6E748
:103D3000B0EE610AF3E710B5F2F78CFC10BD30B5B8
:103D400002460B464FF6FF7002B930BD002112E06B
:103D5000545C604000240AE000F0010525B14AF2FD
:103D6000010585EA600000E04010651CECB2082CFB
:103D7000F2D34C1CA1B29942EADB00BFE5E7000098
:103D80000346B0EE401ADFED2E1AB0EE610A581A63
:103D900001EE900AB8EEE13BB7EE004B83EE042B48
:103DA000501A01EE900AB8EEE14B82EE043B70EE41
:103DB000C11AB7EEE14AB7EEC12A03EE042BF7EEC3
:103DC000C21BB0EE610AB5EEC00AF1EE10FA00BFF8
:103DD000F1EE401A60FE211AB2EE042AF4EEC21A85
:103DE000F1EE10FA0AD2F1EE041AF4EE610AF1EEE5
:103DF00010FA03D0DFED131AB0EE610AB5EEC00A77
:103E0000F1EE10FA00BFF1EE401A60FE211A9FEDAC
:103E10000E2AF4EEC21AF1EE10FA0AD2F1EE041AEA
:103E2000F4EE610AF1EE10FA03D1DFED061AB0EEFE
:103E3000610AFDEEC01A11EE900A00B27047000050
:103E40000000000017B7D138CDCCCC3D10B502F042
:103E500071F90020034908704870887002490870A1
:103E6000487010BDA08E0024CD06002430B5044655
:103E7000F7EE001AB0EE611A012C03D1114D05EBDB
:103E8000410002E0104D05EB410090F9005001EEB9
:103E9000905AB8EEE12AF7EE002AF0EE401A42EE10
:103EA000221AC2ED001A90F9015001EE905AB8EEB4
:103EB000E12AF7EE002AF0EE601A42EE221AC3ED74
:103EC000001A30BD0CB2010814B20108064800788F
:103ED000022807D10548007820B90548007808B9BC
:103EE000012070470020FCE7380300243A03002437
:103EF0003B03002410B502F04DF904460CB1052C2B
:103F000001D1012010BD0020FCE770B504460D462C
:103F100004F060F910B94FF0FF3070BD04F03AF9C9
:103F200006462A462146304602F00AF80020F4E709
:103F30001CB504460B4991ED021AF0EE410A91EDD1
:103F4000011AB0EE410A48786B4601AA2146FFF7F4
:103F50008DFFDDED000A9DED010A02F00BFD014829
:103F600084701CBDA08E00247CB51848007808B170
:103F7000012000E0002004461448407808B10120E8
:103F800000E0002005460CB105B17CBD0CB905B9B7
:103F9000FBE7694601A8FFF7B8FF00B1F5E701208C
:103FA0000B4908709DED010A084680ED010A9DED60
:103FB000000A80ED020A0CB1012000E00220044951
:103FC00048700020FFF7B4FF00BFDEE7CD060024F5
:103FD000A08E002470B506460C461546012E06D06C
:103FE000022E09D0032E0CD0052E14D10EE0294646
:103FF000204600F01BFB0FE02946204600F074FB32
:104000000AE02946204600F0C1FA05E0294620468C
:1040100000F0A8FB00E000BF00BF70BD014691F8B2
:104020006A013C2801DC012070470020FCE70146C2
:1040300091F86A013C2801DB012070470020FCE771
:10404000014691F8DC00502801DD0020704791F80E
:10405000DD00642801DD0020F8E70120F6E70146D5
:1040600091F8DC00502801DB0120704791F8DD0059
:10407000642801DB0120F8E70020F6E710B52DEDFC
:10408000028B0446B0EE408B2046F8F7BDFC46207C
:10409000005D38B12046E16C88479FED820ABDEC97
:1040A000028B10BD84ED018AC4ED028A94ED040AEE
:1040B00084ED050A94ED030A84ED040A94ED010AE7
:1040C000D4ED020A30EE600A84ED030A94ED030A8F
:1040D000F0EEC00A94ED0E0AF4EEC00AF1EE10FA0A
:1040E0007EDB207801287CD194ED0C0AB5EEC00A65
:1040F000F1EE10FA08D094ED060AD4ED030A30EE82
:10410000200A84ED060A03E09FED660A84ED060AA4
:1041100000BF94ED060AD4ED0F0AB4EEE00AF1EE0A
:1041200010FA04DD94ED0F0A84ED060A10E094ED18
:10413000060AD4ED0F0AF1EE600AB4EEE00AF1EEE1
:1041400010FA05D294ED0F0AB1EE400A84ED060A8A
:1041500000BF94ED0B0AD4ED030A20EE200A84ED93
:10416000070A94ED0C0AD4ED060A20EE200A84ED2D
:10417000080A94ED030AD4ED040A30EE600AD4ED87
:104180000D0A20EE200A84ED090A94ED070AD4ED09
:10419000080A30EE200AD4ED090A30EE200A84ED38
:1041A0000A0A00BF94ED0A0AD4ED100AB4EEE00A40
:1041B000F1EE10FA04DD94ED100A84ED0A0A13E022
:1041C00094ED0A0AD4ED100AF1EE600AB4EEE00AAA
:1041D000F1EE10FA08D294ED100AB1EE400A01E0B7
:1041E0005DE002E084ED0A0A59E02078022856D109
:1041F00094ED030AD4ED040A30EE600AD4ED0B0A04
:1042000020EE200A84ED070A94ED0C0AD4ED030A8F
:1042100020EE200A84ED080A94ED030AD4ED040A86
:10422000B0EE001A01EE600AD4ED050A30EE200A65
:10423000D4ED0D0A20EE200A84ED090A94ED070A58
:10424000D4ED080A30EE200AD4ED090A30EE200A37
:10425000D4ED0A0A30EE200A84ED0A0A00BF94ED7C
:104260000A0AD4ED100AB4EEE00AF1EE10FA04DD09
:1042700094ED100A84ED0A0A10E094ED0A0AD4EDD8
:10428000100AF1EE600AB4EEE00AF1EE10FA05D27F
:1042900094ED100AB1EE400A84ED0A0A00BF94EDD5
:1042A0000A0AFCE600000000F0EE400AB0EEE00A68
:1042B000704730B52DED028B85B005460C4603AA3C
:1042C00004A9284604F06CFA20B9002005B0BDEC22
:1042D000028B30BD01AA02A9204604F061FA08B998
:1042E0000020F3E79DED020ADDED040A30EE600ADE
:1042F000B0EE408A9DED010ADDED030A70EE608AA2
:10430000B1EE480AB0EE408AF5EEC08AF1EE10FA3E
:1043100001DD0120DAE7F5EEC08AF1EE10FA01D2F4
:104320000220D3E7B5EEC08AF1EE10FA01D20320E5
:10433000CCE7B5EEC08AF1EE10FA01DD0420C5E746
:104340000020C3E70146012906D0022906D003292F
:1043500006D0042908D105E0022070470120FCE7BF
:104360000420FAE70320F8E70020F6E7534BB3F9FF
:104370006421002A01DB134600E053421846504BEB
:10438000B3F96421002A01DB134600E053421946C9
:104390004C4A1278012A07D100224B4B1A704B4B22
:1043A0001A704B4B1A700AE0464A1278022A06D15C
:1043B000454B1A700022454B1A70454B1A70424A01
:1043C000127832B1012A5AD0022A2DD0032A6CD198
:1043D0005BE09FED400A404A82ED000A0A2801DCBA
:1043E0000A2902DD0122394B1A70384A1278BAB113
:1043F0000A2815DA0A2913DA354A1278521CD2B281
:10440000334B1A70012A0EDB9FED340A324A82EDDB
:10441000000A01222C4B1A7000222D4B1A7002E068
:1044200000222B4B1A7046E09FED2D0A2A4A82ED9E
:10443000000A0A2801DC0A2902DD0122234B1A7036
:10444000224A1278BAB10A2815DA0A2913DA204A60
:104450001278521CD2B21E4B1A70012A0EDB9FED4D
:104460001F0A1D4A82ED000A0322174B1A70002210
:10447000174B1A7002E00022154B1A701BE09FEDDB
:10448000170A154A82ED000A15E0164A1278012A29
:1044900005D19FED120A104A82ED000A04E09FED5B
:1044A0000F0A0D4A82ED000A05E09FED0C0A0A4A48
:1044B00082ED000A00BF00BF704700008C6D002431
:1044C000286F0024B9020024BA020024BE0200248E
:1044D000BF02002400401CC5C002002400000000F0
:1044E00000401C45A802002400210F4A117040F230
:1044F000DC51884209DB0D49098840F2DC529142C7
:1045000003DC0221084A11700AE0B0F5FA7F07DCEB
:1045100006490988B1F5FA7F02DB0121024A1170D0
:104520000249088070470000B9020024BC02002440
:10453000014671EE602AF0EE621AB0EE602A30EEAB
:10454000423A01208840401E02EE900AF8EEE22A2C
:1045500063EE222A82EEA13AFCEEC32A12EE900A02
:1045600080B2704710B52DED028BB0EE408A064840
:10457000007810B1BDEC028B10BDB0EE480A02F01D
:1045800005FC00BFF6E7000046070024F0B5A1B027
:1045900005460F46012F01DA21B0F0BD28788DF8CD
:1045A00000009DF80000082802DD08208DF80000BA
:1045B0000124002627E02046611C8CB2295C01A85A
:1045C00000EB06100170281904F0BCF801A800EBFC
:1045D000061080ED010A201D84B2281904F0B2F8FB
:1045E00001A800EB061080ED020A201D84B22819F4
:1045F00004F0A8F801A800EB061080ED030A201DC6
:1046000084B2701CC6B29DF80000B04203DD04F114
:104610000D00B842CFDD0448006818B16846024971
:104620000968884700BFB7E7F003002470B52DED97
:10463000028B04460D46182D02DABDEC028B70BDCC
:10464000201D04F07FF8DFED220A30EE200A214819
:1046500080ED000A204604F075F8DFED1F0A30EE09
:10466000200A1C4880ED010A04F1080004F06AF8F1
:10467000184880ED020A04F10C0004F063F81548B4
:1046800080ED030A04F1100004F05CF8114880ED9D
:10469000040A04F1140004F055F8B0EE408A04F066
:1046A0006DFB0C4880ED050A0C48006818B10B48FA
:1046B0000068804700E00020094908600948006858
:1046C00018B1044807490968884700BFB5E70000EA
:1046D0003333933FEC710024CDCCCC3EE003002477
:1046E000E4030024E8030024F0B5A1B005460F461A
:1046F000012F01DA21B0F0BD28788DF800009DF877
:104700000000102802DD10208DF800000124002692
:1047100015E0281904F016F801A800EBC60080ED9A
:10472000000A2919081D04F00DF801A800EBC600C5
:1047300080ED010A04F1080084B2701CC6B29DF835
:104740000000B04203DD04F10800B842E1DD044896
:10475000006818B1684602490968884700BFC9E780
:10476000EC03002470B58AB004460D46032D01DA2F
:104770000AB070BD20788DF8040060788DF80500CF
:10478000A0788DF806009DF80600202802DD202084
:104790008DF806000326002008E03146721C96B210
:1047A000625C0DF107010A54411CC8B29DF8061065
:1047B000814201DDAE42F0DB0448006818B101A877
:1047C00002490968884700BFD2E70000F4030024CB
:1047D0007CB504460D4600200090019004B97CBDD4
:1047E0000C48F6F73FF80821204600F015F82B4654
:1047F000082269460748F6F779FD08B10020EEE780
:10480000082221466846EBF736FE08B10020E6E7AD
:104810000120E4E7F40D002470B505460C4605B10F
:1048200004B970BD0120ECF759FA3223224629461B
:104830000748F6F74FFE00BF05480068C069C0F39F
:1048400080100028F8D00020ECF748FA00BFE8E715
:10485000F40D0024B0EE401B71EE612AF0EE620A06
:104860002C49D1ED002A72EEA02AC1ED002AD0ED2C
:10487000082A91ED003AF4EEC32AF1EE10FA03D2C1
:10488000D0ED082AC1ED002AD0ED082AF1EE622A07
:10489000204991ED003AF4EEC32AF1EE10FA05DD5D
:1048A000D0ED082AF1EE622AC1ED002A1A49D1EDB5
:1048B000002A30EEE22AC1ED000AD0ED002A62EEB5
:1048C000A02A90ED013A1349D1ED003A43EE232A94
:1048D00090ED023AB0EE620A03EE020AD0ED032A2E
:1048E000F4EEC02AF1EE10FA03D2D0ED032AB0EEB6
:1048F000620AD0ED032AF1EE622AF4EEC02AF1EE4C
:1049000010FA05DDD0ED032AF1EE622AB0EE620A5C
:1049100070470000780200247C02002410B519487A
:10492000D0ED000A9FED181A70EE810AB0EE600A11
:1049300016489FED172AF0EE001AB1EE0A1ADFEDC5
:10494000140AD0F8001188474FF47A70F0F766FD2A
:1049500010489FED112ADFED101AB1EE041ADFEDB9
:104960000C0AD0F800110D4890ED000A094888475C
:1049700000200B49087001200A49087000200A49EC
:10498000087010BDD00100246666663F1C690024D3
:1049900000000000246A0024CDCC4C3ED401002449
:1049A000C6010024C8010024C701002410B5064830
:1049B00000F0AAF818B9054800F0A6F808B10120DF
:1049C00010BD0020FCE700007C6B0024846C0024F8
:1049D00010B5064800F0D2F918B9054800F0CEF934
:1049E00008B1012010BD0020FCE700007C6B002412
:1049F000846C0024002006490870064908700649A6
:104A00000880064908700649088006490870704702
:104A1000A9020024AA020024B2020024B402002445
:104A2000B6020024B802002400201349087013497C
:104A30000870134908701349086013490870134936
:104A400008701349088013490870134908801349F6
:104A500008700320124908704FF4787011490880DB
:104A6000002011490870114908709FED110A114882
:104A700080ED000A70470000A8020024A90200246B
:104A8000AA020024AC020024B0020024B1020024D7
:104A9000B2020024B4020024B6020024B9020024A9
:104AA000BA020024BC020024BE020024BF0200247B
:104AB00000000000C002002401210A4A11700A49C6
:104AC00008600021094A1170094A1170094A1170E1
:104AD000094A1180094A1170094A1180094A117066
:104AE00070470000A9020024AC020024B002002498
:104AF000B1020024AA020024B2020024B40200245D
:104B0000B6020024B8020024014691F8C40004282B
:104B100007D091F8C400072803D091F8C4000528F5
:104B200001D1012070470020FCE7000010B5774854
:104B300000787749096888420ED074480078744933
:104B40000860002073490870734908707349088031
:104B500073490870734908806E480078E8B372485A
:104B60000068E0B971489FED722AF6EE001A9FEDD9
:104B7000711ADFED700A9FED6F0AD0F800118847B7
:104B80006D48B7EE002AF6EE001A9FED6A1ADFEDC7
:104B9000690A9FED680AD0F800118847B4E06248BE
:104BA00000680128FAD161489FED642AF6EE001AE8
:104BB0009FED601ADFED5F0A9FED5E0AD0F80011ED
:104BC00088475D48B8EE082AF6EE001A9FED591A9C
:104BD000DFED580A9FED570A00E003E0D0F800111E
:104BE000884791E049480078E8BB55480078E0B92B
:104BF0004E489FED542ADFED541A9FED4E1AFFEEFA
:104C0000000A9FED4C0AD0F8001188474A48B7EED9
:104C1000082ADFED4D1A9FED471AF7EE000A9FEDC7
:104C2000450AD0F8001188471BE04048B8EE082A32
:104C3000DFED451A9FED3F1AF9EE080A9FED3D0A98
:104C4000D0F8001188473C489FED402ADFED3E1A1E
:104C50009FED381AF1EE080A9FED360AD0F80011E0
:104C60008847002000E002E000F0A6F84CE027486A
:104C70000078012848D136480078E0B92B48B1EED9
:104C8000022ADFED341A9FED2B1ADFED330A9FED78
:104C9000290AD0F80011884727489FED302ADFED18
:104CA0002D1A9FED241ADFED2E0A9FED220AD0F86F
:104CB0000011884725E01D48D0F80011294890EDE3
:104CC000002A2948D0ED001A284890ED001A2848FB
:104CD000D0ED000A9FED170A144888471648D0F80F
:104CE0000011244890ED002A1F48D0ED001A1F48FB
:104CF00090ED001A2048D0ED000A9FED0E0A0E48F4
:104D00008847012000F058F810BD0000A8020024D8
:104D10000C030024A9020024AA020024B2020024E9
:104D2000B4020024B6020024AC0200247C6B0024F0
:104D3000333333BF00000000846C002466660640F5
:104D4000B00200246666A6BF9A99993ECDCC4C402D
:104D5000B1020024AE47E13D333333409A9999C004
:104D6000333353C000030024FC020024F802002463
:104D7000F402002408030024040300240146D1EDBA
:104D8000350AB0EEE01AB0EE410AF3EE0D0AB4EEC9
:104D9000E00AF1EE10FA01DD01207047DFED050AAF
:104DA000B4EEE00AF1EE10FA01D20120F5E700209E
:104DB000F3E700006666E63F70B50546FFF7F6FDCF
:104DC00080B13B480078FF2804D239480078401C65
:104DD00037490870364800780A2802D32846FFF77A
:104DE0006BFE70BD0020324908703248D0ED350AA4
:104DF000B0EE600A00F06AF838B92F48D0ED350AF5
:104E0000B0EE600A00F062F810B101202B49087082
:104E1000FFF7DEFD00283DD02848007858B128482B
:104E2000008840F6FF71884210D225480088401C57
:104E3000234908800AE02348008840F6FF71884231
:104E400004D220480088401C1E49088000241B48CA
:104E5000007828B11A480088B0F5967F00D3012465
:104E60001648007820B9174800885A2800D3012432
:104E70007CB115480078FF2804D213480078401C04
:104E80001149087010480078052802D32846FFF71A
:104E900013FE0AE000200C4908700848007820B989
:104EA0000020074908800749088000BF99E70000F3
:104EB000B80200247C6B0024846C0024AA02002425
:104EC000B2020024B6020024B402002400BFF0EEB7
:104ED000C00AB0EE001AF4EEC10AF1EE10FA01DDDC
:104EE000012070470020FCE7F6F76AFEF1F7C4FBEB
:104EF000F9F740FAF6F7B4FFF6F78EFEF7F764F825
:104F0000F7F7A8F8F7F7E6F8F6F7A8FEF6F7EAFEDF
:104F1000F6F72CFFF7F750F9F7F712F9F7F7B8F9AA
:104F2000F7F780F9F7F7ECF9EBF702FEEBF716FF6E
:104F3000F6F73EFB1648F4F7C7FC00211448F5F7D6
:104F400025F808211248F5F721F81248F4F7BCFCBF
:104F50001048F4F719FD40F2DC50F0F75FFAF7F76C
:104F6000B9F80D48F6F722FDF9F76FF9EBF7D4FD24
:104F7000FFF75AFD00F0F4FDFFF7D0FCF7F7F6F964
:104F800001F00EFEF6F736FF01F024FE00BFFEE74B
:104F9000A00B0024EC0B0024380C0024014631B196
:104FA000012907D0022908D003290CD108E00748BD
:104FB0000069704705484069FBE704488069F8E7E5
:104FC0000248C069F5E70020F3E70000540200241E
:104FD000014631B1012907D0022908D003290CD19B
:104FE00008E007480068704705484068FBE7044848
:104FF0008068F8E70248C068F5E70020F3E70000A2
:10500000540200241CB53048007818B92F4908898B
:10501000FFF76AFAFFF7AAF900F006FF01F074FC47
:10502000FDF798FB2A48016F88472A4890ED3B0A14
:10503000BDEEC00A10EE100A00B2274991ED3B0AFE
:10504000BDEEC00A10EE101A09B2CDE900102348D7
:1050500090ED3B0ABDEEC00A10EE100A03B22048E4
:1050600090ED3B0ABDEEC00A10EE100A02B24FF4FA
:1050700000711C48EDF7B2FC1B4890ED3B0ABDEEF9
:10508000C00A10EE100A00B2184991ED3B0ABDEEBD
:10509000C00A10EE101A09B2CDE90010144890EDC4
:1050A0003B0ABDEEC00A10EE100A03B2114890EDA3
:1050B0003B0ABDEEC00A10EE100A02B24FF40071B6
:1050C0000D48EDF78BFC1CBD380300244C03002475
:1050D0001C5A0024685F0024CC5D0024305C00244E
:1050E000945A0024C0090024286F00248C6D0024E9
:1050F000A062002404610024600A002430B52DED74
:105100000A8B83B0F648007860B9F648416F88474B
:1051100000200090034602464FF400710190F248CF
:10512000EDF75CFCEE480078002876D1EF48008867
:1051300040F2DC5188424CDBED480088884248DC74
:10514000EC48007818B90120EB49087006E0E948FE
:105150000078032802D1FF20E7490870E64890F95B
:10516000000000281ADDE348007818B90120E14961
:1051700008702EE0DF480078012803D10220DD49C5
:10518000087026E0DB480078022803D10320D949C3
:1051900008701EE00220D74908701AE0D548007850
:1051A000032803D10220D349087012E0D1480078C7
:1051B000022803D10120CF4908700AE0CD480078C9
:1051C000012803D10020CB49087002E00120C94921
:1051D0000870C6480088B0F5FA7F4EDCC4480088E5
:1051E000B0F5FA7F49DBC348007818B90120C249FD
:1051F000087006E0BF480078032802D1FF20BE49AE
:105200000870BD4890F9000000281BDDB9480078FF
:1052100020B90120B74908702FE032E0B548007886
:10522000012803D10220B349087026E0B148007874
:10523000022803D10320AF4908701EE00220AD49C7
:1052400008701AE0AB480078032803D10220A9496E
:10525000087012E0A7480078022803D10120A54970
:1052600008700AE0A3480078012803D10020A14972
:10527000087002E001209F4908709C4800889C4902
:105280000880F2EE04BAB0EE00CADFED9CCA99487D
:10529000007830B1012817D0022828D003284CD13B
:1052A00038E09FED978A97489FED972AF0EE001A15
:1052B000B2EE041ADFED940AD0F80011934890ED95
:1052C000000A904888473CE09FED918A8D489FED09
:1052D000912AF0EE001AB2EE041ADFED8B0AD0F834
:1052E00000118A4890ED000A8648884729E09FED22
:1052F0008A8A84489FED842AF0EE001AB2EE041ADE
:10530000DFED810AD0F80011804890ED000A7D4859
:10531000884716E09FED818A7A489FED7B2AF0EE60
:10532000001AB2EE041ADFED780AD0F800117748BF
:1053300090ED000A7348884703E0794890ED008AB1
:1053400000BF00BF7748007840B96E4890ED320A40
:105350006E4880ED000A0120724908706B48D0ED5C
:10536000000A78EE600AB0EE600ADFED640AB4EE7F
:10537000E00AF1EE10FA04DDDFED600AB0EE600A3B
:105380000AE0DFED690AB4EEE00AF1EE10FA03D2AA
:10539000DFED650AB0EE600A5C48D0ED000A70EE01
:1053A000800AC0ED000A4E480078E0BB4F48808874
:1053B0005E49088001204D49898840F2DC529142C3
:1053C00001DB022005E049498988B1F5FA7F00DC5C
:1053D0000020022810D15649097802290CD05549DD
:1053E000097849B954490978491C052291FBF2F31F
:1053F00002FB1311504A117078B94D49097861B117
:105400004C49097849B94C490978091D052291FB95
:10541000F2F302FB1311484A1170454908704748DE
:10542000007844490870B9EE040AF0EE408AB1EE03
:10543000040AF0EE409A2A48007818B1284800780B
:1054400002284CD13E48007868B13B4800783D497D
:105450000978884216D0384800783B490870012006
:105460003A4908700EE03948007838B1364800787B
:105470003449087000203549087003E02E48007850
:10548000304908702F48007831490978884267D040
:1054900000242C4800782F490978884261DD2D4886
:1054A000057808E0002D05DB032D03DC2846FFF717
:1054B0008FFD04446D1C234800788542F2DB0120F7
:1054C000254908703CB11E49087001F05CFB20447E
:1054D0002249086002E00020194908706DE0F5E0FB
:1054E000380300241C5A0024C00900244C03002463
:1054F00082020024C601002484020024BC74133CF0
:10550000333343C0246A00240000000088020024D2
:10551000A8C66BBFCDCC4C3E14AE973FCDCC0C4053
:10552000D40100248C020024BC7413BC9202002419
:105530009502002494020024C80100248D02002456
:105540009B02002498020024990200249A0200245D
:1055500096020024970200249C020024A00200244A
:1055600030E0FC480078FC490978884220DAFA48A3
:10557000057808E0012D05DB042D03DC681EFFF72C
:105580000DFD04446D1EF34800788542F2DCFF20D7
:10559000F249087044B10120F149087001F0F3FAB2
:1055A0002044F049086002E00020ED49087004E062
:1055B0000020EB490870E9490870E6480078EA499C
:1055C000087000BFE6480078A8B3E448007890B9B6
:1055D000E5480078E0490978884203DD0120DF4989
:1055E000087008E0E0480078DB490978884202DA70
:1055F000FF20DA49087001F0C6FADA490968081A8A
:10560000002819DC0020D6490870D7480078D24914
:1056100008700020D1490870D448BFEE002ADFEDA1
:10562000D41A1FED471A5FED480A1FED490AD0F85A
:105630000011884745E036E0C84890F9000000288E
:105640000EDDCA48BFEE002ADFEDC91A1FED521A5F
:10565000F9EE040A1FED540AD0F80011884730E033
:10566000BE4890F9000000280EDAC048BFEE002ABC
:10567000DFEDBF1A1FED5C1AF1EE040A1FED5E0AA2
:10568000D0F8001188471CE0B848BFEE002ADFEDD3
:10569000B81A1FED631A5FED640A1FED650AD0F8B2
:1056A000001188470DE0B148BFEE002ADFEDB01AC7
:1056B0001FED6B1A5FED6C0A1FED6D0AD0F800113B
:1056C0008847A7480078AB49087010E00020A94936
:1056D0000870A6481FED742A5FED751A1FED761A43
:1056E0005FED770A1FED780AD0F800118847A248CD
:1056F000007858BBA148C08840F2DC5188420DDBDD
:105700009F480088884209DC9E490978481C00EBC4
:10571000D0714910A0EB41019A4A11709748C08896
:10572000B0F5FA7F0EDC96480088B0F5FA7F09DB09
:1057300094490978481C00EBD0714910A0EB410155
:10574000904A11708D48C0888D4908808D48007836
:1057500010B101282CD115E08B4890ED000ADFED47
:105760008B0A30EE209A8A48B9EE002ADFED891ABA
:10577000B2EE061A5FED9C0AB0EE490AD0F80011AD
:10578000884715E0804890ED000ADFED820A30EE90
:10579000209A7F481FEDA42AF0EE041AB2EE081AF0
:1057A0005FEDA70AB0EE490AD0F80011884700BFA4
:1057B00000BF71480078E8BB7748007838B16F487F
:1057C0000089764908806D484088754908806B4893
:1057D0000089C0280ED171480088C0280AD07149BC
:1057E0000978481CC11700EB91718910A0EB810169
:1057F0006C4A1170614800896849088069480078DE
:10580000022803D067480078032827D15B484088E6
:1058100040F2DC5188420CDB61480088884208DA9B
:1058200061480078032804DA5F480078401C5E492C
:10583000087000E016E051484088B0F5FA7F0DDCB2
:1058400057480088B0F5FA7F08DD574800780028EF
:1058500004DD55480078401E534908704748408889
:105860004F4908804448007818B14348007802281E
:105870006DD14148007802281AD14C48007840B1D7
:1058800002204849087049480078401E464908707F
:105890000EE04748007840B1032042490870444870
:1058A0000078401E4049087002E000203D49087021
:1058B0003C4800783F490978884236D0394800781A
:1058C000022815D13C48D0F874013C4908600020FA
:1058D000354908701FEDF40A394880ED000A1FEDC4
:1058E000F60A384880ED000A01203749087018E0B0
:1058F0002C480078032814D13448D0F874012F497B
:1059000008600020284908709FED310A2C4880ED7E
:10591000000A9FED2F0A2B4880ED000A01202A493A
:10592000087020480078234908709FED290AF0EE9E
:10593000409A9FED270AB0EE40AA1A48007838B185
:10594000012855D0022861D003287DD15FE0BDE059
:1059500040E0000098020024970200249C020024EA
:105960009B020024A0020024960200241468002454
:105970009A99993E8D020024380300244C03002498
:105980008E020024C7010024D00100246666663F11
:105990001C6900246666264081020024C40100249C
:1059A00090020024500200245102002452020024DC
:1059B00053020024A4020024786600247402002408
:1059C000780200247C02002480020024DC6400248D
:1059D000000000005548007848B955484088A0F5B7
:1059E0007870C821484300EE100AB8EEC0AA5FE004
:1059F0004E48007848B94E484088C0F57870C821B4
:105A0000484300EE100AF8EEC09A51E000BF494842
:105A10000078022807D148484849097800EB8100FE
:105A200090ED000A08E046484449097800EB8100FF
:105A300090ED000AB1EE400A4248D0ED000AF8EEBF
:105A4000E00A70EE20AA00E031E03A48007802282F
:105A500003D13D48D0F8740102E03C48D0F874010D
:105A60000BEE100A33480078022802D13248103871
:105A700001E0334810380446F8EECB0AB0EE6A0A6B
:105A80002046FEF7E7FEF0EE408A2A48007802281A
:105A900006D19FED2F0A28EE800AB0EE40AA05E05D
:105AA0009FED2B0A28EE800AF0EE409A00E000BF3E
:105AB00000BF2648B0EE690AD0F890118847224806
:105AC000B0EE4A0AD0F8901188470EE01F481FED4B
:105AD000400AD0F8901188471B481FED430AD0F8C0
:105AE0009011884700201B490870104800781A4917
:105AF0000870002000900190134890ED3B0ABDEE25
:105B0000C00A10EE100A03B2104890ED3B0ABDEE39
:105B1000C00A10EE100A02B24FF400710F48ECF701
:105B20005DFF03B0BDEC0A8B30BD000038030024DC
:105B30004C030024500200241802002451020024C7
:105B40003C0200247402002478660024DC640024F3
:105B5000000048438002002481020024000B00243E
:105B60001CB53848007860B93748416F8847002035
:105B70000090034602464FF4007101903348ECF761
:105B80002DFF3048007868BB3148808840F2DC51F6
:105B9000884203DB01202F4908701FE02C488088D1
:105BA000B0F5FA7F03DC00202A49087016E0284887
:105BB000C088B0F5FA7F06DC002026490870012075
:105BC000254908700AE02248C08840F2DC5188422A
:105BD00004DB01201F490870204908701C494888CF
:105BE000FEF782FCFEF7C2FB1D48D0F890111D485D
:105BF00090ED000A1A4888471B48D0F890111948C0
:105C000090ED000AB1EE400A17488847164890ED1B
:105C10003B0ABDEEC00A10EE100A00B2104991ED29
:105C20003B0ABDEEC00A10EE101A09B200231A4654
:105C3000CDE900104FF400710C48ECF7CFFEFEF7F1
:105C400075FF1CBD380300241C5A0024C009002421
:105C50004C030024A8020024B0020024B102002456
:105C60008C6D0024C0020024286F0024600A0024E8
:105C700010B52B48007868BB2A48808840F2DC5178
:105C8000884201DB02F046FC26488088B0F5FA7FA6
:105C900001DCFEF703F82348408840F2DC518842DB
:105CA00001DB02F06DFC1F480088B0F5FA7F01DCD3
:105CB00002F098FC1B48008840F2DC51884201DB6E
:105CC00002F0C2FC17484088B0F5FA7F27DC02F0EA
:105CD000EDFC24E012480078022813D11248007825
:105CE000012802D1ECF774FD03E002F013FCFDF78C
:105CF000D5FF02F045FC02F075FC02F0A5FC02F0B5
:105D0000D5FC0CE0002009490870094908700949D0
:105D1000087009490870094908700949087010BDE0
:105D2000380300244C0300243B0300241003002408
:105D3000110300241203002413030024140300247D
:105D40001503002410B5044619B10C2901D802B17D
:105D50000BB9002010BD74B10F4800EB810090ED2D
:105D6000000A82ED000A0D4800EB810090ED000A68
:105D700083ED000A0DE00A4800EB810090ED000A77
:105D800082ED000A074800EB810090ED000A83EDE8
:105D9000000A0120DEE70000D0AF010804B00108CE
:105DA00038B001086CB00108014629B10C2903D8AC
:105DB000024830F8110070470020FCE7A0B001084D
:105DC0000B48407830B10A4840780C2802D808487F
:105DD00040787047002106E005481230405C00B969
:105DE00003E0481CC1B20C29F6D300BF0846F0E717
:105DF000F88E00240B48007830B10A48007810284B
:105E000002D8084800787047002106E00548801C49
:105E1000405C00B903E0481CC1B21029F6D300BFB2
:105E20000846F0E7F88E002410B5FEF74FF828B9C1
:105E30001548007808B1FEF709F810BD134800783E
:105E400040B11248407828B10F48007808B1FDF7FA
:105E5000FDFFF2E70C48007810B9FEF785F8ECE793
:105E6000FEF748F800B9E8E707488078032802D32E
:105E7000FDF7ECFFE1E704498978491CC8B2FEF759
:105E800057F800BFD9E70000A08E0024CD060024FB
:105E900001460C2901D8012070470020FCE70000D2
:105EA00010B52DED028BF0EE408AB0EE680A02F0DC
:105EB00065FFB0EE408A9FED130AB4EEC08AF1EEA2
:105EC00010FA06DC9FED100AB4EEC08AF1EE10FA6B
:105ED00003D80120BDEC028B10BD9FED0C0AB4EE7F
:105EE000C08AF1EE10FA01DD0220F3E79FED080A07
:105EF000B4EEC08AF1EE10FA01DD0020EAE70320DB
:105F0000E8E7000000000743000007C30000344238
:105F1000000034C270B504460D4604B10DB900202E
:105F200070BD02F057F908B90020F9E702F032F924
:105F300006462A462146304600F002F80120EFE7E7
:105F400070B504460D46164604B970BDD4ED051A69
:105F5000B0EE611AD4ED011AF0EE610AD4ED001A28
:105F6000B0EE610A3146284600F002F800BFECE7C7
:105F700070B52DED048BB0EE408BB0EE419A044627
:105F80000D462A462146B0EE491AF0EE680AB0EEF8
:105F9000480A002000F021F8BDEC048B70BDFCB570
:105FA0000646B0EE401A0F4614461D4604B105B928
:105FB000FCBD6B4601AA3946304600F02FF89DED36
:105FC000010A31EE400A84ED000A9DED000A30EE30
:105FD000C00A85ED000A00BFEAE72DE9F0412DED8A
:105FE000048B0646F0EE408AB0EE609AB0EE418A2D
:105FF0000C461546B0EE480AFFF752FF07462B46FF
:1060000022463946F0EE490AB0EE680A3046FFF7FC
:10601000C6FFBDEC048BBDE8F081000030B504463E
:1060200002B103B930BD032900D90021084674B17B
:106030000F4D05EB800595ED000A82ED000A0D4D30
:1060400005EB800595ED000A83ED000A0DE00A4D91
:1060500005EB800595ED000A82ED000A074D05EB82
:10606000800595ED000A83ED000A00BFDAE7000025
:106070003CB201084CB201081CB201082CB2010864
:1060800010B52DED028BB0EE408B062400210620CA
:10609000F6F784FE30B900210620F6F7BBFEBDEC12
:1060A000028B10BDB0EE681AF0EE480A9FED030AAD
:1060B00000210620F6F7D8FF00BFF0E7000000003F
:1060C0000249086B00B90120704700005006002407
:1060D00010B5062400210620F6F79CFE10BD000036
:1060E00010B530210548EAF7BBF94FF0FF300349FE
:1060F0000860002081F8250010BD00008C060024F7
:106100001CB5694601A8FFF705FF60B19DED010AC6
:10611000074880ED050A9DED000A80ED060A012082
:106120000349087702E00020014908771CBD000000
:106130003006002410B5002003490870FFF7C8FF9F
:10614000FFF7CEFF10BD0000BC06002410B52DEDFA
:10615000028B0446B0EE408AFFF7BAFF5CB184EDD3
:10616000008A012020739FED070A84ED010A9FED4C
:10617000050A84ED020AFFF7DDFF0020BDEC028B6B
:1061800010BD0000000000000148007870470000CA
:10619000BC0600240348816B481C08B906207047E0
:1061A000C8B2FCE75006002400487047908E0024D7
:1061B0002DE9F04105460E46174602F00BF818B9D6
:1061C0004FF0FF30BDE8F08101F0E4FF04463246B5
:1061D00029462046FFF7B4FE94ED050A87ED000A34
:1061E0000020EFE710B5044619480460FDF7A3FD51
:1061F000174948600846406888609FED160A0846BF
:1062000080ED030A9FED130A80ED040A9FED110A49
:1062100080ED050A9FED0F0A80ED060A9FED0D0A3D
:1062200080ED070A9FED0B0A80ED080A002081F837
:10623000240081F8250081F826009FED060A084613
:1062400080ED0A0A9FED030A80ED0B0A10BD0000E5
:106250008C060024000000002DE9F04F2DED0C8B82
:106260008DB007460C469FEDFE0AB0EE409A9FEDBA
:10627000FC0AF0EE408A9FEDFA0AB0EE40CA9FEDAC
:10628000F80AF0EE40BA9FEDF60AB0EE40AA0FB958
:106290000225FBE200F088FB08B90325F6E2F1488D
:1062A0000078B0B9F048806B58B9002544B1EF4B85
:1062B000D3E90021D3E90203C4E90203C4E90021C0
:1062C000E4E224B1002020606060A060E060062568
:1062D000DCE2E7480068B968884202D0B868FFF796
:1062E00081FFFDF728FD8046E1488168A8EB0100A9
:1062F00000EE100AB8EEC00ADFEDDE0A20EE208ABA
:106300009FEDDD0AB4EEC08AF1EE10FA06D3B6EEC8
:10631000000AB4EEC08AF1EE10FA03DD9FEDD70A51
:10632000B0EE408AD248C0F808804068A8EB000070
:10633000CD49496B884209D324B1002020606060B8
:10634000A060E060FFF7F6FE05259FE29FEDC40A1E
:106350008DED0C0A9FEDC20A8DED0B0A9FEDC00A70
:106360008DED0A0A0AAA0BA90CA8FFF721FF8146A6
:10637000B9F1000F01D0042588E297ED000ADDEDA8
:106380000C0A30EE600AB0EE409A97ED010ADDED9E
:106390000B0A30EE600AF0EE408A69EE090A48EE18
:1063A000A80AB0EE600AFCF70FFDB0EE40CAB0EEEE
:1063B0004C0A00F09FFB9DED0A0ADFEDB10A60EE8A
:1063C00020CAA94890ED0B0AB4EECC0AF1EE10FAFF
:1063D00001DB012000E000200790FFF771FE8246FC
:1063E000A34890F8250078B1079830B90020A0495B
:1063F00081F8250081F8260006E0B0EE4C0A204620
:10640000FFF7A4FE054641E20798D8B1984890F8F6
:106410002600FF2806D2964890F82600401C944992
:1064200081F82600924890F8260050450ED30120AE
:106430008F4981F82500B0EE4C0A2046FFF786FE12
:10644000054623E200208A4981F826005CB184EDEC
:1064500000CA002020739FED820A84ED010A9FED9F
:10646000800A84ED020A804E814890F82400B8B971
:10647000D6ED00AA96ED02BAD6ED099A2AEE890A5F
:106480007B48D0ED050A0BEE200A8DED090A2AEEB5
:10649000A80AD0ED060A0BEE200A8DED080A16E0D8
:1064A000D6ED01AA96ED03BAD6ED0A9A2AEE890A2C
:1064B0006F48D0ED070A0BEE200A8DED090A2AEE8F
:1064C000A80AD0ED080A0BEE200A8DED080A96ED19
:1064D000040AB5EEC00AF1EE10FA20DD96ED040ACA
:1064E0006348D0ED030A79EE600A20EE200AC0EE80
:1064F000080A9DED090A30EE800A8DED090A96ED35
:10650000040AD0ED040A78EEE00A60EE200A80EE7C
:10651000880ADDED080A30EE200A8DED080A54489D
:1065200080ED039AC0ED048A96ED05DAB0EE4D0ACF
:1065300008A909A800F0A2FA8346BBF1000F52D1C6
:106540004B4890F8240038BB494890ED050A09EE05
:10655000080A80ED050A90ED060A08EE880A80ED2B
:10656000060AD0ED050AB0EE600AB0EE691AF1EE47
:10657000690AFDF7CBFB3E4880ED050AD0ED060A1F
:10658000B0EE600AB0EE691AF1EE690AFDF7BEFBE3
:10659000374880ED060A26E0354890ED070A09EEF7
:1065A000080A80ED070A90ED080A08EE880A80EDD7
:1065B000080AD0ED070AB0EE600AB0EE691AF1EEF3
:1065C000690AFDF7A3FB2A4880ED070AD0ED080A07
:1065D000B0EE600AB0EE691AF1EE690AFDF796FBBB
:1065E000234880ED080AB0EE6C0AFCF723FBDDEDD2
:1065F000090A60EE209AB0EE6C0AFCF79DF9DDED19
:10660000080A40EE209AF0EE69BAB0EE6C0AFCF788
:1066100011FBDDED080A60EE209AB0EE6C0AFCF783
:106620008BF9DDED090A40EE609AB0EE69AA0E48DA
:1066300090ED050AF0EE409AB0EE691AF1EE690AA3
:10664000B0EE6B0AFDF762FBF0EE40BA064890ED43
:10665000060AB0EE401A90ED060AB1EE400A11E0CB
:1066600000000000BC06002450060024908E002488
:106670008C0600246F12833A17B7D1380AD7A33C8F
:1066800035FA8E3CF0EE400AB0EE4A0AFDF73EFBCA
:10669000B0EE40AA9248007800287DD09148B0F929
:1066A00064019149B1F96411401A9049B1F964113A
:1066B00008448F49B1F96411401A00EE100AB8EE8F
:1066C000C00AF5EE000A20EE200ADFED8A0A80EE0D
:1066D000201AB0EE41BA8348B0F964018249B1F999
:1066E000641108448149B1F96411401A8049B1F933
:1066F0006411401A00EE100AB8EEC00AF5EE000A66
:1067000020EE200ADFED7B0A80EE201AB0EE41DA9F
:106710003BEECB0AF0EE40AA774890ED0A0A7048AB
:10672000D0ED020A60EEAA0A00EE880A724880EDF7
:106730000A0A6B48D0ED041AB0EE611AD0ED041AC3
:10674000F1EE611AF0EE610A6B48D0ED0A1AB0EE74
:10675000610AFDF7DBFA684880ED0A0A90ED0A0A43
:106760005F48D0ED010A00EEAA0AF0EE409A90EDE3
:10677000050AB0EE401A90ED050AB1EE400AF0EEBF
:10678000400AB0EE690AFDF7C1FAF0EE409A3BEE1E
:10679000A90AF0EE40BA00E06BE05848C0ED129A4A
:1067A0003AEE4D0AF0EE40AA534890ED0B0A4C48E1
:1067B000D0ED070A60EEAA0A00EE880A4E4880ED86
:1067C0000B0A4748D0ED091AB0EE611AD0ED091A4C
:1067D000F1EE611AF0EE610A4748D0ED0B1AB0EE07
:1067E000610AFDF793FA444880ED0B0A90ED0B0A1D
:1067F0003B48D0ED060A00EEAA0AF0EE409A90ED72
:106800000A0AB0EE401A90ED0A0AB1EE400AF0EE24
:10681000400AB0EE690AFDF779FAF0EE409A3AEED6
:10682000290AB0EE40AA3548C0ED139A344890EDDD
:10683000050AB0EE401A90ED050AB1EE400AF0EEFE
:10684000400AB0EE6B0AFDF761FAF0EE40BA2C4850
:1068500090ED060AB0EE401A90ED060AB1EE400A3D
:10686000F0EE400AB0EE4A0AFDF750FAB0EE40AA48
:1068700000BF1CB1C4ED01BA84ED02AAF0EE4A0AD1
:10688000B0EE6B0AFFF7FCFB012500BF1C488563D7
:10689000FDF751FA06461B480068301A142818D331
:1068A000184806608DED019ACDED028A8DED03CA80
:1068B000114890F8240000EE100AB8EE400A8DED61
:1068C000040ACDED05BA8DED06AA01A801F0D1FCB0
:1068D00000BF28460DB0BDEC0C8BBDE8F08F00006A
:1068E00090080024945A0024305C0024CC5D0024DD
:1068F000685F0024000048428C0600243C640024A9
:1069000050060024C00600240EB516480078022860
:1069100000D00EBDF7F796F828B9F6F739FA10B996
:10692000F6F748FD00B1F4E70F4890ED000A8DED51
:10693000000A90ED010A8DED010A806802900B4972
:106940006846FFF789FCFFF7DBFB0948007830B1A8
:106950000748C06818B1FFF71DFC0549086100BF72
:10696000D7E7000038030024848E0024908E002492
:1069700030060024094880ED000AC0ED010A806855
:10698000401C20B105488068401C044988600120F3
:10699000034908700349886370470000848E00240F
:1069A000BC06002450060024334991ED000AB5EEE0
:1069B000C00AF1EE10FA1BD391ED010AB5EEC00A40
:1069C000F1EE10FA14D391ED020AB5EEC00AF1EE21
:1069D00010FA0DD391ED030AB5EEC00AF1EE10FAEC
:1069E00006D391ED040AB5EEC00AF1EE10FA01D219
:1069F0000020704791ED050AB5EEC00AF1EE10FADD
:106A000006D991ED060AB5EEC00AF1EE10FA01D8EA
:106A10000020EEE791ED0B0AB5EEC00AF1EE10FA98
:106A200001D80020E5E7486B08B90020E1E791EDC7
:106A3000090AB5EEC00AF1EE10FA06D991ED0A0A7C
:106A4000B5EEC00AF1EE10FA01D80020D1E791EDC1
:106A5000080AB5EEC00AF1EE10FA08D991ED070A5E
:106A6000D1ED080AB4EEE00AF1EE10FA01D80020E8
:106A7000BFE70120BDE700005006002470B52DEDF2
:106A8000028B05460C46B0EE408AD5ED000A60EE5A
:106A9000A00A94ED001AD4ED001A41EE210AB0EEDE
:106AA000600AFCF791F9F0EE408AF4EEC88AF1EE44
:106AB00010FA1ADD9FED0E0AF4EEC08AF1EE10FA1C
:106AC00013DDC8EE280AB0EE600AD5ED000A60EECC
:106AD000800AC5ED000AD4ED000A60EE800AC4ED1C
:106AE000000A0120BDEC028B70BD0020FAE7000017
:106AF000BD3786351948D0ED071AF0EE610AD0EDA2
:106B0000081AB0EE611A164890F8240090B9B4EE55
:106B1000C10AF1EE10FA1FD20120114981F82400B8
:106B2000DFED101A0846C0ED051ADFED0E1AC0EDB4
:106B3000061A11E0B4EEE00AF1EE10FA0CDD0020C6
:106B4000074981F82400DFED071A0846C0ED071A4F
:106B5000DFED041AC0ED081A70470000500600244B
:106B60008C0600240000000070B50546F4F756FEC0
:106B700010B16FF0050404E0002415B1284601F0BF
:106B8000BBFF204670BD10B5F4F748FE18B102F007
:106B90004DFC044602E002F043FC0446204610BDD2
:106BA00070B5F4F73BFE10B16FF005040EE002F093
:106BB00027FC0546012D07D10548006820B90120B2
:106BC00003490860002401E04FF0FF34204670BD07
:106BD0007C00002470B5F4F721FE10B16FF00504BD
:106BE00024E002F00DFC0546012D1DD1104800687F
:106BF000012819D100BF801F0021002804DB0A07EB
:106C0000130E0C4A135406E00A07160E0A4A00F047
:106C10000F031B1FD65400BF00BF022004490860A9
:106C200001F0FAFF002401E04FF0FF34204670BD70
:106C30007C00002400E400E018ED00E02DE9FF47AF
:106C400080468946144600200390F4F7E7FD0028AB
:106C50004ED1B8F1000F4BD0802618258246471E32
:106C600044B3206808B1D4F800A0A06900B1A569B8
:106C70002DB1382D03D8207900F0010018B1002083
:106C800004B0BDE8F087606908B160698608A06853
:106C900040B1E0685C2805D3206918B1606908B18B
:106CA000012708E0A06830B9E06820B9206910B970
:106CB000002700E00027012F0CD12169A0684B4676
:106CC0003246CDE9005102905146404602F036FB73
:106CD00003900DE067B903A8B2B24B465146CDE927
:106CE0000050404602F0F4FA012801D00020039041
:106CF0000398C5E708B58DED000A00990170009969
:106D0000090A41700099090C81700099090EC1703F
:106D100008BD0146C82901D100207047B1F5C87FE0
:106D200001D10120F9E7B1F5167F01D10220F4E786
:106D30000020F2E72DE9F0430246501E4FF0030811
:106D4000B0FBF8F0C3B2501EB0FBF8F908FB190411
:106D5000481EB0FBF8F0C5B2481EB0FBF8F908FBBE
:106D60001906AB4201DD581B00E0E81AC7B2B44275
:106D700001DDA01B00E0301B00F0FF0C07EB0C0056
:106D8000012801D1BDE8F0830020FBE710B52DED0F
:106D9000028BB0EE408A9FED061AF0EE480A9FED96
:106DA000040A01210220F6F75FF9BDEC028B10BD49
:106DB0000000000010B50446FDF71CFE01480470F9
:106DC00010BD0000A802002400201249097801F03B
:106DD000010129B10F498978814201DD0D49887887
:106DE0000C49097801F0020129B10A49C9788142A8
:106DF00001DD0849C8780749097801F0040129B183
:106E000004490979814201DD024908790149487044
:106E100070470000AC8E00240146022901D10420F5
:106E200070470320FCE700002DE9F04105460E46BF
:106E30002148076821480068001D01F0D3FC681C48
:106E4000E0B9DEB100BF1E4948681C490968886086
:106E50001A4982680968CA6018490968091D826868
:106E6000516016490968091D8160154A134909686E
:106E70004A6111460968491C11601AE07C190F48E3
:106E800000684460BC4207D20C480168091D0D48E7
:106E9000006801F0E3FC0CE008480168091D0A489D
:106EA000006801F0DBFC09480068844201D2074811
:106EB0000460BDE8F08100003C00002428000024AC
:106EC000DC150024300000242C000024580000248D
:106ED00010B5044601F0DCFC33480068401C324920
:106EE00008603248006840B93048046008460068CD
:106EF00001280DD100F0DEF90AE02D48006838B90C
:106F00002A480068C06AE16A884201D827480460BC
:106F100028480068401C27490860084600686064EB
:106F200000BF00BF2449E06A0968884202D92249AB
:106F3000E06A086000BF00BFE16A01EB81011F4AFF
:106F400002EB81014868A0608268E260211D8268CE
:106F500051608160E16A01EB8101184A02EB810214
:106F60006261E16A01EB8101144A52F82110491C67
:106F7000E26A02EB8202114B43F8221000BF00BF0D
:106F800001F0B0FC0A48006868B108480068C06AAF
:106F9000E16A884207D24FF0805009490860BFF388
:106FA0004F8FBFF36F8F10BD3800002428000024DE
:106FB0004400002454000024400000242C1100242C
:106FC00004ED00E008B501F063FC12480068E8B980
:106FD000114801F033FC114801F030FC0E48104913
:106FE00008600E480F49086000200F4B0F4A10211F
:106FF00000900A2001F0B4FF0649086008460068C6
:1070000020B10BA10348006801F020FD01F06AFCEB
:1070100008BD000070000024F015002404160024B0
:10702000680000246C000024181600246816002450
:10703000546D72510000000010B516E001F028FCFC
:107040000C48C068C468201D01F0CCFB0A480068E9
:10705000401E0949086009480068401E0749086049
:1070600001F040FC204600F020F8044800680028A9
:10707000E4D110BDC81500243800002434000024D9
:1070800070B504460D46206C70B1216CE068014477
:10709000E160D4E90210884201D32168E16028460A
:1070A000226CE168E9F7C3F970BD10B5044694F8A5
:1070B000590030B9206B01F033FC204601F030FC60
:1070C0001AE094F85900012803D1204601F028FC69
:1070D00012E094F85900022801D1012000E00020BC
:1070E00050B900BF502080F31188BFF34F8FBFF31A
:1070F0006F8F00BF00BFFEE710BD00000146084AC9
:10710000126812680AB9012200E000220A600A68C7
:1071100022B9034A1268D268106800E00020704764
:107120006800002430B54FF47053154800F0070490
:107130002CB1C01D20F00700114C041B1B1B024684
:10714000104C226000240F4D6C60D018083820F0DD
:1071500007000D4C206000240B4D2D686C600A4D1B
:107160002D682C601146441A4C60074C24680C6052
:10717000064D4C682C60064D4C682C6030BD0000FC
:10718000C01D0024800000248800002490000024FA
:107190008C00002400BFFFF74FFF0648006801285D
:1071A000F9D94FF0805004490860BFF34F8FBFF307
:1071B0006F8FF0E72C11002404ED00E02DE9F04181
:1071C00006460D4617469846069C0DB9246000E019
:1071D0002760E66325640121204601F00FFF84F853
:1071E0004C80BDE8F0812DE9F05F82460F46904665
:1071F0009B460A9E0C9C4FEA8801A522206BE9F76A
:1072000028F9A8F10100216B01EB800929F0070999
:1072100009F0070008B9012000E0002050B900BFC4
:10722000502080F31188BFF34F8FBFF36F8F00BFE3
:1072300000BFFEE77FB1002507E0795D04F134006F
:107240004155785D00B902E06D1C102DF5D300BFEB
:10725000002143200155382E01D2012000E00020FA
:1072600050B900BF502080F31188BFF34F8FBFF398
:107270006F8F00BF00BFFEE7382E00D33726E662CF
:10728000E664201D01F0E7FA04F1180001F0E3FACA
:107290002461C6F13800A06164625A4651464846EE
:1072A00000F020FB20600B9808B10B980460BDE84B
:1072B000F09F000010B5002407E004EB84010F4AA2
:1072C00002EB810001F0BAFA641C382CF5D30C48AB
:1072D00001F0B4FA0B4801F0B1FA0B4801F0AEFA34
:1072E0000A4801F0ABFA0A4801F0A8FA0448094933
:1072F000086004480849086010BD00002C110024F3
:107300008C150024A0150024B4150024C8150024F1
:10731000DC1500242C0000243000002410B50146A8
:10732000164800E0006803688B42FBD302464368BE
:1073300013448B4204D143684C68234443600146A4
:107340000A464B6813440468A34211D10C4C0368ED
:107350002468A34208D04B680468646823444B60E7
:1073600003681B680B6005E0054B1B680B6001E0C0
:1073700003680B60884200D0016010BD80000024CB
:10738000880000242DE9F04104460D4616461F46AC
:107390004FF0000865602461B5420CD8F01BA1696C
:1073A000884202D34FF0010811E0211D094800680E
:1073B00001F054FA0BE0BE4204D2BD4202D34FF0BA
:1073C000010804E0211D0448006801F047FA404626
:1073D000BDE8F0816C0000246800002470B505460B
:1073E00001F056FAA86B08B9012400E0002401F06E
:1073F00079FA204670BD000070B505460E460E486D
:107400000068C068C468201D01F0ECF994F82800F9
:1074100000F0040028B132462946204600F0EEF87C
:1074200005E094F8280000F0FE0084F828002046CB
:10743000216A884770BD00006800002470B586B0DE
:1074400094E00298002811DA03AE56B900BF50202C
:1074500080F31188BFF34F8FBFF36F8F00BF00BF62
:10746000FEE7D6E90020B168904700BF02980028E7
:107470007CDB049C606908B9012000E0002010B9A1
:10748000201D01F0AFF901A800F0E4F805460298CC
:107490000A2869D2DFE800F06805072E365806088A
:1074A0002F3700BF00BF00BF94F8280040F0010054
:1074B00084F828000398A269811803462A462046CA
:1074C000FFF760FFA8B194F8280000F0040038B17D
:1074D0000398A26981182A46204600F08FF805E03B
:1074E00094F8280000F0FE0084F828002046216A65
:1074F00088473AE000BF94F8280000F0FE0084F8C6
:10750000280032E000BF94F8280040F0010084F821
:1075100028000398A061A06908B1012000E00020C4
:1075200050B900BF502080F31188BFF34F8FBFF3D5
:107530006F8F00BF00BFFEE7A06941192B462A46A6
:107540002046FFF71FFF10E094F8280000F002002B
:1075500018B9204601F0E4F905E094F8280000F09D
:10756000FE0084F8280000E000BF00BF002202A94E
:107570000448006801F0B0FD00287FF462AF06B057
:1075800070BD000070000024F8B505460C4601F0FF
:10759000A3FB684600F05EF80646009820BB44B99D
:1075A000B54206D802F0CCF831462846FFF724FF52
:1075B0001CE03CB10E480068006808B9012000E0FA
:1075C00000200446A91B22460A48006801F06EFA12
:1075D00002F0B6F850B94FF0805007490860BFF389
:1075E0004F8FBFF36F8F01E002F0AAF8F8BD0000E3
:1075F0006C0000247000002404ED00E070B5044627
:107600000D46164604E0A06905442046216A8847D5
:10761000A06941192B4632462046FFF7B3FE0028E9
:10762000F1D170BD09480068006808B9012000E088
:10763000002020B14FF0FF300549086005E0034805
:107640000068C06800680249086070472C00002488
:107650005800002470B5044601F0E2FE05460748D4
:107660000068854204D200F00BF80120206001E0A0
:107670000020206001480560284670BD7800002485
:1076800070B508E00D480068C06804684FF0FF312D
:107690002046FFF7B1FE09480068006808B90120DC
:1076A00000E000200028EDD0044805680448006888
:1076B000024908600248056070BD000068000024AF
:1076C0006C0000240E480068401C08B9012000E04E
:1076D000002050B900BF502080F31188BFF34F8FB6
:1076E000BFF36F8F00BF00BFFEE700BF502080F3E5
:1076F0001188BFF34F8FBFF36F8F00BF00BFFEE74E
:107700009C00002408B500BF6846FFF7F7FC04465C
:1077100020460099FFF738FFFFF790FEF4E770B5B9
:10772000044601F0B5F894F9455010E0606A08B9D4
:10773000012000E0002038B904F1240001F066FFC8
:1077400018B101F013FA00E003E0681E45B2002D05
:10775000ECDC00BFFF2084F8450001F0C3F801F025
:1077600097F894F9445010E0206908B9012000E02E
:10777000002048B904F1100001F048FF08B101F001
:10778000F5F9681E45B200E001E0002DECDC00BF19
:10779000FF2084F8440001F0A5F870BD2DE9F04702
:1077A00004464FF0000901F097FA4948006808B90B
:1077B000FFF7B8FCDCB114F1090F01D9012000E09A
:1077C000002098B9083404F0070080B104F00700E5
:1077D000C0F10808C8F1FF30A04201D2012000E04A
:1077E000002008B9444402E0002400E00024012005
:1077F00000EBE470002853D0002C51D035480068CD
:1078000084424DD8344E3046056801E02E462D683E
:107810006868A04202D228680028F7D12C48006886
:1078200085423DD0306800F10809286830606868FA
:10783000001B102819D92F1907F0070008B90120DB
:1078400000E0002050B900BF502080F31188BFF342
:107850004F8FBFF36F8F00BF00BFFEE76868001B4C
:1078600078606C603846FFF759FD1A496868096806
:10787000081A1849086008460068184909688842CB
:1078800003D21448006815490860686840F0004059
:1078900068600020286012480068401C1049086099
:1078A00001F04EFF09F0070008B9012000E00020B8
:1078B00050B900BF502080F31188BFF34F8FBFF342
:1078C0006F8F00BF00BFFEE74846BDE8F0870000AD
:1078D000880000248C0000248000002490000024F4
:1078E00094000024001F4FF080730360001F21F0FC
:1078F00001030360001F054B036014380260001F82
:107900006FF002030360203870470000C57601085D
:107910002DE9F04107460C4615461E4614483968C5
:107920000160B9888180B9798171C471007A401C85
:107930000F49087235B11E2229460D480930E8F773
:1079400076FD04E01E210A480930E8F789FD3CB9BC
:1079500036B11E22314606482730E8F768FD04E0BC
:107960001E2103482730E8F77BFDBDE8F0810000C9
:1079700080710024064A0368C2F8453082F8491035
:1079800092F84A20521C024B83F84A2070470000AC
:107990008071002430B591B005461D48296801600A
:1079A000A9888180A979817101201A490870202154
:1079B00009A8E8F755FD202101A8E8F751FD09A91C
:1079C000284600F047F9044684B901A909A800F047
:1079D000CCF8114909A800F0C8F801200F49087037
:1079E0000F480068401C0E49086004E00D4800681C
:1079F000401C0C4908600CB901A800E000200346B7
:107A000009AA21462846FFF783FF11B030BD0000C8
:107A1000850300248C030024CB71002482030024FE
:107A2000900300249403002438B50546694628468F
:107A300000F046F8044621462846FFF79BFF64B94C
:107A40009DF800000849087001200849087008489E
:107A50000068401C0649086004E006480068401CB5
:107A60000449086038BD0000830300248403002417
:107A7000980300249C03002438B504466946204638
:107A800000F03DFA05461DB99DF80000042805D018
:107A900007480068401C0649086038BD0548006872
:107AA000401C0449086000F0C4FA00BFF5E700007C
:107AB000A4030024A0030024014681F0CC007047F9
:107AC00070B504460D4604B10DB9042070BD207890
:107AD000CC2802D1E078DD2801D00120F6E76078DB
:107AE000012801D00220F1E70120FFF7E5FFA1788E
:107AF000884201D00320E9E7012028700020E5E753
:107B0000034603B10AB900207047187930B9CC296F
:107B100002D11970012018710020F5E718790428A6
:107B20001AD2187919541879401C18711879042838
:107B300010D1002018711878CC2806D1D878DD280B
:107B400003D1186810600120DEE7CC2902D119703A
:107B5000012018710020D7E70020D5E700B9704751
:107B600000210171016000BFF9E770B505460E46BE
:107B700005B106B970BD1E213046E8F771FC2878C2
:107B8000307068787070002405E0A81C015DB01C9E
:107B90000155601CC4B22878A04201DD102CF4D33A
:107BA000002407E005F11200015D06F11200015505
:107BB000601CC4B26878A04201DD0C2CF2D300BF77
:107BC000D8E72DE9F04105460E4617462878AA2841
:107BD00002D1A879BB2802D00120BDE8F0813A4645
:107BE0003146681C00F07CF8002407E0305DFEF7A9
:107BF0004FF908B90220F0E7601CC4B2072CF5D396
:107C00000021002408E0305D08B9012102E009B13B
:107C10000520E2E7601CC4B2072CF4D3002407E07F
:107C2000385DFEF735F908B90320D6E7601CC4B209
:107C3000032CF5D30021002408E0385D08B90121A8
:107C400002E009B10620C8E7601CC4B2032CF4D3DB
:107C50000020C2E72DE9FE4381460D4615B90420F8
:107C6000BDE8FE831E212846E8F7FAFB6A4601A913
:107C70004846FFF7A6FF8046B8F1000F01D0404606
:107C8000EEE7002600240EE001A8005D00B90CE03C
:107C9000102E06D201A8025D3046711CCEB2A91C7E
:107CA0000A54601CC4B2072CEED300BF2E7000270C
:107CB00000240FE01DF8040000B90DE00C2F07D2DE
:107CC0001DF804203846791CCFB205F112010A5480
:107CD000601CC4B2032CEDD300BF6F700020BFE75F
:107CE00003781B090B70037803F00F034B70437884
:107CF0001B098B70437803F00F03CB7083781B094B
:107D00000B71837803F00F034B71C3781B098B71E0
:107D1000C37803F00F03137003791B0953700379C1
:107D200003F00F0393707047034603B10AB90020B4
:107D30007047D87930B9AA2902D119700120D871B9
:107D40000020F5E7D87907281ED2D8791954D879B8
:107D5000401CD871D879072814D10020D871187820
:107D6000AA280AD19879BB2807D11868106098888A
:107D70009080987990710120DAE7AA2902D11970D0
:107D80000120D8710020D3E70020D1E700B9704767
:107D90000021C17101608180817100BFF7E770B57A
:107DA00004460D462046F2F75DFD0F20216808626B
:107DB000012229462046F3F729FB70BD014681F0D8
:107DC00055007047014619B1032901D801207047B9
:107DD0000020FCE770B504460D4604B10DB904203F
:107DE00070BD2078552802D1E078AA2801D0012062
:107DF000F6E76078FFF7E2FFA178884201D0022021
:107E0000EEE76078FFF7DEFF08B90320E8E7607867
:107E100028700020E4E7000038B504466946204693
:107E2000FFF7D8FF054614482168016005714079C5
:107E3000401C11494871ADB910489DF800100170FF
:107E40000D489DF80010817101200D4908700D4802
:107E50000068401C0B49086061789DF8000000F044
:107E6000DEF807E004480021817107480068401CE3
:107E70000549086038BD0000A8030024B4030024AD
:107E8000B5030024B8030024BC030024034603B157
:107E90000AB900207047187930B9552902D11970F4
:107EA000012018710020F5E7187904281AD21879F2
:107EB00019541879401C18711879042810D1002021
:107EC00018711878552806D1D878AA2803D11868CF
:107ED00010600120DEE7552902D1197001201871C8
:107EE0000020D7E70020D5E700B9704700210171D5
:107EF000016000BFF9E7014681F0EE00704770B500
:107F000004460D4604B10DB9042070BD2078EE285A
:107F100002D1E078FF2801D00120F6E76078FFF772
:107F2000EAFFA178884201D00220EEE7607810B124
:107F30006078052801D90320E7E7607828700020E1
:107F4000E3E7000038B5044669462046FFF7D7FF4F
:107F5000054613482168016005714079401C1049AD
:107F60004871A5B99DF800000E4908709DF8000001
:107F70000B49887101200C4908700C480068401CAE
:107F80000A4908609DF8000000F059F807E0002059
:107F90000349887106480068401C0549086038BDDF
:107FA000C0030024CC030024CD030024D00300240C
:107FB000D4030024034603B10AB90020704718799E
:107FC00030B9EE2902D11970012018710020F5E7AF
:107FD000187904281AD2187919541879401C187184
:107FE0001879042810D1002018711878EE2806D1CD
:107FF000D878FF2803D1186810600120DEE7EE2949
:1080000002D11970012018710020D7E70020D5E7B0
:1080100000B9704700210171016000BFF9E770B538
:1080200004460D46012C03D12946062000F018F81D
:1080300070BD10B50421084600F012F810BD38B527
:108040000446002000906946204600F01AF800B966
:1080500038BD21469DF8000000F002F800BFF7E7A8
:1080600038B504460D4604B938BD8DF800400020EF
:108070008DF801008DF802506846E8F7ADFB00BFAF
:10808000F2E7024611B10AB1052A01D90020704772
:10809000062A01D10020FAE70A700120F7E701461D
:1080A000B1F5FA7F01D80020704740F2DC508142E0
:1080B00001D30120F8E70220F6E700002DE9F041A6
:1080C00004463148007820B101280CD0022857D14D
:1080D00020E0A52C06D12D48047001202C490880F1
:1080E000294908704CE05A2C07D1284844700220D6
:1080F00027490880244908700BE0002022490870B5
:10810000A52C06D1214804700120214908801E4970
:10811000087035E01E4801880088401C1C4A108009
:108120001A48445410460088052828DB17488778E9
:10813000C0781649097940EA0125402D03DD002069
:10814000114908701CE0A81D86B211480088B04291
:1081500014DB2A460D49491D3846FBF791FB804642
:10816000701E0A49085C404504D12A46491D38461C
:10817000FBF730FF00200449087000BF00BF00BFBC
:1081800000BFBDE8F0810000FA030024047200245F
:10819000F803002400487047EC71002470B50546D0
:1081A0000C46074805600748046018210648E8F7B0
:1081B00057F90020054908800549087070BD000086
:1081C000DC030024E0030024EC710024F803002405
:1081D000FA03002410B50948006808B9002010BD52
:1081E00006480068804706490968401AB0F5FA6FEA
:1081F00001D20120F3E70020F1E70000E0030024B2
:10820000E403002410B586B004460CB906B010BDD6
:10821000D4ED000AB0EE600A6846FEF76BFDD4EDBF
:10822000010AB0EE600A01A8FEF764FDD4ED020A6F
:10823000B0EE600A02A8FEF75DFDD4ED030AB0EED1
:10824000600A03A8FEF756FDD4ED040AB0EE600AFA
:1082500004A8FEF74FFDD4ED050AB0EE600A05A8AC
:10826000FEF748FD18226946202000F039F800BFCB
:10827000CCE710B586B004460CB906B010BDD4EDFD
:10828000000AB0EE600A6846FEF734FDD4ED010A3C
:10829000B0EE600A01A8FEF72DFDD4ED020AB0EEA3
:1082A000600A02A8FEF726FDD4ED030AB0EE600ACC
:1082B00003A8FEF71FFDD4ED040AB0EE600A04A87F
:1082C000FEF718FDD4ED050AB0EE600A05A8FEF72A
:1082D00011FD18226946212000F002F800BFCCE70A
:1082E0002DE9F04107460E4614461748006808B9C4
:1082F000BDE8F081224631463846FBF7C1FA804698
:10830000A5201149096888475A200F4909688847FC
:1083100038460D4909688847E0B20B490968884723
:10832000200A094909688847002505E0705D06496B
:1083300009688847681C85B2A542F7DB40460249B8
:108340000968884700BFD3E7DC03002401B9704700
:108350000D2800D1FBE7674A127832B1012A0FD00D
:10836000022A37D0032A77D148E0202807D10122FA
:10837000604B1A700022604B1A80604B1A70B6E096
:108380002C2806D15D4A12781AB10222594B1A7074
:108390001FE0302815DB392813DC584A1278052AEB
:1083A0000FD2A0F13002544B1B8803EB830302EB86
:1083B0004302514B1A80514A1278521C4F4B1A708B
:1083C00007E000224B4B1A704D4AD268521C4C4BAE
:1083D000DA608CE0202808D10322464B1A70002274
:1083E000484B1A80484B1A7007E00022414B1A7024
:1083F000434AD268521C424BDA6078E00A2851D1D5
:10840000414A1278002A4DD03B4A1288142A40DB98
:10841000394A1288B2F57A6F3BDC3A4A1288BAB30D
:10842000384A12883E2A34DC334A12880A80354A98
:1084300012788A70354A1278EAB10A88344B1B8860
:108440009A420ADD0A88324B1B88D21A92B2642AF9
:1084500003D301220A710EE045E00A882C4B1B88E9
:108460009A4208DA0A882A4B1B889A1A92B2642A1E
:1084700001D301224A710A88254B1A800122234B1D
:108480001A70CA701E4A9268521C1D4B9A6005E011
:10849000FFE71B4AD268521C194BDA600022154BC9
:1084A0001A701FE0302815DB392813DC164A1278C1
:1084B000022A0FD2A0F13002124B1B8803EB830378
:1084C00002EB43020F4B1A800F4A1278521C0E4BDC
:1084D0001A7007E00022074B1A70094AD268521C32
:1084E000074BDA6003E00022024B1A7000BF00BFA6
:1084F00000BF2CE75C0800245E080024600800240C
:10850000C08E002462080024640800246808002447
:108510006608002415480078B0B915480089C028BD
:108520000BD11448007840B91348007880F001005E
:108530001149087001200F4908700D480089C028B2
:1085400002D000200B4908700B48007800F00100B1
:1085500028B940F2AA5009490968486304E040F686
:108560003400064909684863704700003803002456
:108570004C0300241603002410030024A00B002445
:1085800010B513480078B0B912480089C0280BD143
:108590001148007840B91148007880F001000F4977
:1085A000087001200C4908700A480089C02802D0D0
:1085B0000020094908700948007808B1012000E04E
:1085C000002002464FF400610548EEF73DF810BD6B
:1085D000380300244C030024160300241203002453
:1085E0000008025810B513480078B0B91248008945
:1085F000C0280BD11148007840B91148007880F0AC
:1086000001000F49087001200C4908700A480089D0
:10861000C02802D00020094908700948007808B134
:10862000012000E0002002464FF480510548EEF79B
:108630000BF810BD380300244C030024160300245B
:10864000130300240008025810B513480078B0B98D
:1086500012480089C0280BD11148007840B9114850
:10866000007880F001000F49087001200C49087063
:108670000A480089C02802D000200949087009482A
:10868000007808B1012000E0002002464FF480414C
:108690000548EDF7D9FF10BD380300244C03002432
:1086A00016030024140300240010025810B51348C8
:1086B0000078B0B912480089C0280BD11148007861
:1086C00040B91148007880F001000F49087001207E
:1086D0000C4908700A480089C02802D000200949C6
:1086E00008700948007808B1012000E00020024627
:1086F00002210648EDF7A8FF10BD00003803002452
:108700004C03002416030024150300240010025813
:10871000B0EE401A30EEC10AF0EE401AB0EE412A37
:1087200000EE100AB8EE400A60EE212A01228A40CB
:10873000521E00EE102AB8EEC03A82EE830A30EEE6
:10874000020A704708B50178427841EA022182782E
:1087500041EA0241C27841EA026100919DED000ABE
:1087600008BD000010B50748007800B110BD012118
:108770000548E8F793FB10B901200249087000BFD3
:10878000F4E700005D0400247404002410B50446DE
:10879000024804700121E8F781FB10BD5C0400244D
:1087A00070B504460D46164633462A46214600203B
:1087B000FDF7C8FA70BD10B504462046FDF7F4FA7F
:1087C00010BD000070B504462046FFF7F4FF0646D2
:1087D000FEF79FFA054602480078281A70BD00008F
:1087E000DF08002401460A69D1E901309860D1E927
:1087F000010358605068884201D1886850600020A9
:1088000008611068401E106010687047034B0360D9
:10881000034B0B608023136070470000081700248F
:1088200064170024034B0360034B0B604FF4807309
:108830001360704764190024C019002400F1080176
:1088400041604FF0FF31816000F10801C1600161BA
:1088500000210160704700210161704710B5024698
:108860000B685C1C0CB9106907E002F1080000E01D
:108870004068446824689C42FAD944684C604C685B
:10888000A160886041600A611468641C146010BDB6
:1088900000BF502080F31188BFF34F8FBFF36F8F5D
:1088A00000BF0E480068401C0C490860084600687C
:1088B000012812D10A480068C0B208B9012000E0BE
:1088C000002050B900BF502080F31188BFF34F8FB4
:1088D000BFF36F8F00BF00BFFEE770479C0000240E
:1088E00004ED00E00D48006850B900BF502080F34F
:1088F0001188BFF34F8FBFF36F8F00BF00BFFEE73C
:1089000006480068401E054908600846006820B90E
:10891000002080F3118800BF00BF70479C00002436
:1089200070B506463546002E3BD0083D2C466068A3
:10893000C00F50B900BF502080F31188BFF34F8F94
:10894000BFF36F8F00BF00BFFEE7206808B90120AA
:1089500000E0002050B900BF502080F31188BFF321
:108960004F8FBFF36F8F00BF00BFFEE76068C00F7F
:10897000B8B12068A8B9606820F00040606000F0DD
:10898000ABF9084960680968084406490860204650
:10899000FEF7C4FC04480068401C0349086000F06E
:1089A000CFFE70BD8C0000249800002400204FF002
:1089B000E02108618861064800684FF47A71B0FBD5
:1089C000F1F0401E4FF0E021486107200861704738
:1089D0002000002470B5E7F7DFFC0446102C16D306
:1089E00004F1E02090F8F05315480078854201DB4F
:1089F000012000E0002050B900BF502080F3118812
:108A0000BFF34F8FBFF36F8F00BF00BFFEE70D486E
:108A1000006800F4E0600C490968884201D8012030
:108A200000E0002050B900BF502080F31188BFF350
:108A30004F8FBFF36F8F00BF00BFFEE770BD000018
:108A4000A00000240CED00E0A400002430B5024694
:108A50000B46002152B900BF502484F31188BFF3A4
:108A60004F8FBFF36F8F00BF00BFFEE7BBB1002089
:108A700012E00D4C04EBC0046468944203D10A4C2C
:108A800004EBC0010AE031B9074C54F8304014B986
:108A9000054C04EBC001401C0828EAD300BF09B113
:108AA0000B604A6030BD0000EC1000242DE9F0415D
:108AB00005460E4617462C46FFF7EAFE94F9440099
:108AC000401C10B9002084F8440094F94500401C73
:108AD00010B9002084F84500FFF704FFA06B28B907
:108AE0003A46314604F1240000F062F82046FEF7D1
:108AF00016FEBDE8F081000070B504460025D4B133
:108B00001248006808B9012000E0002050B900BFF9
:108B1000502080F31188BFF34F8FBFF36F8F00BFDA
:108B200000BFFEE700F0D8F800212046FEF77CF9F0
:108B300000F006FE05463DB94FF08050044908603C
:108B4000BFF34F8FBFF36F8F70BD00006400002430
:108B500004ED00E0034909680160034909684160C8
:108B600070470000500000243C000024012001490F
:108B7000086070474C00002470B504460D4654B997
:108B800000BF502080F31188BFF34F8FBFF36F8F6A
:108B900000BF00BFFEE70548016818312046FFF717
:108BA0005DFE01212846FEF73FF970BD2800002434
:108BB00070B504460E46154654B900BF502080F3E8
:108BC0001188BFF34F8FBFF36F8F00BF00BFFEE769
:108BD00000BF60680F490968C8610E49826809686A
:108BE0000A620C49096818318268516009490968AC
:108BF00018318160074909688C622168491C21602D
:108C000000BF0DB14FF0FF3629463046FEF70CF994
:108C100070BD00002800002410B586B0002005902B
:108C2000049003AA04A905A8FFF7F0FD0022DDE9DE
:108C300004101346CDE9002102901FA12048039A99
:108C400000F07CFB1F4908600846006808B1012459
:108C500000E00024012C02D100F03AFE0446012C71
:108C600015D100BF502080F31188BFF34F8FBFF3A1
:108C70006F8F00BF4FF0FF30134908600120134988
:108C8000086000201249086000F09CF810E0601CA9
:108C900008B1012000E0002050B900BF502080F34F
:108CA0001188BFF34F8FBFF36F8F00BF00BFFEE788
:108CB0000848006806B010BD49444C45000000005B
:108CC000957101085C000024580000244400002431
:108CD0003C0000246000002402480068401C014958
:108CE00008607047640000241F48006818B1012024
:108CF0001E49086036E000201C49086000BF1C487F
:108D000001680CE051B900BF502080F31188BFF317
:108D10004F8FBFF36F8F00BF00BFFEE7491E01EB0F
:108D20008100144A52F8200008B9012000E0002018
:108D30000028E7D100BF01EB81020E4B03EB82005C
:108D400042685268426000F108024368934201D1D0
:108D5000C26842604268D268074B1A6000BF04488C
:108D6000016000BF70470000640000244C00002434
:108D7000400000242C1100242800002405E0DFED31
:108D80000E0A70EE600AB0EE600ADFED0C0AB4EE77
:108D9000E00AF1EE10FAF2DC05E0DFED070A70EE12
:108DA000200AB0EE600ADFED060AB4EEE00AF1EE4A
:108DB00010FAF2D3704700000000B44300003443BF
:108DC000000034C30EB5524800685249884201D0B1
:108DD000012000E0002050B900BF502080F311882E
:108DE000BFF34F8FBFF36F8F00BF00BFFEE7484850
:108DF00000684849491E884201D0012000E0002057
:108E000050B900BF502080F31188BFF34F8FBFF3DC
:108E10006F8F00BF00BFFEE7002001903E4908466B
:108E200000780290FF200A461070084600780090F3
:108E30009DF8000000F05000384A1070104600788D
:108E400050B900BF502080F31188BFF34F8FBFF39C
:108E50006F8F00BF00BFFEE79DF8002050209043B9
:108E600008B9012000E0002050B900BF502080F375
:108E70001188BFF34F8FBFF36F8F00BF00BFFEE7B6
:108E800007E00198401C01909DF800004006000E8C
:108E900000909DF8000000F080008028F1D001983B
:108EA000082803D100201E4A106004E00198C0F198
:108EB00007001B4A10601A4800680002184A106038
:108EC0001046008800F4E06010609DF80800124A27
:108ED00010700F482030006840F47F000C492031AA
:108EE00008600846006840F07F400860FFF75EFDBC
:108EF00000200C490860E7F717FA0B48006840F0BB
:108F0000404009490860E7F7FBF900200EBD00006A
:108F100000ED00E071C20F4100E400E0A000002479
:108F2000A40000249C00002434EF00E010B500BF32
:108F3000502080F31188BFF34F8FBFF36F8F00BFB6
:108F400000F07EFA18B14FF080500449086000BF6D
:108F5000002080F3118800BF10BD000004ED00E088
:108F60002DE9F84380460E4617461C46DDF8209052
:108F7000002554B900BF502080F31188BFF34F8FF4
:108F8000BFF36F8F00BF00BFFEE7B8F1000F25D021
:108F900024B307B116B307B906BB50200090009860
:108FA000502801D1012000E0002050B900BF50201E
:108FB00080F31188BFF34F8FBFF36F8F00BF00BFE7
:108FC000FEE700BF2546012085F846004B463A469D
:108FD000314640460095FEF7F1F80BE055B900BF69
:108FE000502080F31188BFF34F8FBFF36F8F00BF06
:108FF00000BFFEE72846BDE8F88300002DE9F041F8
:1090000005460E4601272C4654B900BF502080F378
:109010001188BFF34F8FBFF36F8F00BF00BFFEE714
:10902000002C42D0E06B00283FD04FF0FF31E06BC6
:10903000B1FBF0F0216C884237D3FFF729FCD4E96B
:109040000F12206801FB0200A0600020A0632068CE
:109050006060E06B401E226C216800FB0211E16041
:10906000FF2084F8440084F845009EB9206908B9BF
:10907000012000E00020A8B904F1100000F0C6FAB9
:1090800080B14FF0805013490860BFF34F8FBFF39A
:109090006F8F07E004F11000FFF7D0FB04F124000C
:1090A000FFF7CCFBFFF71EFC00E000270FB101200B
:1090B00000E0002050B900BF502080F31188BFF3BA
:1090C0004F8FBFF36F8F00BF00BFFEE73846BDE88C
:1090D000F081000004ED00E02DE9F74183B0054682
:1090E0000E464FF000082C4654B900BF502080F3C4
:1090F0001188BFF34F8FBFF36F8F00BF00BFFEE734
:109100000EB9206C08B9012000E0002050B900BF62
:10911000502080F31188BFF34F8FBFF36F8F00BFD4
:1091200000BFFEE700F06CF908B9059808B9012006
:1091300000E0002050B900BF502080F31188BFF339
:109140004F8FBFF36F8F00BF00BFFEE700BFFFF779
:109150009FFBA76BF7B131462046FDF791FF781EC4
:10916000A063206908B9012000E0002060B904F183
:10917000100000F04BFA38B14FF080502F490860D2
:10918000BFF34F8FBFF36F8FFFF7ACFB012006B02B
:10919000BDE8F081059818B9FFF7A4FB0020F6E7B9
:1091A000B8F1000F04D101A8FFF7D4FC4FF001087B
:1091B000FFF798FBFFF790FDFFF76AFB94F9440077
:1091C000401C10B9002084F8440094F94500401C6C
:1091D00010B9002084F84500FFF784FB05A901A819
:1091E00000F02EF8F0B92046FEF7F8F8A0B104F12F
:1091F00024000599FFF7C0FC2046FEF790FA00F026
:109200009FFA0028A3D14FF080500C490860BFF3AB
:109210004F8FBFF36F8F9AE72046FEF780FA00F07A
:109220008FFA94E72046FEF77AFA00F089FA204692
:10923000FEF7D4F800288AD00020A8E704ED00E06B
:1092400070B505460C4655B900BF502080F3118813
:10925000BFF34F8FBFF36F8F00BF00BFFEE754B95E
:1092600000BF502080F31188BFF34F8FBFF36F8F83
:1092700000BF00BFFEE7FFF70BFB134802686868FA
:10928000131A2068401C08B9002619E00F49286805
:109290000968884206D06868904203D801260020F9
:1092A00020600DE02068984207D92068C01A20602D
:1092B0002846FFF74FFC002602E000202060012630
:1092C000FFF710FB304670BD3C0000245000002426
:1092D0002DE9FF4F85B0804689461746DDE912AB80
:1092E000B800FEF75BFA064676B15C20FEF756FA48
:1092F00004462CB15C212046E7F7B2F8266304E06F
:109300003046FFF70DFB00E000248CB1002084F80C
:109310005900CDE900ABCDE902403A464946404606
:10932000089BFDF760FF2046FDF7D2FD012501E017
:109330004FF0FF35284609B0BDE8F08F2DE9F04F1A
:1093400085B00746884691469A46DDE90EB6109CE0
:109350000EB1012000E0002050B900BF502080F382
:109360001188BFF34F8FBFF36F8F00BF00BFFEE7C1
:109370000CB1012000E0002050B900BF502080F364
:109380001188BFF34F8FBFF36F8F00BF00BFFEE7A1
:109390005C20039003985C2801D1012000E00020AC
:1093A00050B900BF502080F31188BFF34F8FBFF337
:1093B0006F8F00BF00BFFEE700BFD4B1CEB125461E
:1093C0005C212846E7F74CF82C462E63022085F8EE
:1093D0005900002004A953464A46CDE900B1CDE921
:1093E000025041463846FDF7FEFE2846FDF770FD67
:1093F00001E000200490049805B0BDE8F08F000063
:109400000549096809B9012005E00449096809B955
:10941000022000E000207047440000246400002483
:1094200001490868704700003C00002470B5FFF750
:10943000D1FA002501480468204670BD3C00002494
:109440002DE9F0414FF000086548006800287DD103
:1094500064480068451C634805601DBB00BF624846
:109460000068006808B9012000E0002050B900BF82
:10947000502080F31188BFF34F8FBFF36F8F00BF71
:1094800000BFFEE75848076858480068564908601A
:109490005648076056480068401C55490860FEF76A
:1094A000C1F800BF5348006885427FD300BF4E48D3
:1094B0000068006808B9012000E0002020B14FF0EA
:1094C000FF304C49086070E047480068C068C468D5
:1094D0006668B54202D24748066066E000BF606930
:1094E000D4E902128A60D4E902214A60211D42684F
:1094F0008A4201D1E1684160002262610168491E2F
:10950000016000BFA06AA0B100BFA06AD4E9071241
:109510008A60D4E907214A6004F1180142688A424E
:1095200001D1216A41600022A2620168491E0160E6
:1095300000BF00BF00BF3049E06A0968884202D915
:109540002D49E06A086000BF00BF00E040E0E16A2A
:1095500001EB8101294A02EB81014868A060826821
:10956000E260211D826851608160E16A01EB810146
:10957000224A02EB81026261E16A01EB81011F4A2A
:1095800052F82110491CE26A02EB82021B4B43F89D
:10959000221000BF00BF1A49E06A0968C96A884200
:1095A00085D94FF0010882E700E000BF1448006849
:1095B000C06A00EB8000114951F82000012801D950
:1095C0004FF001080F48006808B14FF0010804E0AF
:1095D0000D480068401C0C4908604046BDE8F08119
:1095E000640000243C0000242C00002430000024EF
:1095F0005000002458000024400000242C110024B6
:10960000280000244C0000244800002470B50346C4
:10961000D868C16851B900BF502080F31188BFF3EA
:109620004F8FBFF36F8F00BF00BFFEE700BF886A98
:10963000D1E90745A560D1E90754656001F1180437
:109640004568A54201D10C6A446000258D6204681A
:10965000641E046000BF34480068002843D100BF86
:109660004869D1E90245A560D1E9025465600C1D45
:109670004568A54201D1CC68446000254D6104686D
:10968000641E046000BF00BF00BF284CC86A246885
:10969000A04202D9254CC86A206000BF00BFCC6A36
:1096A00004EB8404224D05EB8404606888608568BF
:1096B000CD600C1D85686C608460CC6A04EB84040A
:1096C0001B4D05EB84054D61CC6A04EB8404184DF9
:1096D00055F82440641CCD6A05EB8505144E46F808
:1096E000254000BF11E000BF124C6068C86185686A
:1096F0000D6201F1180485686C6084600D4D8D6207
:109700002C462468641C2C6000BF0B4CC86A24687B
:10971000E46AA04204D901220120084C206000E044
:109720000022104670BD00006400002440000024A8
:109730002C110024B4150024280000244C0000241F
:1097400070B5002400265948006808B1012000E0E7
:10975000002050B900BF502080F31188BFF34F8F15
:10976000BFF36F8F00BF00BFFEE7FFF791F84F48D0
:109770000068401E4D4908600846006800286ED108
:109780004B48006800286AD064E04A48C068C46852
:1097900000BFA06AD4E907128A60D4E907214A60B1
:1097A00004F1180142688A4201D1216A4160002215
:1097B000A2620168491E016000BF00BF6069D4E970
:1097C00002128A60D4E902214A60211D42688A425D
:1097D00001D1E1684160002262610168491E0160B7
:1097E00000BF00BF00BF3449E06A0968884202D95F
:1097F0003149E06A086000BF00BFE16A01EB810106
:109800002E4A02EB81014868A0608268E260211D57
:10981000826851608160E16A01EB8101274A02EBB5
:1098200081026261E16A01EB8101244A52F8211050
:10983000491CE26A02EB8202204B43F8221000BF6F
:1098400000BF1F49E06A0968C96A884202D901203D
:109850001C4908601748006810B9012001E020E0A9
:109860000020002891D00CB1FDF7DCFE16480568F9
:1098700065B100BFFFF7E4FD10B101201149086098
:109880006D1E002DF6D100200F4908600D480068BC
:1098900038B1012630070D490860BFF34F8FBFF381
:1098A0006F8FFFF71FF8304670BD00006400002482
:1098B00038000024B4150024400000242C1100249A
:1098C000280000244C0000244800002404ED00E09F
:1098D00010B586B00024FDF775FB16480068D0B1BE
:1098E00000200590049003AA04A905A8FEF79AFF9A
:1098F0000222DDE904100023CDE9002102900EA12F
:109900000F48039AFFF71AFD0E49086008460068E1
:1099100000B1012400BF54B900BF502080F311886A
:10992000BFF34F8FBFF36F8F00BF00BFFEE720462E
:1099300006B010BD70000024546D72205376630091
:10994000057701087400002410B52DED028BB0EEF0
:10995000408A9FED061ADFED050AB0EE480A0121A4
:109960000846F3F781FBBDEC028B10BD0000000040
:10997000F0EE401AF4EEE01AF1EE10FA02D2B0EE78
:10998000600A7047F4EEC11AF1EE10FA02DDB0EE93
:10999000410AF6E7B0EE610AF3E70000012806D0BD
:1099A000022807D0032808D004280CD108E09FED36
:1099B000070A70479FED060AFBE79FED060AF8E7E6
:1099C0009FED050AF5E79FED010AF2E700000000B0
:1099D000000034430000B4420000B4C210B52DEDC5
:1099E000028B00F011F8B0EE408A0648D0ED010A73
:1099F00078EE600AB0EE600A00F094F8BDEC028BDD
:109A000010BD0000E48E002410B5FEF7E3FB20B18A
:109A1000FEF7C0FB90ED050A10BD024890ED0B0A61
:109A2000FAE70000C470002410B52DED028BF0EEB3
:109A3000408AB0EE680A00F075F8B0EE408A9FEDFB
:109A40001A0AB4EEC08AF1EE10FA0ADB9FED170A8B
:109A5000B4EEC08AF1EE10FA03D20120BDEC028B05
:109A600010BD9FED130AB4EEC08AF1EE10FA08D8CB
:109A70009FED100AB4EEC08AF1EE10FA01DD03206A
:109A8000ECE79FED0A0AB4EEC08AF1EE10FA06DAAE
:109A90009FED080AB4EEC08AF1EE10FA01D8022058
:109AA000DCE70020DAE70000000034420000074352
:109AB000000034C2000007C370B52DED028B0546CF
:109AC000FFF78CFFB0EE408AFFF7AEFF0446134865
:109AD0008470012D05D1601C00F003000F498870CF
:109AE0000CE0022D05D1E01C00F003000B4988704A
:109AF00004E0A01C00F00300084988700748807843
:109B0000074901EB800090ED000A044880ED020A4D
:109B1000012002494870BDEC028B70BDE48E002428
:109B200074B2010810B52DED028BB0EE408ADFED66
:109B30001C0AB0EE480AF9F725F8B0EE408A9FED0E
:109B4000190AB4EEC08AF1EE10FA06D89FED140A95
:109B500038EE000AB0EE408A0CE09FED130AB4EE36
:109B6000C08AF1EE10FA05DD9FED0D0A38EE400ACD
:109B7000B0EE408ADFED0C0A38EE200AF0EEC00AA3
:109B80009FED0A0AF4EEC00AF1EE10FA03D89FED39
:109B9000060AB0EE408AB0EE480ABDEC028B10BD5A
:109BA0000000B443000034C3000034436F12833A12
:109BB00010B51748007858B900F0C8F830B100F077
:109BC000E3F8F3F763FE012011490870002010BD8F
:109BD00000F0BCF808B90020F9E7F3F757FEF3F7F7
:109BE00031FF08B10020F2E7002009490870094957
:109BF0000870094908700949094A1278885CFEF71B
:109C0000DAFD0446FDF785F8064908700120DEE715
:109C1000E4080024FB080024E9080024FA8E00244C
:109C2000E1080024DF08002470B505460C462078C2
:109C300008B1002070BD00F089F808B90120F9E7EB
:109C4000054805702846F8F71BFE002003490870F8
:109C5000012020700020EDE7FD080024E608002424
:109C60002DE9F04107460C4616461D46224800786D
:109C7000D8B900F06BF810B90020BDE8F081F3F717
:109C800099FB08B10020F8E7F8F752FD08B1002071
:109C9000F3E72846F3F728FA1848057018480470C7
:109CA0000120154908700020E7E700F04FF808B9D7
:109CB0000020E2E72846F3F717FA3EB1F3F780FBFE
:109CC00020B100200C4908700120D6E7F3F772FBA1
:109CD00008B10020D1E70120A04080B209490988DD
:109CE000084308490880FF20054908700020024900
:109CF00008700120C1E70000E7080024FA080024EA
:109D0000F9080024E208002410B50F48007850B983
:109D100000F01CF8B0B100F037F8F2F7C7FE0120F0
:109D2000094908700EE000F011F858B1F2F7BEFED4
:109D3000F3F72EF808B1002010BD0020024908708A
:109D40000120F9E70020F7E7E50800240B48007838
:109D5000022801D00020704709480078022801D16C
:109D60000120F8E70648007808B10020F3E705482D
:109D7000007808B90120EEE70020ECE73803002462
:109D80003B0300243A03002410B5FCF7D3F900206C
:109D90000349087003490860401E0349086010BD6C
:109DA000EE080024F0080024F408002410B5FCF7A5
:109DB000F1F904462046F9F737F90648007828B14A
:109DC0000548806805490968884201D0062010BD11
:109DD0002046FCE7EE080024848E0024F0080024CE
:109DE00070B52948007808B9012070BDFFF7DEFF83
:109DF00004464CB9002024490870401E23490860DD
:109E0000F9F728F90020F0E7062C1BD1FCF7BCF984
:109E1000C0B9FCF7C9F905469DB195ED000A1C488B
:109E2000D0ED0B0AB4EEE00AF1EE10FA09D80020EA
:109E300015490870401E15490860F9F70BF9002014
:109E4000D3E700BF052C0AD100200F4908700F4846
:109E50000460FCF76FF9F9F7FDF80020C5E7042C62
:109E600001D0032C0DD10020074908700748046079
:109E7000FCF760F9012007490870F9F7EBF80120B9
:109E8000B3E70120B1E70000EE080024F408002445
:109E900050060024E008002470B505460C462078E2
:109EA00008B1002070BD0C48007860B9FFF74EFF84
:109EB00008B90120F6E7284600F010F808B901209B
:109EC000F0E70120EEE7FFF78BFF08B10120E9E79B
:109ED000012020700020E5E7EE0800241CB50446B0
:109EE0006A4601A92046FEF75BFC08B900201CBDAC
:109EF000DDED000A9DED010A00F002F8F7E7000031
:109F000010B52DED028BB0EE408B00F06FF818B954
:109F10000020BDEC028B10BD00F086F8FFF734FF87
:109F2000F0EE680AB0EE480AFCF724FD06488068A7
:109F300006490860012006490870801E054908602E
:109F4000F9F788F80120E4E7848E0024F008002463
:109F5000EE080024F408002470B50646002E01DD4A
:109F6000012000E0002005460DB11D4800E01D481D
:109F70000446207878B9FFF7E9FE70B3FFF704FFD5
:109F800025B1F3F783FC0120207027E0F2F78EFD66
:109F90000120207022E0FFF7D9FEF0B165B1F3F7A0
:109FA00075FCF3F74FFD08B1002070BD0E48007836
:109FB000401C0D4908700BE0F2F778FDF2F7E8FE5F
:109FC00008B10020F1E708480078401E06490870F3
:109FD000FFF7DAFE00202070E7E7FFE70020E4E764
:109FE000E4080024E5080024DF08002410B5F3F796
:109FF00029FD38B9F2F7CCFE20B9F3F70DFC08B90A
:10A00000012000E000200446F3F7D4F920B1F3F773
:10A01000D7F908B1204610BD24B1F3F7CBF908B940
:10A020000120F8E70020F6E710B50620F2F7EBFE76
:10A0300010BD00000020044908700449087004495C
:10A040000870044908707047E4080024E5080024FB
:10A05000E6080024E808002410B5FFF777FE08B9E9
:10A06000002010BD0A48007820B9FFF78DFE0120BE
:10A0700007490870F3F774FAF3F7CEFB08B1002034
:10A08000EFE7002002490870FFF77EFE0120E8E7B5
:10A09000E808002410B51D480078FF2800D110BD45
:10A0A0001B48007800B1FAE7F3F784F930B9194892
:10A0B000007818B9FF2015490870F0E7F3F77AF92E
:10A0C00068B9124801780120884080B21249098895
:10A0D000084311490880FF200C490870DFE70F484A
:10A0E0000078F3F701F8F3F765F960B907480178EC
:10A0F0000120884080B20849098808430649088041
:10A10000FF200249087000BFC9E70000F9080024D9
:10A11000E7080024D4060024E2080024FA080024FA
:10A1200008B56946022000F0C9FD08B9022008BD43
:10A130006946012000F0C2FD08B90120F7E7694631
:10A14000032000F0BBFD08B90320F0E70220EEE792
:10A150000020054908700549087005490870FF206E
:10A1600004490870704700000B0900240C09002402
:10A170000D0900240E0900243EB504460D46FF20BB
:10A180001849087001A9022000F098FD78B9022052
:10A1900020709DF8040028706946032000F08EFDB1
:10A1A00018B99DF800000F49087001203EBD02A9B2
:10A1B000012000F083FD30B9012020709DF80800D7
:10A1C00028700120F2E76946032000F077FD30B9DE
:10A1D000032020709DF8000028700120E6E7002091
:10A1E000E4E700000E090024012802D19FED050AD2
:10A1F0007047032802D19FED040AF9E7B0EE080A80
:10A20000F6E700006666E63F66668640FEB5FBF749
:10A21000F1FD0546324833490978445C1DB1681E9A
:10A220002F49085C00E0002006462E480078401CBC
:10A230002C49087008460078A84224DA0D202A49E3
:10A240000870FFF7F7FE00202849087028490870B9
:10A250002849087028490870FFF796FD2049214ACF
:10A260001278885CFEF7AEFA07460020CDE90007B9
:10A2700002901B481B490978425C002321460720B5
:10A2800000F0ACFDFEBDDDB1B44219D12046FEF7B1
:10A2900092FAC82814D10A2C03D00C2C01D0062C19
:10A2A0000ED116480470FFF7C5FE00200F49087054
:10A2B00013490870FFF768FD0E200B490870E1E7AD
:10A2C00000200090019003462246214602900D2076
:10A2D00000F084FD01200449087000BFD2E70000AF
:10A2E000FA8E0024E1080024E0080024E908002494
:10A2F000EA080024EB080024EC080024FC080024F1
:10A30000ED08002410B50320064908700020064916
:10A310000870012005490870FFF78CFE05200449EC
:10A32000087010BDC8010024E1080024FB080024C7
:10A33000E00800243EB5184818490978445C00201C
:10A34000164A1278CDE900202346022211460290D7
:10A35000104600F043FD21460220F8F713FF0546A2
:10A360002B4600220D4801780220FFF779FC00B946
:10A370003EBD002000900190029007481038084927
:10A380000978425C00231946042000F027FD0920CB
:10A390000449087000BFEBE70A8F0024F808002486
:10A3A000E1080024E00800243EB51049104A127864
:10A3B000885CFEF707FA04460020CDE9000402900D
:10A3C0000A480B490978425C00231946042000F032
:10A3D00005FD0649064A1278885CFFF77FFD00B943
:10A3E0003EBD0A200349087000BFF9E7FA8E002439
:10A3F000E1080024E00800243EB52848007880B930
:10A400000020009001900290254826490978425C7E
:10A4100000231946042000F0E1FC092022490870BD
:10A420003EBD1F491F4A1278885CFEF7CBF90446EF
:10A430000020CDE90004029019481A490978425CCD
:10A4400000231946032000F0C9FCFFF7B1FB00B957
:10A45000E6E716480078FF280DD014480078144924
:10A460000870FF2011490870002012490870072069
:10A470000D490870D4E70020009001900290084830
:10A4800008490978425C00231946042000F0A6FC24
:10A4900009200549087000BFC2E70000FB0800243E
:10A4A000FA8E0024E1080024E00800240E090024AC
:10A4B000F8080024E70800243EB50E490E4A127839
:10A4C000885CFEF77FF904460020CDE90004029085
:10A4D000084809490978425C00231946042000F025
:10A4E0007DFCFFF77DFC00B13EBD0B2003490870E9
:10A4F00000BFF9E7FA8E0024E1080024E0080024F8
:10A5000010B52DED028B84B0FFF70AFE04462046FD
:10A51000FFF76AFEB0EE408A0020009001900346EB
:10A520002246014602900E2000F058FC0320094903
:10A530000870DFED090AB0EE480AFFF7E1FC18B930
:10A5400004B0BDEC028B10BD03200449087000BFAD
:10A55000F6E70000C80100249A992940E008002489
:10A560000EB500200090019003460246014602907D
:10A570000E2000F033FCFFF733FC00B10EBDFFF7F7
:10A58000E7FD04200149087000BFF7E7E008002458
:10A5900010B52DED028B84B03D48007830B1012814
:10A5A00013D0022831D003286CD149E039493A4808
:10A5B000FFF7E2FD28B9FFF7A5FE04B0BDEC028B62
:10A5C00010BD01203249087000BF0020314A1278C6
:10A5D000CDE90020029031482E490978435C2E488D
:10A5E00002780021012000F0F9FB2B480078FFF7EA
:10A5F000FBFDB0EE408ADFED2A0AFFF781FC00B9CF
:10A60000DBE70220224908703FE00021214A12784E
:10A61000CDE90021214802911E490978435C1E487A
:10A6200002780021012000F0D9FBFFF7D9FB00B12F
:10A63000C3E700201B49087003201549087024E077
:10A640000020144A1278CDE90020029013481149E5
:10A650000978435C104802780021022000F0BEFB1C
:10A660000D480078F8F7ABFD044623460022094860
:10A67000017809480078FFF7F3FA00B99DE7FFF782
:10A6800041FE02E0FFF73EFE00BF00BF00BF94E7BF
:10A690000B0900240D0900240C0900240A8F002452
:10A6A0009A992940E70800243EB5204A204B1B78A0
:10A6B000D15C103A1F4B1B78D05CF9F7FAFD0446C9
:10A6C00000201B490978CDE9010400911748184D75
:10A6D0002D78435D1038174D2D78425D154D2D783E
:10A6E000415D062000F07AFBF8F722F800B13EBD8C
:10A6F0000E4A0F4B1B78D15C103A0E4B1B78D05C86
:10A70000F8F740FD0446094910390A4A1278885C76
:10A710002346012206490978FFF7A2FA00B9E6E7C5
:10A720000B200549087000BFE1E700000A8F0024F4
:10A73000F8080024E1080024E00800247FB53F4821
:10A740003F490978455C03A800F084FA38B13D48D8
:10A750000078FF2800D07FBDFFF758FDFBE73A489F
:10A7600000789DF80C10884204D00020374908700A
:10A77000374908709DF80C00334908702F48103095
:10A780009DF80C20815C2846F9F793FD04462F487C
:10A79000007898B900209DF80C10CDE901040091D3
:10A7A00026481030435C2A462946052000F016FB57
:10A7B00026492046FFF738FA00B1CCE72348007855
:10A7C000B0B12348007898B900209DF80C10CDE96D
:10A7D0000104009119481030435C2A46294608209C
:10A7E00000F0FCFA1A492846FFF756FB00B1B2E721
:10A7F0001648007810B11648007800B9ABE7F7F7B3
:10A8000097FF00B1A7E700201049087010490870B1
:10A810009DF80C10CDE90104009108481030435C0C
:10A820002A462946062000F0D9FA0C20094908706A
:10A8300000200949087000BF8DE70000FA8E00244F
:10A84000E1080024F9080024F8080024EB0800249B
:10A85000EC080024E0080024E70800240EB519489D
:10A8600000784FF0FF3100221346CDE9002102901D
:10A87000154801780C2000F0B1FAFFF745FA00B94D
:10A880000EBDFFF781FA0020104908709FED100AF5
:10A89000104880ED000A9FED100A80ED010AF2F7E2
:10A8A000C9FF0120002100910B460A46CDE90110A5
:10A8B000054801780F2000F091FA10200749087030
:10A8C00000BFDDE7FD080024FC080024E8080024A0
:10A8D000CDCCA4404807002466660A41E008002465
:10A8E0003EB5022401202C49087000202B49087035
:10A8F0002B480078062807D106210520F9F7D9FC56
:10A900000546F9F71FFD04462648007888B900205F
:10A9100000900346CDE901042148027801780A201D
:10A9200000F05CFA1F492046FFF77EF900B13EBDFA
:10A93000FDE71D48007888B9002000900346CDE966
:10A9400001041748027801780B2000F047FA1649F5
:10A9500013480078FFF7A0FA00B1E8E7F7F7E8FE40
:10A9600000B1E4E700200F4908700F490870FFF7B5
:10A9700061FB4FF0FF3000210B460A46CDE9010490
:10A980000091074801780C2000F028FA0F200749B1
:10A99000087000BFCBE70000C8010024C7010024F5
:10A9A000FC080024E9080024ED080024E008002445
:10A9B0000EB500200090019003460246029009481F
:10A9C0000178102000F00AFADFED070A9FED070A70
:10A9D000FFF796FA00B90EBD12200549087000BFB6
:10A9E000F9E70000FC080024713D3A4148E11A40B3
:10A9F000E00800240EB500200090019003460246B6
:10AA000002900C480178102000F0E8F9FFF7E8F90F
:10AA100000B10EBD00200090019003460246029056
:10AA2000044801780D2000F0D9F90120024908708E
:10AA300000BFEEE7FC080024E00800243EB501203A
:10AA4000002100910B460A46CDE901100E4801781D
:10AA50000F2000F0C3F9FFF7FFFA00B93EBD042450
:10AA60002046F7F70DFF0020009003460246CDE98F
:10AA7000010405480178102000F0B0F911200349C5
:10AA8000087000BFEAE70000FC080024E00800248A
:10AA90000EB500200090019003460222014602906C
:10AAA0000E2000F09BF9DFED060AB0EE080AFFF772
:10AAB00027FA00B90EBD06200249087000BFF9E769
:10AAC0009A992940E00800240EB5002000900190DA
:10AAD00003460222014602900E2000F07FF9FFF7A4
:10AAE0007FF900B10EBDFFF7A5FA082001490870F3
:10AAF00000BFF7E7E0080024FEB54E480078401E8E
:10AB00004D490D5C08464B490978465C3046FDF7D7
:10AB100059FE0446002C05DA01204849087000203F
:10AB20004749087047480078F8B902273146284657
:10AB3000FCF700F920B131462846F9F7BAFB074681
:10AB4000002C03DA3846F9F7FDFB074600200346E0
:10AB5000324629468DE89100072000F03FF9394937
:10AB60003846FFF761F800B1FEBD36480078A0B165
:10AB70003548007888B93548007800210B462A46C8
:10AB8000CDE9001402902946082000F027F92E494B
:10AB90002846FFF781F900B1E6E72A480078A8B116
:10ABA0002948007890B18CB90020264908702649C0
:10ABB0000870009001900346324629460290042016
:10ABC00000F00CF9092022490870CDE71D480078F3
:10ABD00010B11D48007800B9C6E7F7F7A9FD00B12C
:10ABE000C2E71A48007800210B463246CDE900142E
:10ABF00002902946092000F0F1F82046FFF7ACF951
:10AC000000B9B1E73046FDF7DDFD80B900200D4900
:10AC100008700D490870009001900346324629469D
:10AC20000290042000F0DAF809200949087000BFFA
:10AC30009AE70000E1080024FA8E0024C8010024ED
:10AC4000C7010024E9080024EA080024FD080024C4
:10AC5000E008002470B50546144815490978465C9B
:10AC600000241BE013480088204100F0010000B1DF
:10AC700012E011480078A04203D1F2F79BFB00B12B
:10AC80000AE00A481030015D3046FCF753F800B97D
:10AC900002E02C70002070BD601CC4B2FBF790F87D
:10ACA000A042DFDC4FF0FF30F5E70000FA8E002411
:10ACB000E1080024E2080024F908002470B50546E4
:10ACC0000E46002410E00C480088204100F00100EE
:10ACD00000B107E00948005DA84200D002E03470EE
:10ACE000002070BD601CC4B2FBF76AF8A042EADC29
:10ACF0004FF0FF30F5E70000E20800240A8F00243F
:10AD000010B524480078132840D2DFE800F00A0B81
:10AD10000C0F1215181B1E2124272A2D303336390B
:10AD20003C0000BF10BDFFF7EBFB30E0FFF718FC65
:10AD30002DE0FFF72DFC2AE0FFF7AAFE27E0FFF742
:10AD4000C3FE24E0FFF7F6FA21E0FFF755FB1EE013
:10AD5000FFF72AFB1BE0FFF7AFFB18E0FFF7EEFC65
:10AD600015E0FFF7A1FC12E0FFF7C6FE0FE0FFF7CA
:10AD7000B7FD0CE0FFF772FD09E0FFF75FFE06E0AC
:10AD8000FFF716FE03E0FFF735FE00E000BF00BF4F
:10AD900000BFC7E7E0080024002008490870084900
:10ADA000086008490870084908700849087008498F
:10ADB000087008490880084908707047FE08002498
:10ADC00000090024040900240509002406090024C0
:10ADD00007090024080900240A090024F0B505AC7D
:10ADE00070CC194F3F78874218D1184F3F788F4267
:10ADF00014D1174F3F78974210D1164F3F789F429A
:10AE00000CD1154F3F78A74208D1144FB7F9007005
:10AE1000AF4203D1124F3F78B74206D0114F3F687F
:10AE20007F1CDFF840C0CCF80070074F3870074F28
:10AE30003970074F3A70074F3B70074F3C70074F10
:10AE40003D80074F3E70F0BDFE0800240409002439
:10AE50000509002406090024070900240809002424
:10AE60000A09002400090024CCB2010800000000F7
:10AE700000000000000000000000000000020000D0
:10AE8000180000000000000000000000ACB2010843
:10AE900000000000000000000000000000000000B2
:10AEA0000010000030000000000000000000000062
:10AEB000B4B2010800000000000000000000000023
:10AEC00000000000000C000028000000000000004E
:10AED00000000000C0B201080000000000000000F7
:10AEE0000000000000000000000800000800000052
:10AEF00000000000000000000006101600061016FA
:10AF00000001020304050607080C10141820304045
:10AF10000000000000000000000000000000000031
:10AF2000000000000100000002000000030000001B
:10AF30000400000000000000050000000000000008
:10AF400000000000000000000600000000000000FB
:10AF500000000000000000000700000001000200E7
:10AF60000400060008000A000C0010002000400049
:10AF70008000000101010103070100000804020430
:10AF800008010101000000000102030401020304A2
:10AF900006070809945A0024305C0024CC5D002484
:10AFA000685F002404610024A06200248C6D0024EA
:10AFB000286F0024DC640024786600247C6B002465
:10AFC000846C0024146800241C690024246A002472
:10AFD000000000006666E63F00004040666686406E
:10AFE0006666E63F00004040666686406666E63F6D
:10AFF00000004040666686406666E63F00004040CE
:10B00000666686400000000033337340333373407C
:10B01000333373400000A0400000A0400000A04077
:10B020006666C6406666C6406666C640CDCCEC40E5
:10B03000CDCCEC40CDCCEC40000000006666E63F95
:10B0400000004040666686406666E63F000040407D
:10B05000666686406666E63F00004040666686405B
:10B060006666E63F000040406666864000000000DD
:10B070003333734033337340333373400000A040A5
:10B080000000A0400000A0406666C6406666C6405C
:10B090006666C640CDCCEC40CDCCEC40CDCCEC408F
:10B0A00000009001C800900158029001C800900172
:10B0B00058029001C8009001C800000088130000E9
:10B0C0007017000000000000E8030000E803000023
:10B0D000080700000000000020030000B80B00007B
:10B0E000D80E0000000000002C010000000000004D
:10B0F000960000005E0100000E0600004C1D0000DE
:10B10000C8320000F4010000DC050000B0040000BB
:10B1100060090000800C0000301100006009000090
:10B12000100E0000800C000030110000100E000016
:10B13000C0120000800C000030110000B0040000BC
:10B140006009000030110000E015000060090000F7
:10B15000100E000030110000E0150000100E00007D
:10B16000C012000030110000E0150000B004000023
:10B1700060090000E0150000901A0000600900005E
:10B18000100E0000E0150000901A0000100E0000E4
:10B19000C0120000E0150000901A0000B00400008A
:10B1A00060090000901A0000401F000060090000C4
:10B1B000100E0000901A0000401F0000100E00004A
:10B1C000C0120000901A0000401F000094110000FF
:10B1D0007017000054240000302A0000881300007B
:10B1E00070170000F82A0000E02E0000E8030000BD
:10B1F000C4090000EA240000162600000000000038
:10B2000087000000AC260000002D000001000101B5
:10B21000000100000101000101000000B81E05BE90
:10B22000B81E053E295C8F3D295C8FBD295C8F3D92
:10B23000295C8FBDB81E053EB81E05BEB81E053E72
:10B24000B81E05BE295C8FBD295C8F3D295C8F3DF2
:10B25000295C8FBDB81E053EB81E05BE5006000015
:10B2600000FFC40B500600A5000215A950030034CE
:10B270000018098F000000000000B44200003443B1
:10B280000000B4C2020508070A0205080000000019
:10B290006E83F9A22915444ED15727FCC0DD34F541
:10B2A000999562DB4190433CAB6351FE43616E5420
:10B2B00061736B004D6F74696F6E5461736B000046
:10B2C00053656E736F725461736B000064656661E1
:10B2D000756C745461736B00F8B2010800000024AF
:10B2E000C0090000F4060008E0B50108C009002408
:10B2F000B0890000AC2F01080118321042013C90C7
:10B30000D003040137023B371AAA01811AE08213E5
:10B31000600AC224021F080B2CC00930E129720107
:10B3200018272040CDCC4C3D1B803E04223F13FA11
:10B33000436C401C46180C139A9919180928301AA6
:10B3400040181BCC3D1CD9180A13A01869AA49182B
:10B35000210D138FC281C02C0B14A00C443918632B
:10B36000F04223C8436348441B70C2A419102A70DA
:10B370001419200912241AA014A924191E3123C259
:10B3800001234E021ADF04E9100110191B091D11D7
:10B390000114120369F859D4BA3ED46B401CEC096D
:10B3A00011182F40409A99193E041C6666660C18C5
:10B3B0000859C09A9979C0FF0181295C3204690457
:10B3C00001440923D7016B1E9D090108E5041AF504
:10B3D000041E210A010861041A690C1AAD04411304
:10B3E0001201140202021640830440571D0201029A
:10B3F00003C114050F0C1C01071017210F1D0403B6
:10B4000009041A03F4120E1408FD0D1B08AF041AE8
:10B41000410C1A7D0432AB130A0629431A4053111A
:10B4200012611D01085DFE184A02781331FF1408ED
:10B4300055FD1B081314C11AD5181A91041A1D3092
:10B440001A81081C09024397111DC0320904691AA8
:10B45000020B130524161001052401180901042408
:10B460000202052406AC15058203081C100904CD50
:10B47000320A2E0705010240072A81071C8101823A
:10B480003B31200D666626409A99193E3333333F8F
:10B490004B204104E17DCDCC4C3DD8517009803F1B
:10B4A000CDCCCC3EB80B0412803B450311E1440BDC
:10B4B00011401C2801142F204152499D3904597C08
:10B4C00019B329986B48424A218CA041DC9C191081
:10B4D0001AC0C01A40084B4041A42BA040A4192018
:10B4E000263E0AD7A33C2AF0D81A411479CC013C55
:10B4F0001AFF01E11AF09C2904298C237A431AC807
:10B500000C29B02B4842844D5C8F423EC42BA04195
:10B51000902A64294A1F4809104C013263E003490C
:10B52000FC016A1808CDCCA44066660AD81B803F8F
:10B53000DC3B42E8882BA04004298C2360EA3BDCFA
:10B5400005142A41086BD606104B4842082B2041AF
:10B55000341AF42D23D00723B00429103A2CC9AB98
:10B5600048C24C292419302AC238493CA192C84308
:10B57000F0C123B80B4B740E284BAC0D54499C1AE8
:10B5800020AC1A20242BA0C16C1A142029084BC40B
:10B59000090849481AA024015239BF514F4040CDF3
:10B5A000CC4C3E686BC03F1C19141A3F045A3D1C1A
:10B5B00019F8112A41141C9A99191069BC0A1F70B4
:10B5C0009C3AE0E80938A01AFF01016CC9B0738009
:10B5D0003F5A400739082388132330756360EA0017
:04000005080002CD20
:00000001FF
